Starting kit application with the following args:  ['/home/accelerator/miniforge3/envs/env_isaaclab/lib/python3.11/site-packages/isaacsim/exts/isaacsim.simulation_app/isaacsim/simulation_app/simulation_app.py', '/home/accelerator/miniforge3/envs/env_isaaclab/lib/python3.11/site-packages/isaacsim/apps/isaacsim.exp.base.python.kit', '--/app/tokens/exe-path=/home/accelerator/miniforge3/envs/env_isaaclab/lib/python3.11/site-packages/isaacsim/kit', '--/persistent/app/viewport/displayOptions=3094', '--/rtx/materialDb/syncLoads=True', '--/rtx/hydra/materialSyncLoads=True', '--/omni.kit.plugin/syncUsdLoads=True', '--/app/renderer/resolution/width=1280', '--/app/renderer/resolution/height=720', '--/app/window/width=1440', '--/app/window/height=900', '--/renderer/multiGpu/enabled=True', '--/app/fastShutdown=True', '--/app/installSignalHandlers=0', '--ext-folder', '/home/accelerator/miniforge3/envs/env_isaaclab/lib/python3.11/site-packages/isaacsim/exts', '--ext-folder', '/home/accelerator/miniforge3/envs/env_isaaclab/lib/python3.11/site-packages/isaacsim/apps', '--/physics/cudaDevice=0', '--/plugins/carb.tasking.plugin/threadCount=32', '--/plugins/omni.tbb.globalcontrol/maxThreadCount=32', '--portable', '--no-window', '--/app/window/hideUi=1']
Passing the following args to the base kit application:  ['--session', '20200709_143211', '--object', 'ycb_dex_05', '--traj', 'partner_trial_data/mustard_bottle_ycb_dex_05/trajectory.hdf5', '--camera-eye', '1.5', '1.5', '1.5', '--camera-target', '0.0', '0.4', '0.85', '--drive', 'pd', '--grasp-lift', '--grasp-collision', '--headless', '--video', 'tem_replay_video_and_frames/mustard_bottle_ycb_dex_05/iso/frames', '--video-every', '2']
[Info] [carb] Logging to file: /home/accelerator/miniforge3/envs/env_isaaclab/lib/python3.11/site-packages/isaacsim/kit/logs/Kit/Isaac-Sim Python/5.1/kit_20260523_154356.log
[0.023s] [ext: omni.kit.async_engine-0.0.3] startup
[0.067s] [ext: omni.metrics.core-0.0.3] startup
[0.067s] [ext: omni.client.lib-1.1.0] startup
[0.074s] [ext: omni.blobkey-1.1.2] startup
[0.075s] [ext: omni.stats-1.0.1] startup
[0.075s] [ext: omni.datastore-0.0.0] startup
[0.078s] [ext: omni.client-1.3.0] startup
[0.080s] [ext: omni.ujitso.default-1.0.0] startup
[0.081s] [ext: omni.hsscclient-1.1.2] startup
[0.083s] [ext: omni.gpu_foundation.shadercache.vulkan-1.0.0] startup
[0.085s] [ext: omni.assets.plugins-0.0.0] startup
[0.086s] [ext: omni.gpu_foundation-0.0.0] startup
[0.090s] [ext: carb.windowing.plugins-1.0.0] startup
2026-05-23T22:43:56Z [81ms] [Warning] [carb.windowing-glfw.plugin] GLFW initialization failed.
2026-05-23T22:43:56Z [81ms] [Warning] [carb] Failed to startup plugin carb.windowing-glfw.plugin (interfaces: [carb::windowing::IGLContext v1.0],[carb::windowing::IWindowing v1.5]) (impl: carb.windowing-glfw.plugin)
[0.090s] [ext: omni.kit.renderer.init-0.0.0] startup
2026-05-23T22:43:56Z [89ms] [Warning] [omni.platforminfo.plugin] failed to open the default display.  Can't verify X Server version.
2026-05-23T22:43:57Z [268ms] [Warning] [gpu.foundation.plugin] Skipping unsupported non-NVIDIA GPU: AMD Radeon Graphics (RADV RAPHAEL_MENDOCINO)
2026-05-23T22:43:57Z [268ms] [Warning] [gpu.foundation.plugin] Skipping unsupported non-NVIDIA GPU: AMD Radeon Graphics (RADV RAPHAEL_MENDOCINO)

|---------------------------------------------------------------------------------------------|
| Driver Version: 580.142       | Graphics API: Vulkan
|=============================================================================================|
| GPU | Name                             | Active | LDA | GPU Memory | Vendor-ID | LUID       |
|     |                                  |        |     |            | Device-ID | UUID       |
|     |                                  |        |     |            | Bus-ID    |            |
|---------------------------------------------------------------------------------------------|
| 0   | NVIDIA GeForce RTX 5090          | Yes: 0 |     | 32607   MB | 10de      | 0          |
|     |                                  |        |     |            | 2b85      | d45e10ae.. |
|     |                                  |        |     |            | 1         |            |
|---------------------------------------------------------------------------------------------|
| 1   | AMD Radeon Graphics (RADV RAPH.. |        |     | 21974   MB | 1002      | 0          |
|     |                                  |        |     |            | 13c0      | 00000000.. |
|     |                                  |        |     |            | 78        |            |
|=============================================================================================|
| OS: 24.04.3 LTS (Noble Numbat) ubuntu, Version: 24.04.3, Kernel: 6.17.0-23-generic
| Processor: AMD Ryzen 9 9950X 16-Core Processor
| Cores: 16 | Logical Cores: 32
|---------------------------------------------------------------------------------------------|
| Total Memory (MB): 61826 | Free Memory: 51922
| Total Page/Swap (MB): 8191 | Free Page/Swap: 7570
|---------------------------------------------------------------------------------------------|
2026-05-23T22:43:57Z [464ms] [Warning] [gpu.foundation.plugin] CPU performance profile is set to powersave. This profile sets the CPU to the lowest frequency reducing performance.
2026-05-23T22:43:57Z [472ms] [Warning] [gpu.foundation.plugin] IOMMU is enabled.
2026-05-23T22:43:57Z [472ms] [Warning] [gpu.foundation.plugin] Detected IOMMU is enabled. Running CUDA peer-to-peer bandwidth and latency validation.
Unidirectional P2P=Enabled Bandwidth (P2P Writes) Matrix (GB/s)
   D\D     0 
     0 1525.93 
P2P=Enabled Latency (P2P Writes) Matrix (us)
   GPU     0 
     0   2.07 

   CPU     0 
     0   1.65 
[0.561s] [ext: omni.materialx.libs-1.0.7] startup
[0.565s] [ext: omni.kit.telemetry-0.5.2] startup
[0.579s] [ext: omni.usd.config-1.0.6] startup
[0.581s] [ext: omni.gpucompute.plugins-0.0.0] startup
[0.582s] [ext: omni.usd.libs-1.0.1] startup
[0.628s] [ext: omni.kit.loop-isaac-1.3.7] startup
[0.629s] [ext: omni.kit.test-2.0.1] startup
[0.658s] [ext: omni.mdl-56.0.3] startup
[0.707s] [ext: omni.iray.libs-0.0.0] startup
[0.711s] [ext: omni.mdl.neuraylib-0.2.12] startup
[0.713s] [ext: omni.kit.usd.mdl-1.1.5] startup
[0.769s] [ext: omni.kit.pipapi-0.0.0] startup
[0.769s] [ext: omni.appwindow-1.1.10] startup
2026-05-23T22:43:57Z [761ms] [Warning] [carb.windowing-glfw.plugin] GLFW initialization failed.
2026-05-23T22:43:57Z [761ms] [Warning] [carb] Failed to startup plugin carb.windowing-glfw.plugin (interfaces: [carb::windowing::IGLContext v1.0],[carb::windowing::IWindowing v1.5]) (impl: carb.windowing-glfw.plugin)
[0.771s] [ext: omni.kit.renderer.core-1.1.0] startup
2026-05-23T22:43:57Z [771ms] [Warning] [carb.windowing-glfw.plugin] GLFW initialization failed.
2026-05-23T22:43:57Z [771ms] [Warning] [carb] Failed to startup plugin carb.windowing-glfw.plugin (interfaces: [carb::windowing::IGLContext v1.0],[carb::windowing::IWindowing v1.5]) (impl: carb.windowing-glfw.plugin)
2026-05-23T22:43:57Z [775ms] [Warning] [carb.windowing-glfw.plugin] GLFW initialization failed.
2026-05-23T22:43:57Z [775ms] [Warning] [carb] Failed to startup plugin carb.windowing-glfw.plugin (interfaces: [carb::windowing::IGLContext v1.0],[carb::windowing::IWindowing v1.5]) (impl: carb.windowing-glfw.plugin)
[0.785s] [ext: omni.kit.renderer.capture-0.0.0] startup
[0.786s] [ext: omni.kit.renderer.imgui-2.0.5] startup
2026-05-23T22:43:57Z [779ms] [Warning] [carb.windowing-glfw.plugin] GLFW initialization failed.
2026-05-23T22:43:57Z [779ms] [Warning] [carb] Failed to startup plugin carb.windowing-glfw.plugin (interfaces: [carb::windowing::IGLContext v1.0],[carb::windowing::IWindowing v1.5]) (impl: carb.windowing-glfw.plugin)
2026-05-23T22:43:57Z [779ms] [Warning] [carb.windowing-glfw.plugin] GLFW initialization failed.
2026-05-23T22:43:57Z [779ms] [Warning] [carb] Failed to startup plugin carb.windowing-glfw.plugin (interfaces: [carb::windowing::IGLContext v1.0],[carb::windowing::IWindowing v1.5]) (impl: carb.windowing-glfw.plugin)
2026-05-23T22:43:57Z [780ms] [Warning] [carb.windowing-glfw.plugin] GLFW initialization failed.
2026-05-23T22:43:57Z [780ms] [Warning] [carb] Failed to startup plugin carb.windowing-glfw.plugin (interfaces: [carb::windowing::IGLContext v1.0],[carb::windowing::IWindowing v1.5]) (impl: carb.windowing-glfw.plugin)
[0.815s] [ext: omni.ui-2.27.1] startup
[0.820s] [ext: omni.kit.mainwindow-1.0.3] startup
[0.821s] [ext: carb.audio-0.1.0] startup
[0.823s] [ext: omni.uiaudio-1.0.0] startup
[0.823s] [ext: omni.kit.uiapp-0.0.0] startup
[0.823s] [ext: omni.usd.schema.metrics.assembler-107.3.1] startup
[0.824s] [ext: omni.usd.schema.physx-107.3.26] startup
[0.841s] [ext: omni.usd.schema.geospatial-0.0.0] startup
[0.842s] [ext: omni.usd.schema.audio-0.0.0] startup
[0.843s] [ext: omni.usd.schema.anim-0.0.0] startup
[0.853s] [ext: omni.usd.schema.flow-107.1.1] startup
[0.853s] [ext: omni.usd_resolver-1.0.0] startup
[0.855s] [ext: omni.usd.core-1.5.3] startup
[0.856s] [ext: omni.usd.schema.omni_sensors-0.0.0] startup
[0.864s] [ext: omni.usd.schema.semantics-0.0.0] startup
[0.865s] [ext: omni.usd.schema.omniscripting-1.0.0] startup
[0.867s] [ext: omni.usd.schema.omni_lens_distortion-0.0.0] startup
[0.867s] [ext: omni.usd.schema.omnigraph-1.0.0] startup
[0.870s] [ext: omni.kit.window.popup_dialog-2.0.24] startup
[0.872s] [ext: omni.graph.exec-0.9.6] startup
[0.872s] [ext: omni.kit.widget.nucleus_connector-2.0.1] startup
[0.873s] [ext: omni.kit.usd_undo-0.1.8] startup
[0.873s] [ext: omni.kit.exec.core-0.13.4] startup
[0.874s] [ext: omni.kit.actions.core-1.0.0] startup
[0.875s] [ext: omni.resourcemonitor-107.0.1] startup
[0.876s] [ext: omni.activity.core-1.0.3] startup
[0.877s] [ext: omni.timeline-1.0.14] startup
[0.878s] [ext: omni.kit.commands-1.4.10] startup
[0.880s] [ext: usdrt.scenegraph-7.6.1] startup
[0.897s] [ext: omni.kit.audiodeviceenum-1.0.2] startup
[0.898s] [ext: omni.hydra.usdrt_delegate-7.5.1] startup
[0.901s] [ext: omni.hydra.scene_delegate-0.3.4] startup
[0.903s] [ext: omni.usd-1.13.10] startup
[0.916s] [ext: omni.inspect-1.0.2] startup
[0.917s] [ext: omni.kit.notification_manager-1.0.10] startup
[0.918s] [ext: omni.graph.core-2.184.5] startup
[0.919s] [ext: isaacsim.core.deprecation_manager-0.2.7] startup
[0.919s] [ext: omni.anim.graph.schema-107.3.3] startup
[0.923s] [ext: omni.usd.schema.isaac-3.0.5] startup
[0.923s] [ext: omni.anim.navigation.schema-107.3.3] startup
[0.924s] [ext: omni.kit.asset_converter-5.0.17] startup
[0.930s] [ext: isaacsim.robot.schema-3.6.0] startup
[0.934s] [ext: omni.usd.schema.render_settings.rtx-0.0.0] startup
[0.935s] [ext: omni.kit.menu.core-1.1.2] startup
[0.935s] [ext: omni.kit.widget.path_field-2.0.11] startup
[0.935s] [ext: omni.kit.widget.context_menu-1.2.5] startup
[0.936s] [ext: omni.kit.widget.browser_bar-2.0.10] startup
[0.936s] [ext: omni.kit.clipboard-1.0.5] startup
[0.936s] [ext: omni.kit.numpy.common-0.1.3] startup
[0.937s] [ext: omni.kit.widget.options_menu-1.1.6] startup
[0.938s] [ext: omni.kit.helper.file_utils-0.1.9] startup
[0.939s] [ext: omni.ui.scene-1.11.5] startup
[0.941s] [ext: omni.kit.widget.options_button-1.0.3] startup
[0.941s] [ext: omni.kit.widget.filebrowser-2.12.3] startup
[0.944s] [ext: omni.kit.usd.layers-2.2.11] startup
[0.947s] [ext: omni.kit.window.filepicker-2.13.4] startup
[0.953s] [ext: omni.kit.hotkeys.core-1.3.10] startup
[0.955s] [ext: omni.kit.context_menu-1.8.6] startup
[0.956s] [ext: omni.kit.property.adapter.core-1.0.2] startup
[0.957s] [ext: omni.kit.window.file_exporter-1.0.33] startup
[0.958s] [ext: omni.kit.widget.searchfield-1.1.8] startup
[0.958s] [ext: omni.kit.widget.filter-1.1.4] startup
[0.959s] [ext: omni.kit.widget.graph-2.0.0] startup
[0.961s] [ext: omni.kit.widget.stage-3.1.4] startup
[0.966s] [ext: omni.kit.property.adapter.usd-1.0.2] startup
[0.966s] [ext: omni.kit.property.adapter.fabric-1.0.3] startup
[0.967s] [ext: omni.kit.graph.delegate.default-1.2.3] startup
[0.967s] [ext: omni.kit.window.file_importer-1.1.18] startup
[0.967s] [ext: omni.kit.stage_template.core-1.1.22] startup
[0.967s] [ext: omni.kit.menu.utils-2.0.5] startup
[0.970s] [ext: omni.kit.window.file-2.0.5] startup
[0.971s] [ext: omni.kit.widget.highlight_label-1.0.3] startup
[0.971s] [ext: omni.kit.window.drop_support-1.0.5] startup
[0.971s] [ext: omni.kit.window.content_browser_registry-0.0.6] startup
[0.971s] [ext: omni.kit.window.property-1.12.1] startup
[0.973s] [ext: omni.kit.window.content_browser-3.1.3] startup
[0.978s] [ext: isaacsim.core.version-2.0.6] startup
[0.978s] [ext: omni.kit.property.usd-4.5.12] startup
[0.982s] [ext: omni.kit.graph.editor.core-1.5.3] startup
[0.983s] [ext: omni.kit.material.library-2.0.7] startup
[0.985s] [ext: omni.kit.graph.usd.commands-1.3.1] startup
[0.986s] [ext: omni.kvdb-107.3.26] startup
[0.987s] [ext: omni.usdphysics-107.3.26] startup
[0.988s] [ext: omni.physx.foundation-107.3.26] startup
[0.988s] [ext: omni.localcache-107.3.26] startup
[0.989s] [ext: omni.convexdecomposition-107.3.26] startup
[0.990s] [ext: omni.physics-107.3.26] startup
[0.992s] [ext: omni.physx.cooking-107.3.26] startup
[0.993s] [ext: omni.physics.stageupdate-107.3.26] startup
[0.994s] [ext: omni.physx-107.3.26] startup
[0.999s] [ext: omni.index.libs-380600.8087.0] startup
[0.999s] [ext: omni.physics.physx-107.3.26] startup
2026-05-23T22:43:57Z [991ms] [Warning] [carb] Acquiring non optional plugin interface which is not listed as dependency: [omni::physx::IPhysxBenchmarks v1.0] (plugin: <default plugin>), by client: omni.physics.physx.plugin. Add it to CARB_PLUGIN_IMPL_DEPS() macro of a client.
[1.000s] [ext: omni.index-1.0.1] startup
[1.000s] [ext: omni.volume-0.5.2] startup
[1.001s] [ext: omni.ujitso.client-0.0.0] startup
[1.002s] [ext: omni.hydra.rtx.shadercache.vulkan-1.0.0] startup
[1.002s] [ext: omni.kit.widget.searchable_combobox-1.0.6] startup
[1.003s] [ext: omni.hydra.rtx-1.0.0] startup
2026-05-23T22:43:57Z [1,003ms] [Warning] [omni.log] Source: omni.hydra was already registered.
[1.019s] [ext: omni.kit.widget.settings-1.2.6] startup
[1.020s] [ext: omni.kit.hydra_texture-1.4.6] startup
[1.022s] [ext: omni.graph.tools-1.79.2] startup
[1.033s] [ext: omni.kit.window.preferences-1.8.0] startup
[1.035s] [ext: omni.kit.widget.material_preview-1.0.16] startup
[1.036s] [ext: omni.graph-1.141.2] startup
[1.055s] [ext: omni.kit.window.material_graph-1.9.1] startup
[1.059s] [ext: omni.isaac.dynamic_control-2.0.7] startup
2026-05-23T22:43:57Z [1,052ms] [Warning] [omni.isaac.dynamic_control] omni.isaac.dynamic_control is deprecated as of Isaac Sim 4.5. No action is needed from end-users.
[1.062s] [ext: isaacsim.storage.native-1.5.1] startup
[1.063s] [ext: omni.graph.scriptnode-1.50.0] startup
[1.064s] [ext: omni.hydra.engine.stats-1.0.3] startup
[1.067s] [ext: omni.kit.viewport.legacy_gizmos-1.0.19] startup
[1.068s] [ext: omni.kit.raycast.query-1.1.0] startup
[1.071s] [ext: omni.graph.action_core-1.1.7] startup
[1.072s] [ext: omni.kit.viewport.scene_camera_model-1.0.6] startup
[1.075s] [ext: omni.graph.image.core-0.6.1] startup
[1.075s] [ext: omni.kit.widget.viewport-107.1.3] startup
[1.080s] [ext: omni.kit.viewport.registry-104.0.6] startup
[1.080s] [ext: omni.usd.metrics.assembler-107.3.1] startup
[1.082s] [ext: omni.kit.viewport.window-107.2.0] startup
[1.092s] [ext: omni.kit.viewport.menubar.core-107.2.1] startup
[1.098s] [ext: omni.graph.image.nodes-1.3.1] startup
[1.098s] [ext: omni.usd.metrics.assembler.physics-107.3.26] startup
[1.100s] [ext: omni.warp.core-1.8.2] startup
[1.191s] [ext: omni.kit.viewport.utility-1.1.2] startup
[1.192s] [ext: omni.physics.tensors-107.3.26] startup
[1.195s] [ext: omni.syntheticdata-0.6.13] startup
[1.208s] [ext: isaacsim.test.docstring-1.1.0] startup
[1.211s] [ext: isaacsim.core.utils-3.5.1] startup
[1.214s] [ext: omni.physx.tensors-107.3.26] startup
[1.218s] [ext: omni.graph.nodes-1.170.10] startup
[1.224s] [ext: omni.graph.action_nodes-1.50.4] startup
[1.226s] [ext: omni.kit.primitive.mesh-1.0.17] startup
[1.229s] [ext: isaacsim.core.simulation_manager-1.4.4] startup
[1.915s] [ext: omni.graph.ui_nodes-1.50.5] startup
2026-05-23T22:43:58Z [1,906ms] [Error] [carb] Failed to create change watch for `/home/accelerator/miniforge3/envs/env_isaaclab/lib/python3.11/site-packages/isaacsim/exts/isaacsim.core.simulation_manager/isaacsim/core/simulation_manager/impl`: errno=28/No space left on device
2026-05-23T22:43:58Z [1,906ms] [Error] [carb] Failed to create change watch for `/home/accelerator/miniforge3/envs/env_isaaclab/lib/python3.11/site-packages/isaacsim/exts/isaacsim.core.simulation_manager/isaacsim/core/simulation_manager/tests`: errno=28/No space left on device
2026-05-23T22:43:58Z [1,909ms] [Error] [carb] Failed to create change watch for `/home/accelerator/miniforge3/envs/env_isaaclab/lib/python3.11/site-packages/isaacsim/extscache/omni.graph.ui_nodes-1.50.5+107.3.0.lx64.r.cp311.u353`: errno=28/No space left on device
2026-05-23T22:43:58Z [1,909ms] [Error] [carb] Failed to create change watch for `/home/accelerator/miniforge3/envs/env_isaaclab/lib/python3.11/site-packages/isaacsim/extscache/omni.graph.ui_nodes-1.50.5+107.3.0.lx64.r.cp311.u353/config`: errno=28/No space left on device
2026-05-23T22:43:58Z [1,909ms] [Error] [carb] Failed to create change watch for `/home/accelerator/miniforge3/envs/env_isaaclab/lib/python3.11/site-packages/isaacsim/extscache/omni.graph.ui_nodes-1.50.5+107.3.0.lx64.r.cp311.u353/omni`: errno=28/No space left on device
2026-05-23T22:43:58Z [1,909ms] [Error] [carb] Failed to create change watch for `/home/accelerator/miniforge3/envs/env_isaaclab/lib/python3.11/site-packages/isaacsim/extscache/omni.graph.ui_nodes-1.50.5+107.3.0.lx64.r.cp311.u353/omni/graph`: errno=28/No space left on device
[1.918s] [ext: omni.graph.action-1.130.0] startup
2026-05-23T22:43:58Z [1,909ms] [Error] [carb] Failed to create change watch for `/home/accelerator/miniforge3/envs/env_isaaclab/lib/python3.11/site-packages/isaacsim/extscache/omni.graph.ui_nodes-1.50.5+107.3.0.lx64.r.cp311.u353/omni/graph/ui_nodes`: errno=28/No space left on device
2026-05-23T22:43:58Z [1,909ms] [Error] [carb] Failed to create change watch for `/home/accelerator/miniforge3/envs/env_isaaclab/lib/python3.11/site-packages/isaacsim/extscache/omni.graph.ui_nodes-1.50.5+107.3.0.lx64.r.cp311.u353/omni/graph/ui_nodes/bindings`: errno=28/No space left on device
2026-05-23T22:43:58Z [1,909ms] [Error] [carb] Failed to create change watch for `/home/accelerator/miniforge3/envs/env_isaaclab/lib/python3.11/site-packages/isaacsim/extscache/omni.graph.ui_nodes-1.50.5+107.3.0.lx64.r.cp311.u353/omni/graph/ui_nodes/scripts`: errno=28/No space left on device
2026-05-23T22:43:58Z [1,909ms] [Error] [carb] Failed to create change watch for `/home/accelerator/miniforge3/envs/env_isaaclab/lib/python3.11/site-packages/isaacsim/extscache/omni.graph.ui_nodes-1.50.5+107.3.0.lx64.r.cp311.u353/omni/graph/ui_nodes/_impl`: errno=28/No space left on device
2026-05-23T22:43:58Z [1,909ms] [Error] [carb] Failed to create change watch for `/home/accelerator/miniforge3/envs/env_isaaclab/lib/python3.11/site-packages/isaacsim/extscache/omni.graph.ui_nodes-1.50.5+107.3.0.lx64.r.cp311.u353/omni/graph/ui_nodes/_impl/templates`: errno=28/No space left on device
2026-05-23T22:43:58Z [1,909ms] [Error] [carb] Failed to create change watch for `/home/accelerator/miniforge3/envs/env_isaaclab/lib/python3.11/site-packages/isaacsim/extscache/omni.graph.ui_nodes-1.50.5+107.3.0.lx64.r.cp311.u353/omni/graph/ui_nodes/ogn`: errno=28/No space left on device
2026-05-23T22:43:58Z [1,909ms] [Error] [carb] Failed to create change watch for `/home/accelerator/miniforge3/envs/env_isaaclab/lib/python3.11/site-packages/isaacsim/extscache/omni.graph.ui_nodes-1.50.5+107.3.0.lx64.r.cp311.u353/omni/graph/ui_nodes/ogn/nodes`: errno=28/No space left on device
2026-05-23T22:43:58Z [1,909ms] [Error] [carb] Failed to create change watch for `/home/accelerator/miniforge3/envs/env_isaaclab/lib/python3.11/site-packages/isaacsim/extscache/omni.graph.ui_nodes-1.50.5+107.3.0.lx64.r.cp311.u353/omni/graph/ui_nodes/ogn/tests`: errno=28/No space left on device
2026-05-23T22:43:58Z [1,909ms] [Error] [carb] Failed to create change watch for `/home/accelerator/miniforge3/envs/env_isaaclab/lib/python3.11/site-packages/isaacsim/extscache/omni.graph.ui_nodes-1.50.5+107.3.0.lx64.r.cp311.u353/omni/graph/ui_nodes/ogn/tests/usd`: errno=28/No space left on device
2026-05-23T22:43:58Z [1,909ms] [Error] [carb] Failed to create change watch for `/home/accelerator/miniforge3/envs/env_isaaclab/lib/python3.11/site-packages/isaacsim/extscache/omni.graph.ui_nodes-1.50.5+107.3.0.lx64.r.cp311.u353/omni/graph/ui_nodes/tests`: errno=28/No space left on device
2026-05-23T22:43:58Z [1,909ms] [Error] [carb] Failed to create change watch for `/home/accelerator/miniforge3/envs/env_isaaclab/lib/python3.11/site-packages/isaacsim/extscache/omni.graph.ui_nodes-1.50.5+107.3.0.lx64.r.cp311.u353/omni/graph/ui_nodes/tests/data`: errno=28/No space left on device
2026-05-23T22:43:58Z [1,909ms] [Error] [carb] Failed to create change watch for `/home/accelerator/miniforge3/envs/env_isaaclab/lib/python3.11/site-packages/isaacsim/extscache/omni.graph.ui_nodes-1.50.5+107.3.0.lx64.r.cp311.u353/omni/graph/ui_nodes/tests/data/golden_images`: errno=28/No space left on device
2026-05-23T22:43:58Z [1,909ms] [Error] [carb] Failed to create change watch for `/home/accelerator/miniforge3/envs/env_isaaclab/lib/python3.11/site-packages/isaacsim/extscache/omni.graph.action-1.130.0+107.3.0`: errno=28/No space left on device
2026-05-23T22:43:58Z [1,909ms] [Error] [carb] Failed to create change watch for `/home/accelerator/miniforge3/envs/env_isaaclab/lib/python3.11/site-packages/isaacsim/extscache/omni.graph.action-1.130.0+107.3.0/config`: errno=28/No space left on device
2026-05-23T22:43:58Z [1,909ms] [Error] [carb] Failed to create change watch for `/home/accelerator/miniforge3/envs/env_isaaclab/lib/python3.11/site-packages/isaacsim/extscache/omni.graph.action-1.130.0+107.3.0/omni`: errno=28/No space left on device
2026-05-23T22:43:58Z [1,909ms] [Error] [carb] Failed to create change watch for `/home/accelerator/miniforge3/envs/env_isaaclab/lib/python3.11/site-packages/isaacsim/extscache/omni.graph.action-1.130.0+107.3.0/omni/graph`: errno=28/No space left on device
[1.918s] [ext: omni.kit.stage_templates-2.0.0] startup
2026-05-23T22:43:58Z [1,909ms] [Error] [carb] Failed to create change watch for `/home/accelerator/miniforge3/envs/env_isaaclab/lib/python3.11/site-packages/isaacsim/extscache/omni.graph.action-1.130.0+107.3.0/omni/graph/action`: errno=28/No space left on device
2026-05-23T22:43:58Z [1,909ms] [Error] [carb] Failed to create change watch for `/home/accelerator/miniforge3/envs/env_isaaclab/lib/python3.11/site-packages/isaacsim/extscache/omni.graph.action-1.130.0+107.3.0/omni/graph/action/tests`: errno=28/No space left on device
2026-05-23T22:43:58Z [1,912ms] [Error] [carb] Failed to create change watch for `/home/accelerator/miniforge3/envs/env_isaaclab/lib/python3.11/site-packages/isaacsim/extscache/omni.kit.stage_templates-2.0.0+69cbf6ad`: errno=28/No space left on device
2026-05-23T22:43:58Z [1,912ms] [Error] [carb] Failed to create change watch for `/home/accelerator/miniforge3/envs/env_isaaclab/lib/python3.11/site-packages/isaacsim/extscache/omni.kit.stage_templates-2.0.0+69cbf6ad/config`: errno=28/No space left on device
2026-05-23T22:43:58Z [1,912ms] [Error] [carb] Failed to create change watch for `/home/accelerator/miniforge3/envs/env_isaaclab/lib/python3.11/site-packages/isaacsim/extscache/omni.kit.stage_templates-2.0.0+69cbf6ad/omni`: errno=28/No space left on device
2026-05-23T22:43:58Z [1,912ms] [Error] [carb] Failed to create change watch for `/home/accelerator/miniforge3/envs/env_isaaclab/lib/python3.11/site-packages/isaacsim/extscache/omni.kit.stage_templates-2.0.0+69cbf6ad/omni/kit`: errno=28/No space left on device
[1.921s] [ext: isaacsim.core.prims-0.6.1] startup
2026-05-23T22:43:58Z [1,912ms] [Error] [carb] Failed to create change watch for `/home/accelerator/miniforge3/envs/env_isaaclab/lib/python3.11/site-packages/isaacsim/extscache/omni.kit.stage_templates-2.0.0+69cbf6ad/omni/kit/stage_templates`: errno=28/No space left on device
2026-05-23T22:43:58Z [1,912ms] [Error] [carb] Failed to create change watch for `/home/accelerator/miniforge3/envs/env_isaaclab/lib/python3.11/site-packages/isaacsim/extscache/omni.kit.stage_templates-2.0.0+69cbf6ad/omni/kit/stage_templates/templates`: errno=28/No space left on device
2026-05-23T22:43:58Z [1,912ms] [Error] [carb] Failed to create change watch for `/home/accelerator/miniforge3/envs/env_isaaclab/lib/python3.11/site-packages/isaacsim/extscache/omni.kit.stage_templates-2.0.0+69cbf6ad/omni/kit/stage_templates/tests`: errno=28/No space left on device
2026-05-23T22:43:58Z [1,928ms] [Error] [carb] Failed to create change watch for `/home/accelerator/miniforge3/envs/env_isaaclab/lib/python3.11/site-packages/isaacsim/exts/isaacsim.core.prims`: errno=28/No space left on device
2026-05-23T22:43:58Z [1,928ms] [Error] [carb] Failed to create change watch for `/home/accelerator/miniforge3/envs/env_isaaclab/lib/python3.11/site-packages/isaacsim/exts/isaacsim.core.prims/config`: errno=28/No space left on device
[1.937s] [ext: omni.warp-1.8.2] startup
2026-05-23T22:43:58Z [1,928ms] [Error] [carb] Failed to create change watch for `/home/accelerator/miniforge3/envs/env_isaaclab/lib/python3.11/site-packages/isaacsim/exts/isaacsim.core.prims/isaacsim`: errno=28/No space left on device
2026-05-23T22:43:58Z [1,928ms] [Error] [carb] Failed to create change watch for `/home/accelerator/miniforge3/envs/env_isaaclab/lib/python3.11/site-packages/isaacsim/exts/isaacsim.core.prims/isaacsim/core`: errno=28/No space left on device
2026-05-23T22:43:58Z [1,928ms] [Error] [carb] Failed to create change watch for `/home/accelerator/miniforge3/envs/env_isaaclab/lib/python3.11/site-packages/isaacsim/exts/isaacsim.core.prims/isaacsim/core/prims`: errno=28/No space left on device
2026-05-23T22:43:58Z [1,928ms] [Error] [carb] Failed to create change watch for `/home/accelerator/miniforge3/envs/env_isaaclab/lib/python3.11/site-packages/isaacsim/exts/isaacsim.core.prims/isaacsim/core/prims/impl`: errno=28/No space left on device
2026-05-23T22:43:58Z [1,928ms] [Error] [carb] Failed to create change watch for `/home/accelerator/miniforge3/envs/env_isaaclab/lib/python3.11/site-packages/isaacsim/exts/isaacsim.core.prims/isaacsim/core/prims/tests`: errno=28/No space left on device
2026-05-23T22:43:58Z [1,934ms] [Error] [carb] Failed to create change watch for `/home/accelerator/miniforge3/envs/env_isaaclab/lib/python3.11/site-packages/isaacsim/extscache/omni.warp-1.8.2`: errno=28/No space left on device
2026-05-23T22:43:58Z [1,934ms] [Error] [carb] Failed to create change watch for `/home/accelerator/miniforge3/envs/env_isaaclab/lib/python3.11/site-packages/isaacsim/extscache/omni.warp-1.8.2/config`: errno=28/No space left on device
2026-05-23T22:43:58Z [1,934ms] [Error] [carb] Failed to create change watch for `/home/accelerator/miniforge3/envs/env_isaaclab/lib/python3.11/site-packages/isaacsim/extscache/omni.warp-1.8.2/omni`: errno=28/No space left on device
2026-05-23T22:43:58Z [1,934ms] [Error] [carb] Failed to create change watch for `/home/accelerator/miniforge3/envs/env_isaaclab/lib/python3.11/site-packages/isaacsim/extscache/omni.warp-1.8.2/omni/warp`: errno=28/No space left on device
[1.943s] [ext: omni.videoencoding-0.1.2] startup
2026-05-23T22:43:58Z [1,934ms] [Error] [carb] Failed to create change watch for `/home/accelerator/miniforge3/envs/env_isaaclab/lib/python3.11/site-packages/isaacsim/extscache/omni.warp-1.8.2/omni/warp/_extension`: errno=28/No space left on device
2026-05-23T22:43:58Z [1,934ms] [Error] [carb] Failed to create change watch for `/home/accelerator/miniforge3/envs/env_isaaclab/lib/python3.11/site-packages/isaacsim/extscache/omni.warp-1.8.2/omni/warp/nodes`: errno=28/No space left on device
2026-05-23T22:43:58Z [1,934ms] [Error] [carb] Failed to create change watch for `/home/accelerator/miniforge3/envs/env_isaaclab/lib/python3.11/site-packages/isaacsim/extscache/omni.warp-1.8.2/omni/warp/nodes/_impl`: errno=28/No space left on device
2026-05-23T22:43:58Z [1,934ms] [Error] [carb] Failed to create change watch for `/home/accelerator/miniforge3/envs/env_isaaclab/lib/python3.11/site-packages/isaacsim/extscache/omni.warp-1.8.2/omni/warp/nodes/_impl/kernels`: errno=28/No space left on device
2026-05-23T22:43:58Z [1,934ms] [Error] [carb] Failed to create change watch for `/home/accelerator/miniforge3/envs/env_isaaclab/lib/python3.11/site-packages/isaacsim/extscache/omni.warp-1.8.2/omni/warp/nodes/_impl/widgets`: errno=28/No space left on device
2026-05-23T22:43:58Z [1,934ms] [Error] [carb] Failed to create change watch for `/home/accelerator/miniforge3/envs/env_isaaclab/lib/python3.11/site-packages/isaacsim/extscache/omni.warp-1.8.2/omni/warp/nodes/_impl/templates`: errno=28/No space left on device
2026-05-23T22:43:58Z [1,934ms] [Error] [carb] Failed to create change watch for `/home/accelerator/miniforge3/envs/env_isaaclab/lib/python3.11/site-packages/isaacsim/extscache/omni.warp-1.8.2/omni/warp/nodes/_impl/props`: errno=28/No space left on device
2026-05-23T22:43:58Z [1,934ms] [Error] [carb] Failed to create change watch for `/home/accelerator/miniforge3/envs/env_isaaclab/lib/python3.11/site-packages/isaacsim/extscache/omni.warp-1.8.2/omni/warp/nodes/tests`: errno=28/No space left on device
2026-05-23T22:43:58Z [1,934ms] [Error] [carb] Failed to create change watch for `/home/accelerator/miniforge3/envs/env_isaaclab/lib/python3.11/site-packages/isaacsim/extscache/omni.warp-1.8.2/omni/warp/nodes/tests/data`: errno=28/No space left on device
2026-05-23T22:43:58Z [1,937ms] [Error] [carb] Failed to create change watch for `/home/accelerator/miniforge3/envs/env_isaaclab/lib/python3.11/site-packages/isaacsim/extscache/omni.videoencoding-0.1.2+69cbf6ad.lx64.r.cp311`: errno=28/No space left on device
2026-05-23T22:43:58Z [1,937ms] [Error] [carb] Failed to create change watch for `/home/accelerator/miniforge3/envs/env_isaaclab/lib/python3.11/site-packages/isaacsim/extscache/omni.videoencoding-0.1.2+69cbf6ad.lx64.r.cp311/config`: errno=28/No space left on device
2026-05-23T22:43:58Z [1,937ms] [Error] [carb] Failed to create change watch for `/home/accelerator/miniforge3/envs/env_isaaclab/lib/python3.11/site-packages/isaacsim/extscache/omni.videoencoding-0.1.2+69cbf6ad.lx64.r.cp311/video_encoding`: errno=28/No space left on device
2026-05-23T22:43:58Z [1,937ms] [Error] [carb] Failed to create change watch for `/home/accelerator/miniforge3/envs/env_isaaclab/lib/python3.11/site-packages/isaacsim/extscache/omni.videoencoding-0.1.2+69cbf6ad.lx64.r.cp311/video_encoding/impl`: errno=28/No space left on device
2026-05-23T22:43:58Z [1,937ms] [Error] [carb] Failed to create change watch for `/home/accelerator/miniforge3/envs/env_isaaclab/lib/python3.11/site-packages/isaacsim/extscache/omni.videoencoding-0.1.2+69cbf6ad.lx64.r.cp311/video_encoding/tests`: errno=28/No space left on device
[1.946s] [ext: isaacsim.core.api-4.8.0] startup
2026-05-23T22:43:58Z [1,953ms] [Error] [carb] Failed to create change watch for `/home/accelerator/miniforge3/envs/env_isaaclab/lib/python3.11/site-packages/isaacsim/exts/isaacsim.core.api`: errno=28/No space left on device
2026-05-23T22:43:58Z [1,954ms] [Error] [carb] Failed to create change watch for `/home/accelerator/miniforge3/envs/env_isaaclab/lib/python3.11/site-packages/isaacsim/exts/isaacsim.core.api/config`: errno=28/No space left on device
2026-05-23T22:43:58Z [1,954ms] [Error] [carb] Failed to create change watch for `/home/accelerator/miniforge3/envs/env_isaaclab/lib/python3.11/site-packages/isaacsim/exts/isaacsim.core.api/isaacsim`: errno=28/No space left on device
2026-05-23T22:43:58Z [1,954ms] [Error] [carb] Failed to create change watch for `/home/accelerator/miniforge3/envs/env_isaaclab/lib/python3.11/site-packages/isaacsim/exts/isaacsim.core.api/isaacsim/core`: errno=28/No space left on device
2026-05-23T22:43:58Z [1,954ms] [Error] [carb] Failed to create change watch for `/home/accelerator/miniforge3/envs/env_isaaclab/lib/python3.11/site-packages/isaacsim/exts/isaacsim.core.api/isaacsim/core/api`: errno=28/No space left on device
2026-05-23T22:43:58Z [1,954ms] [Error] [carb] Failed to create change watch for `/home/accelerator/miniforge3/envs/env_isaaclab/lib/python3.11/site-packages/isaacsim/exts/isaacsim.core.api/isaacsim/core/api/tasks`: errno=28/No space left on device
2026-05-23T22:43:58Z [1,954ms] [Error] [carb] Failed to create change watch for `/home/accelerator/miniforge3/envs/env_isaaclab/lib/python3.11/site-packages/isaacsim/exts/isaacsim.core.api/isaacsim/core/api/scenes`: errno=28/No space left on device
2026-05-23T22:43:58Z [1,954ms] [Error] [carb] Failed to create change watch for `/home/accelerator/miniforge3/envs/env_isaaclab/lib/python3.11/site-packages/isaacsim/exts/isaacsim.core.api/isaacsim/core/api/materials`: errno=28/No space left on device
2026-05-23T22:43:58Z [1,954ms] [Error] [carb] Failed to create change watch for `/home/accelerator/miniforge3/envs/env_isaaclab/lib/python3.11/site-packages/isaacsim/exts/isaacsim.core.api/isaacsim/core/api/controllers`: errno=28/No space left on device
2026-05-23T22:43:58Z [1,954ms] [Error] [carb] Failed to create change watch for `/home/accelerator/miniforge3/envs/env_isaaclab/lib/python3.11/site-packages/isaacsim/exts/isaacsim.core.api/isaacsim/core/api/robots`: errno=28/No space left on device
[1.963s] [ext: isaacsim.core.experimental.utils-0.3.0] startup
2026-05-23T22:43:58Z [1,954ms] [Error] [carb] Failed to create change watch for `/home/accelerator/miniforge3/envs/env_isaaclab/lib/python3.11/site-packages/isaacsim/exts/isaacsim.core.api/isaacsim/core/api/articulations`: errno=28/No space left on device
2026-05-23T22:43:58Z [1,954ms] [Error] [carb] Failed to create change watch for `/home/accelerator/miniforge3/envs/env_isaaclab/lib/python3.11/site-packages/isaacsim/exts/isaacsim.core.api/isaacsim/core/api/physics_context`: errno=28/No space left on device
2026-05-23T22:43:58Z [1,954ms] [Error] [carb] Failed to create change watch for `/home/accelerator/miniforge3/envs/env_isaaclab/lib/python3.11/site-packages/isaacsim/exts/isaacsim.core.api/isaacsim/core/api/world`: errno=28/No space left on device
2026-05-23T22:43:58Z [1,954ms] [Error] [carb] Failed to create change watch for `/home/accelerator/miniforge3/envs/env_isaaclab/lib/python3.11/site-packages/isaacsim/exts/isaacsim.core.api/isaacsim/core/api/simulation_context`: errno=28/No space left on device
2026-05-23T22:43:58Z [1,954ms] [Error] [carb] Failed to create change watch for `/home/accelerator/miniforge3/envs/env_isaaclab/lib/python3.11/site-packages/isaacsim/exts/isaacsim.core.api/isaacsim/core/api/loggers`: errno=28/No space left on device
2026-05-23T22:43:58Z [1,954ms] [Error] [carb] Failed to create change watch for `/home/accelerator/miniforge3/envs/env_isaaclab/lib/python3.11/site-packages/isaacsim/exts/isaacsim.core.api/isaacsim/core/api/objects`: errno=28/No space left on device
2026-05-23T22:43:58Z [1,954ms] [Error] [carb] Failed to create change watch for `/home/accelerator/miniforge3/envs/env_isaaclab/lib/python3.11/site-packages/isaacsim/exts/isaacsim.core.api/isaacsim/core/api/sensors`: errno=28/No space left on device
2026-05-23T22:43:58Z [1,954ms] [Error] [carb] Failed to create change watch for `/home/accelerator/miniforge3/envs/env_isaaclab/lib/python3.11/site-packages/isaacsim/exts/isaacsim.core.api/isaacsim/core/api/tests`: errno=28/No space left on device
2026-05-23T22:43:58Z [1,954ms] [Error] [carb] Failed to create change watch for `/home/accelerator/miniforge3/envs/env_isaaclab/lib/python3.11/site-packages/isaacsim/exts/isaacsim.core.api/isaacsim/core/api/tests/data`: errno=28/No space left on device
2026-05-23T22:43:58Z [1,964ms] [Error] [carb] Failed to create change watch for `/home/accelerator/miniforge3/envs/env_isaaclab/lib/python3.11/site-packages/isaacsim/exts/isaacsim.core.experimental.utils`: errno=28/No space left on device
2026-05-23T22:43:58Z [1,964ms] [Error] [carb] Failed to create change watch for `/home/accelerator/miniforge3/envs/env_isaaclab/lib/python3.11/site-packages/isaacsim/exts/isaacsim.core.experimental.utils/config`: errno=28/No space left on device
2026-05-23T22:43:58Z [1,964ms] [Error] [carb] Failed to create change watch for `/home/accelerator/miniforge3/envs/env_isaaclab/lib/python3.11/site-packages/isaacsim/exts/isaacsim.core.experimental.utils/isaacsim`: errno=28/No space left on device
2026-05-23T22:43:58Z [1,964ms] [Error] [carb] Failed to create change watch for `/home/accelerator/miniforge3/envs/env_isaaclab/lib/python3.11/site-packages/isaacsim/exts/isaacsim.core.experimental.utils/isaacsim/core`: errno=28/No space left on device
2026-05-23T22:43:58Z [1,964ms] [Error] [carb] Failed to create change watch for `/home/accelerator/miniforge3/envs/env_isaaclab/lib/python3.11/site-packages/isaacsim/exts/isaacsim.core.experimental.utils/isaacsim/core/experimental`: errno=28/No space left on device
2026-05-23T22:43:58Z [1,964ms] [Error] [carb] Failed to create change watch for `/home/accelerator/miniforge3/envs/env_isaaclab/lib/python3.11/site-packages/isaacsim/exts/isaacsim.core.experimental.utils/isaacsim/core/experimental/utils`: errno=28/No space left on device
2026-05-23T22:43:58Z [1,964ms] [Error] [carb] Failed to create change watch for `/home/accelerator/miniforge3/envs/env_isaaclab/lib/python3.11/site-packages/isaacsim/exts/isaacsim.core.experimental.utils/isaacsim/core/experimental/utils/impl`: errno=28/No space left on device
2026-05-23T22:43:58Z [1,964ms] [Error] [carb] Failed to create change watch for `/home/accelerator/miniforge3/envs/env_isaaclab/lib/python3.11/site-packages/isaacsim/exts/isaacsim.core.experimental.utils/isaacsim/core/experimental/utils/tests`: errno=28/No space left on device
[1.973s] [ext: omni.replicator.core-1.12.27] startup
2026-05-23T22:43:58Z [1,979ms] [Warning] [pxr.Semantics] pxr.Semantics is deprecated - please use Semantics instead
Warp 1.8.2 initialized:
   CUDA Toolkit 12.8, Driver 13.0
   Devices:
     "cpu"      : "x86_64"
     "cuda:0"   : "NVIDIA GeForce RTX 5090" (31 GiB, sm_120, mempool enabled)
   Kernel cache:
     /home/accelerator/.cache/warp/1.8.2
2026-05-23T22:43:58Z [2,036ms] [Warning] [omni.graph.core.plugin] Found duplicate of category 'Replicator' - was 'Annotators', adding 'Fabric Reader'
2026-05-23T22:43:58Z [2,036ms] [Warning] [omni.graph.core.plugin] Category 'Replicator' not accepted on node type 'omni.replicator.core.FabricReader' in extension 'omni.replicator.core'
2026-05-23T22:43:58Z [2,036ms] [Warning] [omni.replicator.core.scripts.extension] No material configuration file, adding configuration to material settings directly.
2026-05-23T22:43:58Z [2,038ms] [Error] [carb] Failed to create change watch for `/home/accelerator/miniforge3/envs/env_isaaclab/lib/python3.11/site-packages/isaacsim/extscache/omni.replicator.core-1.12.27+107.3.3.lx64.r.cp311`: errno=28/No space left on device
[2.047s] [ext: isaacsim.core.experimental.prims-0.8.1] startup
2026-05-23T22:43:58Z [2,038ms] [Error] [carb] Failed to create change watch for `/home/accelerator/miniforge3/envs/env_isaaclab/lib/python3.11/site-packages/isaacsim/extscache/omni.replicator.core-1.12.27+107.3.3.lx64.r.cp311/config`: errno=28/No space left on device
2026-05-23T22:43:58Z [2,038ms] [Error] [carb] Failed to create change watch for `/home/accelerator/miniforge3/envs/env_isaaclab/lib/python3.11/site-packages/isaacsim/extscache/omni.replicator.core-1.12.27+107.3.3.lx64.r.cp311/omni`: errno=28/No space left on device
2026-05-23T22:43:58Z [2,038ms] [Error] [carb] Failed to create change watch for `/home/accelerator/miniforge3/envs/env_isaaclab/lib/python3.11/site-packages/isaacsim/extscache/omni.replicator.core-1.12.27+107.3.3.lx64.r.cp311/omni/replicator`: errno=28/No space left on device
2026-05-23T22:43:58Z [2,038ms] [Error] [carb] Failed to create change watch for `/home/accelerator/miniforge3/envs/env_isaaclab/lib/python3.11/site-packages/isaacsim/extscache/omni.replicator.core-1.12.27+107.3.3.lx64.r.cp311/omni/replicator/core`: errno=28/No space left on device
2026-05-23T22:43:58Z [2,038ms] [Error] [carb] Failed to create change watch for `/home/accelerator/miniforge3/envs/env_isaaclab/lib/python3.11/site-packages/isaacsim/extscache/omni.replicator.core-1.12.27+107.3.3.lx64.r.cp311/omni/replicator/core/bindings`: errno=28/No space left on device
2026-05-23T22:43:58Z [2,038ms] [Error] [carb] Failed to create change watch for `/home/accelerator/miniforge3/envs/env_isaaclab/lib/python3.11/site-packages/isaacsim/extscache/omni.replicator.core-1.12.27+107.3.3.lx64.r.cp311/omni/replicator/core/scripts`: errno=28/No space left on device
2026-05-23T22:43:58Z [2,038ms] [Error] [carb] Failed to create change watch for `/home/accelerator/miniforge3/envs/env_isaaclab/lib/python3.11/site-packages/isaacsim/extscache/omni.replicator.core-1.12.27+107.3.3.lx64.r.cp311/omni/replicator/core/scripts/functional`: errno=28/No space left on device
2026-05-23T22:43:58Z [2,038ms] [Error] [carb] Failed to create change watch for `/home/accelerator/miniforge3/envs/env_isaaclab/lib/python3.11/site-packages/isaacsim/extscache/omni.replicator.core-1.12.27+107.3.3.lx64.r.cp311/omni/replicator/core/scripts/backends`: errno=28/No space left on device
2026-05-23T22:43:58Z [2,038ms] [Error] [carb] Failed to create change watch for `/home/accelerator/miniforge3/envs/env_isaaclab/lib/python3.11/site-packages/isaacsim/extscache/omni.replicator.core-1.12.27+107.3.3.lx64.r.cp311/omni/replicator/core/scripts/writers_default`: errno=28/No space left on device
2026-05-23T22:43:58Z [2,038ms] [Error] [carb] Failed to create change watch for `/home/accelerator/miniforge3/envs/env_isaaclab/lib/python3.11/site-packages/isaacsim/extscache/omni.replicator.core-1.12.27+107.3.3.lx64.r.cp311/omni/replicator/core/scripts/utils`: errno=28/No space left on device
2026-05-23T22:43:58Z [2,038ms] [Error] [carb] Failed to create change watch for `/home/accelerator/miniforge3/envs/env_isaaclab/lib/python3.11/site-packages/isaacsim/extscache/omni.replicator.core-1.12.27+107.3.3.lx64.r.cp311/omni/replicator/core/scripts/data`: errno=28/No space left on device
2026-05-23T22:43:58Z [2,039ms] [Error] [carb] Failed to create change watch for `/home/accelerator/miniforge3/envs/env_isaaclab/lib/python3.11/site-packages/isaacsim/extscache/omni.replicator.core-1.12.27+107.3.3.lx64.r.cp311/omni/replicator/core/scripts/data/materials`: errno=28/No space left on device
2026-05-23T22:43:58Z [2,039ms] [Error] [carb] Failed to create change watch for `/home/accelerator/miniforge3/envs/env_isaaclab/lib/python3.11/site-packages/isaacsim/extscache/omni.replicator.core-1.12.27+107.3.3.lx64.r.cp311/omni/replicator/core/scripts/data/materials/Copper`: errno=28/No space left on device
2026-05-23T22:43:58Z [2,039ms] [Error] [carb] Failed to create change watch for `/home/accelerator/miniforge3/envs/env_isaaclab/lib/python3.11/site-packages/isaacsim/extscache/omni.replicator.core-1.12.27+107.3.3.lx64.r.cp311/omni/replicator/core/scripts/data/materials/Leaves`: errno=28/No space left on device
2026-05-23T22:43:58Z [2,039ms] [Error] [carb] Failed to create change watch for `/home/accelerator/miniforge3/envs/env_isaaclab/lib/python3.11/site-packages/isaacsim/extscache/omni.replicator.core-1.12.27+107.3.3.lx64.r.cp311/omni/replicator/core/scripts/data/graphs`: errno=28/No space left on device
2026-05-23T22:43:58Z [2,039ms] [Error] [carb] Failed to create change watch for `/home/accelerator/miniforge3/envs/env_isaaclab/lib/python3.11/site-packages/isaacsim/extscache/omni.replicator.core-1.12.27+107.3.3.lx64.r.cp311/omni/replicator/core/scripts/data/assets`: errno=28/No space left on device
2026-05-23T22:43:58Z [2,039ms] [Error] [carb] Failed to create change watch for `/home/accelerator/miniforge3/envs/env_isaaclab/lib/python3.11/site-packages/isaacsim/extscache/omni.replicator.core-1.12.27+107.3.3.lx64.r.cp311/omni/replicator/core/scripts/data/textures`: errno=28/No space left on device
2026-05-23T22:43:58Z [2,039ms] [Error] [carb] Failed to create change watch for `/home/accelerator/miniforge3/envs/env_isaaclab/lib/python3.11/site-packages/isaacsim/extscache/omni.replicator.core-1.12.27+107.3.3.lx64.r.cp311/omni/replicator/core/scripts/data/uv_textures`: errno=28/No space left on device
2026-05-23T22:43:58Z [2,039ms] [Error] [carb] Failed to create change watch for `/home/accelerator/miniforge3/envs/env_isaaclab/lib/python3.11/site-packages/isaacsim/extscache/omni.replicator.core-1.12.27+107.3.3.lx64.r.cp311/omni/replicator/core/scripts/objects`: errno=28/No space left on device
2026-05-23T22:43:58Z [2,039ms] [Error] [carb] Failed to create change watch for `/home/accelerator/miniforge3/envs/env_isaaclab/lib/python3.11/site-packages/isaacsim/extscache/omni.replicator.core-1.12.27+107.3.3.lx64.r.cp311/omni/replicator/core/ogn`: errno=28/No space left on device
2026-05-23T22:43:58Z [2,039ms] [Error] [carb] Failed to create change watch for `/home/accelerator/miniforge3/envs/env_isaaclab/lib/python3.11/site-packages/isaacsim/extscache/omni.replicator.core-1.12.27+107.3.3.lx64.r.cp311/omni/replicator/core/ogn/python`: errno=28/No space left on device
2026-05-23T22:43:58Z [2,039ms] [Error] [carb] Failed to create change watch for `/home/accelerator/miniforge3/envs/env_isaaclab/lib/python3.11/site-packages/isaacsim/extscache/omni.replicator.core-1.12.27+107.3.3.lx64.r.cp311/omni/replicator/core/ogn/python/impl`: errno=28/No space left on device
2026-05-23T22:43:58Z [2,039ms] [Error] [carb] Failed to create change watch for `/home/accelerator/miniforge3/envs/env_isaaclab/lib/python3.11/site-packages/isaacsim/extscache/omni.replicator.core-1.12.27+107.3.3.lx64.r.cp311/omni/replicator/core/ogn/python/impl/nodes`: errno=28/No space left on device
2026-05-23T22:43:58Z [2,039ms] [Error] [carb] Failed to create change watch for `/home/accelerator/miniforge3/envs/env_isaaclab/lib/python3.11/site-packages/isaacsim/extscache/omni.replicator.core-1.12.27+107.3.3.lx64.r.cp311/omni/replicator/core/ogn/tests`: errno=28/No space left on device
2026-05-23T22:43:58Z [2,039ms] [Error] [carb] Failed to create change watch for `/home/accelerator/miniforge3/envs/env_isaaclab/lib/python3.11/site-packages/isaacsim/extscache/omni.replicator.core-1.12.27+107.3.3.lx64.r.cp311/omni/replicator/core/ogn/tests/usd`: errno=28/No space left on device
2026-05-23T22:43:58Z [2,040ms] [Error] [carb] Failed to create change watch for `/home/accelerator/miniforge3/envs/env_isaaclab/lib/python3.11/site-packages/isaacsim/extscache/omni.replicator.core-1.12.27+107.3.3.lx64.r.cp311/omni/replicator/core/tests`: errno=28/No space left on device
2026-05-23T22:43:58Z [2,040ms] [Error] [carb] Failed to create change watch for `/home/accelerator/miniforge3/envs/env_isaaclab/lib/python3.11/site-packages/isaacsim/extscache/omni.replicator.core-1.12.27+107.3.3.lx64.r.cp311/omni/replicator/core/tests/data`: errno=28/No space left on device
2026-05-23T22:43:58Z [2,040ms] [Error] [carb] Failed to create change watch for `/home/accelerator/miniforge3/envs/env_isaaclab/lib/python3.11/site-packages/isaacsim/extscache/omni.replicator.core-1.12.27+107.3.3.lx64.r.cp311/omni/replicator/core/tests/data/aovs`: errno=28/No space left on device
2026-05-23T22:43:58Z [2,040ms] [Error] [carb] Failed to create change watch for `/home/accelerator/miniforge3/envs/env_isaaclab/lib/python3.11/site-packages/isaacsim/extscache/omni.replicator.core-1.12.27+107.3.3.lx64.r.cp311/omni/replicator/core/tests/data/golden`: errno=28/No space left on device
2026-05-23T22:43:58Z [2,040ms] [Error] [carb] Failed to create change watch for `/home/accelerator/miniforge3/envs/env_isaaclab/lib/python3.11/site-packages/isaacsim/extscache/omni.replicator.core-1.12.27+107.3.3.lx64.r.cp311/omni/replicator/core/tests/data/golden/skeleton_tests`: errno=28/No space left on device
2026-05-23T22:43:58Z [2,040ms] [Error] [carb] Failed to create change watch for `/home/accelerator/miniforge3/envs/env_isaaclab/lib/python3.11/site-packages/isaacsim/extscache/omni.replicator.core-1.12.27+107.3.3.lx64.r.cp311/omni/replicator/core/tests/data/objects`: errno=28/No space left on device
2026-05-23T22:43:58Z [2,040ms] [Error] [carb] Failed to create change watch for `/home/accelerator/miniforge3/envs/env_isaaclab/lib/python3.11/site-packages/isaacsim/extscache/omni.replicator.core-1.12.27+107.3.3.lx64.r.cp311/omni/replicator/core/tests/data/objects/textures`: errno=28/No space left on device
2026-05-23T22:43:58Z [2,040ms] [Error] [carb] Failed to create change watch for `/home/accelerator/miniforge3/envs/env_isaaclab/lib/python3.11/site-packages/isaacsim/extscache/omni.replicator.core-1.12.27+107.3.3.lx64.r.cp311/omni/replicator/core/tests/data/objects/Worker`: errno=28/No space left on device
2026-05-23T22:43:58Z [2,040ms] [Error] [carb] Failed to create change watch for `/home/accelerator/miniforge3/envs/env_isaaclab/lib/python3.11/site-packages/isaacsim/extscache/omni.replicator.core-1.12.27+107.3.3.lx64.r.cp311/omni/replicator/core/tests/data/objects/Worker/Materials`: errno=28/No space left on device
2026-05-23T22:43:58Z [2,040ms] [Error] [carb] Failed to create change watch for `/home/accelerator/miniforge3/envs/env_isaaclab/lib/python3.11/site-packages/isaacsim/extscache/omni.replicator.core-1.12.27+107.3.3.lx64.r.cp311/omni/replicator/core/tests/data/objects/Worker/Props`: errno=28/No space left on device
2026-05-23T22:43:58Z [2,040ms] [Error] [carb] Failed to create change watch for `/home/accelerator/miniforge3/envs/env_isaaclab/lib/python3.11/site-packages/isaacsim/extscache/omni.replicator.core-1.12.27+107.3.3.lx64.r.cp311/omni/replicator/core/tests/data/objects/Worker/Props/Bones`: errno=28/No space left on device
2026-05-23T22:43:58Z [2,040ms] [Error] [carb] Failed to create change watch for `/home/accelerator/miniforge3/envs/env_isaaclab/lib/python3.11/site-packages/isaacsim/extscache/omni.replicator.core-1.12.27+107.3.3.lx64.r.cp311/omni/replicator/core/tests/data/objects/Worker/Props/Meshes`: errno=28/No space left on device
2026-05-23T22:43:58Z [2,040ms] [Error] [carb] Failed to create change watch for `/home/accelerator/miniforge3/envs/env_isaaclab/lib/python3.11/site-packages/isaacsim/extscache/omni.replicator.core-1.12.27+107.3.3.lx64.r.cp311/omni/replicator/core/tests/data/objects/Worker/Debra`: errno=28/No space left on device
2026-05-23T22:43:58Z [2,040ms] [Error] [carb] Failed to create change watch for `/home/accelerator/miniforge3/envs/env_isaaclab/lib/python3.11/site-packages/isaacsim/extscache/omni.replicator.core-1.12.27+107.3.3.lx64.r.cp311/omni/replicator/core/tests/data/objects/Worker/Debra/Props`: errno=28/No space left on device
2026-05-23T22:43:58Z [2,040ms] [Error] [carb] Failed to create change watch for `/home/accelerator/miniforge3/envs/env_isaaclab/lib/python3.11/site-packages/isaacsim/extscache/omni.replicator.core-1.12.27+107.3.3.lx64.r.cp311/omni/replicator/core/tests/data/objects/Worker/Debra/Props/Stage`: errno=28/No space left on device
2026-05-23T22:43:58Z [2,040ms] [Error] [carb] Failed to create change watch for `/home/accelerator/miniforge3/envs/env_isaaclab/lib/python3.11/site-packages/isaacsim/extscache/omni.replicator.core-1.12.27+107.3.3.lx64.r.cp311/omni/replicator/core/tests/data/objects/Worker/Motions`: errno=28/No space left on device
2026-05-23T22:43:58Z [2,040ms] [Error] [carb] Failed to create change watch for `/home/accelerator/miniforge3/envs/env_isaaclab/lib/python3.11/site-packages/isaacsim/extscache/omni.replicator.core-1.12.27+107.3.3.lx64.r.cp311/omni/replicator/core/tests/data/aug`: errno=28/No space left on device
2026-05-23T22:43:58Z [2,040ms] [Error] [carb] Failed to create change watch for `/home/accelerator/miniforge3/envs/env_isaaclab/lib/python3.11/site-packages/isaacsim/extscache/omni.replicator.core-1.12.27+107.3.3.lx64.r.cp311/omni/replicator/core/tests/data/aug/fill_im`: errno=28/No space left on device
2026-05-23T22:43:58Z [2,040ms] [Error] [carb] Failed to create change watch for `/home/accelerator/miniforge3/envs/env_isaaclab/lib/python3.11/site-packages/isaacsim/extscache/omni.replicator.core-1.12.27+107.3.3.lx64.r.cp311/omni/replicator/core/tests/data/aug/shape_mtl`: errno=28/No space left on device
2026-05-23T22:43:58Z [2,063ms] [Error] [carb] Failed to create change watch for `/home/accelerator/miniforge3/envs/env_isaaclab/lib/python3.11/site-packages/isaacsim/exts/isaacsim.core.experimental.prims`: errno=28/No space left on device
2026-05-23T22:43:58Z [2,063ms] [Error] [carb] Failed to create change watch for `/home/accelerator/miniforge3/envs/env_isaaclab/lib/python3.11/site-packages/isaacsim/exts/isaacsim.core.experimental.prims/config`: errno=28/No space left on device
2026-05-23T22:43:58Z [2,064ms] [Error] [carb] Failed to create change watch for `/home/accelerator/miniforge3/envs/env_isaaclab/lib/python3.11/site-packages/isaacsim/exts/isaacsim.core.experimental.prims/isaacsim`: errno=28/No space left on device
[2.073s] [ext: omni.kit.window.extensions-1.4.27] startup
2026-05-23T22:43:58Z [2,064ms] [Error] [carb] Failed to create change watch for `/home/accelerator/miniforge3/envs/env_isaaclab/lib/python3.11/site-packages/isaacsim/exts/isaacsim.core.experimental.prims/isaacsim/core`: errno=28/No space left on device
2026-05-23T22:43:58Z [2,064ms] [Error] [carb] Failed to create change watch for `/home/accelerator/miniforge3/envs/env_isaaclab/lib/python3.11/site-packages/isaacsim/exts/isaacsim.core.experimental.prims/isaacsim/core/experimental`: errno=28/No space left on device
2026-05-23T22:43:58Z [2,064ms] [Error] [carb] Failed to create change watch for `/home/accelerator/miniforge3/envs/env_isaaclab/lib/python3.11/site-packages/isaacsim/exts/isaacsim.core.experimental.prims/isaacsim/core/experimental/prims`: errno=28/No space left on device
2026-05-23T22:43:58Z [2,064ms] [Error] [carb] Failed to create change watch for `/home/accelerator/miniforge3/envs/env_isaaclab/lib/python3.11/site-packages/isaacsim/exts/isaacsim.core.experimental.prims/isaacsim/core/experimental/prims/impl`: errno=28/No space left on device
2026-05-23T22:43:58Z [2,064ms] [Error] [carb] Failed to create change watch for `/home/accelerator/miniforge3/envs/env_isaaclab/lib/python3.11/site-packages/isaacsim/exts/isaacsim.core.experimental.prims/isaacsim/core/experimental/prims/tests`: errno=28/No space left on device
2026-05-23T22:43:58Z [2,071ms] [Error] [carb] Failed to create change watch for `/home/accelerator/miniforge3/envs/env_isaaclab/lib/python3.11/site-packages/isaacsim/extscache/omni.kit.window.extensions-1.4.27+69cbf6ad`: errno=28/No space left on device
2026-05-23T22:43:58Z [2,071ms] [Error] [carb] Failed to create change watch for `/home/accelerator/miniforge3/envs/env_isaaclab/lib/python3.11/site-packages/isaacsim/extscache/omni.kit.window.extensions-1.4.27+69cbf6ad/config`: errno=28/No space left on device
2026-05-23T22:43:58Z [2,071ms] [Error] [carb] Failed to create change watch for `/home/accelerator/miniforge3/envs/env_isaaclab/lib/python3.11/site-packages/isaacsim/extscache/omni.kit.window.extensions-1.4.27+69cbf6ad/omni`: errno=28/No space left on device
2026-05-23T22:43:58Z [2,071ms] [Error] [carb] Failed to create change watch for `/home/accelerator/miniforge3/envs/env_isaaclab/lib/python3.11/site-packages/isaacsim/extscache/omni.kit.window.extensions-1.4.27+69cbf6ad/omni/kit`: errno=28/No space left on device
2026-05-23T22:43:58Z [2,071ms] [Error] [carb] Failed to create change watch for `/home/accelerator/miniforge3/envs/env_isaaclab/lib/python3.11/site-packages/isaacsim/extscache/omni.kit.window.extensions-1.4.27+69cbf6ad/omni/kit/window`: errno=28/No space left on device
2026-05-23T22:43:58Z [2,071ms] [Error] [carb] Failed to create change watch for `/home/accelerator/miniforge3/envs/env_isaaclab/lib/python3.11/site-packages/isaacsim/extscache/omni.kit.window.extensions-1.4.27+69cbf6ad/omni/kit/window/extensions`: errno=28/No space left on device
2026-05-23T22:43:58Z [2,071ms] [Error] [carb] Failed to create change watch for `/home/accelerator/miniforge3/envs/env_isaaclab/lib/python3.11/site-packages/isaacsim/extscache/omni.kit.window.extensions-1.4.27+69cbf6ad/omni/kit/window/extensions/tests`: errno=28/No space left on device
[2.081s] [ext: isaacsim.core.experimental.objects-0.4.0] startup
2026-05-23T22:43:58Z [2,080ms] [Error] [carb] Failed to create change watch for `/home/accelerator/miniforge3/envs/env_isaaclab/lib/python3.11/site-packages/isaacsim/exts/isaacsim.core.experimental.objects`: errno=28/No space left on device
2026-05-23T22:43:58Z [2,080ms] [Error] [carb] Failed to create change watch for `/home/accelerator/miniforge3/envs/env_isaaclab/lib/python3.11/site-packages/isaacsim/exts/isaacsim.core.experimental.objects/config`: errno=28/No space left on device
2026-05-23T22:43:58Z [2,080ms] [Error] [carb] Failed to create change watch for `/home/accelerator/miniforge3/envs/env_isaaclab/lib/python3.11/site-packages/isaacsim/exts/isaacsim.core.experimental.objects/isaacsim`: errno=28/No space left on device
2026-05-23T22:43:58Z [2,080ms] [Error] [carb] Failed to create change watch for `/home/accelerator/miniforge3/envs/env_isaaclab/lib/python3.11/site-packages/isaacsim/exts/isaacsim.core.experimental.objects/isaacsim/core`: errno=28/No space left on device
2026-05-23T22:43:58Z [2,080ms] [Error] [carb] Failed to create change watch for `/home/accelerator/miniforge3/envs/env_isaaclab/lib/python3.11/site-packages/isaacsim/exts/isaacsim.core.experimental.objects/isaacsim/core/experimental`: errno=28/No space left on device
2026-05-23T22:43:58Z [2,080ms] [Error] [carb] Failed to create change watch for `/home/accelerator/miniforge3/envs/env_isaaclab/lib/python3.11/site-packages/isaacsim/exts/isaacsim.core.experimental.objects/isaacsim/core/experimental/objects`: errno=28/No space left on device
2026-05-23T22:43:58Z [2,080ms] [Error] [carb] Failed to create change watch for `/home/accelerator/miniforge3/envs/env_isaaclab/lib/python3.11/site-packages/isaacsim/exts/isaacsim.core.experimental.objects/isaacsim/core/experimental/objects/impl`: errno=28/No space left on device
2026-05-23T22:43:58Z [2,080ms] [Error] [carb] Failed to create change watch for `/home/accelerator/miniforge3/envs/env_isaaclab/lib/python3.11/site-packages/isaacsim/exts/isaacsim.core.experimental.objects/isaacsim/core/experimental/objects/impl/shapes`: errno=28/No space left on device
2026-05-23T22:43:58Z [2,080ms] [Error] [carb] Failed to create change watch for `/home/accelerator/miniforge3/envs/env_isaaclab/lib/python3.11/site-packages/isaacsim/exts/isaacsim.core.experimental.objects/isaacsim/core/experimental/objects/impl/lights`: errno=28/No space left on device
2026-05-23T22:43:58Z [2,080ms] [Error] [carb] Failed to create change watch for `/home/accelerator/miniforge3/envs/env_isaaclab/lib/python3.11/site-packages/isaacsim/exts/isaacsim.core.experimental.objects/isaacsim/core/experimental/objects/tests`: errno=28/No space left on device
[2.089s] [ext: omni.ui_query-1.1.8] startup
2026-05-23T22:43:58Z [2,082ms] [Error] [carb] Failed to create change watch for `/home/accelerator/miniforge3/envs/env_isaaclab/lib/python3.11/site-packages/isaacsim/extscache/omni.ui_query-1.1.8+69cbf6ad`: errno=28/No space left on device
2026-05-23T22:43:58Z [2,082ms] [Error] [carb] Failed to create change watch for `/home/accelerator/miniforge3/envs/env_isaaclab/lib/python3.11/site-packages/isaacsim/extscache/omni.ui_query-1.1.8+69cbf6ad/config`: errno=28/No space left on device
[2.091s] [ext: omni.kit.manipulator.viewport-107.0.1] startup
2026-05-23T22:43:58Z [2,082ms] [Error] [carb] Failed to create change watch for `/home/accelerator/miniforge3/envs/env_isaaclab/lib/python3.11/site-packages/isaacsim/extscache/omni.ui_query-1.1.8+69cbf6ad/omni`: errno=28/No space left on device
2026-05-23T22:43:58Z [2,082ms] [Error] [carb] Failed to create change watch for `/home/accelerator/miniforge3/envs/env_isaaclab/lib/python3.11/site-packages/isaacsim/extscache/omni.ui_query-1.1.8+69cbf6ad/omni/ui_query`: errno=28/No space left on device
2026-05-23T22:43:58Z [2,082ms] [Error] [carb] Failed to create change watch for `/home/accelerator/miniforge3/envs/env_isaaclab/lib/python3.11/site-packages/isaacsim/extscache/omni.ui_query-1.1.8+69cbf6ad/omni/ui_query/tests`: errno=28/No space left on device
2026-05-23T22:43:58Z [2,086ms] [Error] [carb] Failed to create change watch for `/home/accelerator/miniforge3/envs/env_isaaclab/lib/python3.11/site-packages/isaacsim/extscache/omni.kit.manipulator.viewport-107.0.1+69cbf6ad`: errno=28/No space left on device
2026-05-23T22:43:58Z [2,086ms] [Error] [carb] Failed to create change watch for `/home/accelerator/miniforge3/envs/env_isaaclab/lib/python3.11/site-packages/isaacsim/extscache/omni.kit.manipulator.viewport-107.0.1+69cbf6ad/config`: errno=28/No space left on device
2026-05-23T22:43:58Z [2,086ms] [Error] [carb] Failed to create change watch for `/home/accelerator/miniforge3/envs/env_isaaclab/lib/python3.11/site-packages/isaacsim/extscache/omni.kit.manipulator.viewport-107.0.1+69cbf6ad/omni`: errno=28/No space left on device
2026-05-23T22:43:58Z [2,086ms] [Error] [carb] Failed to create change watch for `/home/accelerator/miniforge3/envs/env_isaaclab/lib/python3.11/site-packages/isaacsim/extscache/omni.kit.manipulator.viewport-107.0.1+69cbf6ad/omni/kit`: errno=28/No space left on device
2026-05-23T22:43:58Z [2,086ms] [Error] [carb] Failed to create change watch for `/home/accelerator/miniforge3/envs/env_isaaclab/lib/python3.11/site-packages/isaacsim/extscache/omni.kit.manipulator.viewport-107.0.1+69cbf6ad/omni/kit/manipulator`: errno=28/No space left on device
2026-05-23T22:43:58Z [2,086ms] [Error] [carb] Failed to create change watch for `/home/accelerator/miniforge3/envs/env_isaaclab/lib/python3.11/site-packages/isaacsim/extscache/omni.kit.manipulator.viewport-107.0.1+69cbf6ad/omni/kit/manipulator/viewport`: errno=28/No space left on device
[2.095s] [ext: isaacsim.robot.surface_gripper-3.3.1] startup
2026-05-23T22:43:58Z [2,090ms] [Error] [carb] Failed to create change watch for `/home/accelerator/miniforge3/envs/env_isaaclab/lib/python3.11/site-packages/isaacsim/exts/isaacsim.robot.surface_gripper`: errno=28/No space left on device
2026-05-23T22:43:58Z [2,090ms] [Error] [carb] Failed to create change watch for `/home/accelerator/miniforge3/envs/env_isaaclab/lib/python3.11/site-packages/isaacsim/exts/isaacsim.robot.surface_gripper/config`: errno=28/No space left on device
2026-05-23T22:43:58Z [2,090ms] [Error] [carb] Failed to create change watch for `/home/accelerator/miniforge3/envs/env_isaaclab/lib/python3.11/site-packages/isaacsim/exts/isaacsim.robot.surface_gripper/isaacsim`: errno=28/No space left on device
[2.099s] [ext: omni.kit.ui_test-1.3.7] startup
2026-05-23T22:43:58Z [2,090ms] [Error] [carb] Failed to create change watch for `/home/accelerator/miniforge3/envs/env_isaaclab/lib/python3.11/site-packages/isaacsim/exts/isaacsim.robot.surface_gripper/isaacsim/robot`: errno=28/No space left on device
2026-05-23T22:43:58Z [2,090ms] [Error] [carb] Failed to create change watch for `/home/accelerator/miniforge3/envs/env_isaaclab/lib/python3.11/site-packages/isaacsim/exts/isaacsim.robot.surface_gripper/isaacsim/robot/surface_gripper`: errno=28/No space left on device
2026-05-23T22:43:58Z [2,090ms] [Error] [carb] Failed to create change watch for `/home/accelerator/miniforge3/envs/env_isaaclab/lib/python3.11/site-packages/isaacsim/exts/isaacsim.robot.surface_gripper/isaacsim/robot/surface_gripper/impl`: errno=28/No space left on device
2026-05-23T22:43:58Z [2,090ms] [Error] [carb] Failed to create change watch for `/home/accelerator/miniforge3/envs/env_isaaclab/lib/python3.11/site-packages/isaacsim/exts/isaacsim.robot.surface_gripper/isaacsim/robot/surface_gripper/ogn`: errno=28/No space left on device
2026-05-23T22:43:58Z [2,090ms] [Error] [carb] Failed to create change watch for `/home/accelerator/miniforge3/envs/env_isaaclab/lib/python3.11/site-packages/isaacsim/exts/isaacsim.robot.surface_gripper/isaacsim/robot/surface_gripper/ogn/python`: errno=28/No space left on device
2026-05-23T22:43:58Z [2,090ms] [Error] [carb] Failed to create change watch for `/home/accelerator/miniforge3/envs/env_isaaclab/lib/python3.11/site-packages/isaacsim/exts/isaacsim.robot.surface_gripper/isaacsim/robot/surface_gripper/ogn/python/nodes`: errno=28/No space left on device
2026-05-23T22:43:58Z [2,090ms] [Error] [carb] Failed to create change watch for `/home/accelerator/miniforge3/envs/env_isaaclab/lib/python3.11/site-packages/isaacsim/exts/isaacsim.robot.surface_gripper/isaacsim/robot/surface_gripper/ogn/python/nodes/config`: errno=28/No space left on device
2026-05-23T22:43:58Z [2,091ms] [Error] [carb] Failed to create change watch for `/home/accelerator/miniforge3/envs/env_isaaclab/lib/python3.11/site-packages/isaacsim/exts/isaacsim.robot.surface_gripper/isaacsim/robot/surface_gripper/ogn/python/nodes/icons`: errno=28/No space left on device
2026-05-23T22:43:58Z [2,091ms] [Error] [carb] Failed to create change watch for `/home/accelerator/miniforge3/envs/env_isaaclab/lib/python3.11/site-packages/isaacsim/exts/isaacsim.robot.surface_gripper/isaacsim/robot/surface_gripper/ogn/tests`: errno=28/No space left on device
2026-05-23T22:43:58Z [2,091ms] [Error] [carb] Failed to create change watch for `/home/accelerator/miniforge3/envs/env_isaaclab/lib/python3.11/site-packages/isaacsim/exts/isaacsim.robot.surface_gripper/isaacsim/robot/surface_gripper/ogn/tests/usd`: errno=28/No space left on device
2026-05-23T22:43:58Z [2,091ms] [Error] [carb] Failed to create change watch for `/home/accelerator/miniforge3/envs/env_isaaclab/lib/python3.11/site-packages/isaacsim/exts/isaacsim.robot.surface_gripper/isaacsim/robot/surface_gripper/tests`: errno=28/No space left on device
2026-05-23T22:43:58Z [2,093ms] [Error] [carb] Failed to create change watch for `/home/accelerator/miniforge3/envs/env_isaaclab/lib/python3.11/site-packages/isaacsim/extscache/omni.kit.ui_test-1.3.7+69cbf6ad`: errno=28/No space left on device
2026-05-23T22:43:58Z [2,093ms] [Error] [carb] Failed to create change watch for `/home/accelerator/miniforge3/envs/env_isaaclab/lib/python3.11/site-packages/isaacsim/extscache/omni.kit.ui_test-1.3.7+69cbf6ad/config`: errno=28/No space left on device
2026-05-23T22:43:58Z [2,093ms] [Error] [carb] Failed to create change watch for `/home/accelerator/miniforge3/envs/env_isaaclab/lib/python3.11/site-packages/isaacsim/extscache/omni.kit.ui_test-1.3.7+69cbf6ad/omni`: errno=28/No space left on device
2026-05-23T22:43:58Z [2,093ms] [Error] [carb] Failed to create change watch for `/home/accelerator/miniforge3/envs/env_isaaclab/lib/python3.11/site-packages/isaacsim/extscache/omni.kit.ui_test-1.3.7+69cbf6ad/omni/kit`: errno=28/No space left on device
2026-05-23T22:43:58Z [2,093ms] [Error] [carb] Failed to create change watch for `/home/accelerator/miniforge3/envs/env_isaaclab/lib/python3.11/site-packages/isaacsim/extscache/omni.kit.ui_test-1.3.7+69cbf6ad/omni/kit/ui_test`: errno=28/No space left on device
[2.102s] [ext: omni.graph.visualization.nodes-2.1.3] startup
2026-05-23T22:43:58Z [2,093ms] [Error] [carb] Failed to create change watch for `/home/accelerator/miniforge3/envs/env_isaaclab/lib/python3.11/site-packages/isaacsim/extscache/omni.kit.ui_test-1.3.7+69cbf6ad/omni/kit/ui_test/tests`: errno=28/No space left on device
2026-05-23T22:43:58Z [2,105ms] [Error] [carb] Failed to create change watch for `/home/accelerator/miniforge3/envs/env_isaaclab/lib/python3.11/site-packages/isaacsim/extscache/omni.graph.visualization.nodes-2.1.3`: errno=28/No space left on device
2026-05-23T22:43:58Z [2,105ms] [Error] [carb] Failed to create change watch for `/home/accelerator/miniforge3/envs/env_isaaclab/lib/python3.11/site-packages/isaacsim/extscache/omni.graph.visualization.nodes-2.1.3/config`: errno=28/No space left on device
2026-05-23T22:43:58Z [2,105ms] [Error] [carb] Failed to create change watch for `/home/accelerator/miniforge3/envs/env_isaaclab/lib/python3.11/site-packages/isaacsim/extscache/omni.graph.visualization.nodes-2.1.3/omni`: errno=28/No space left on device
[2.115s] [ext: isaacsim.robot_motion.lula-4.0.8] startup
2026-05-23T22:43:58Z [2,105ms] [Error] [carb] Failed to create change watch for `/home/accelerator/miniforge3/envs/env_isaaclab/lib/python3.11/site-packages/isaacsim/extscache/omni.graph.visualization.nodes-2.1.3/omni/graph`: errno=28/No space left on device
2026-05-23T22:43:58Z [2,106ms] [Error] [carb] Failed to create change watch for `/home/accelerator/miniforge3/envs/env_isaaclab/lib/python3.11/site-packages/isaacsim/extscache/omni.graph.visualization.nodes-2.1.3/omni/graph/visualization`: errno=28/No space left on device
2026-05-23T22:43:58Z [2,106ms] [Error] [carb] Failed to create change watch for `/home/accelerator/miniforge3/envs/env_isaaclab/lib/python3.11/site-packages/isaacsim/extscache/omni.graph.visualization.nodes-2.1.3/omni/graph/visualization/nodes`: errno=28/No space left on device
2026-05-23T22:43:58Z [2,106ms] [Error] [carb] Failed to create change watch for `/home/accelerator/miniforge3/envs/env_isaaclab/lib/python3.11/site-packages/isaacsim/extscache/omni.graph.visualization.nodes-2.1.3/omni/graph/visualization/nodes/_impl`: errno=28/No space left on device
2026-05-23T22:43:58Z [2,106ms] [Error] [carb] Failed to create change watch for `/home/accelerator/miniforge3/envs/env_isaaclab/lib/python3.11/site-packages/isaacsim/extscache/omni.graph.visualization.nodes-2.1.3/omni/graph/visualization/nodes/ogn`: errno=28/No space left on device
2026-05-23T22:43:58Z [2,106ms] [Error] [carb] Failed to create change watch for `/home/accelerator/miniforge3/envs/env_isaaclab/lib/python3.11/site-packages/isaacsim/extscache/omni.graph.visualization.nodes-2.1.3/omni/graph/visualization/nodes/ogn/nodes`: errno=28/No space left on device
2026-05-23T22:43:58Z [2,106ms] [Error] [carb] Failed to create change watch for `/home/accelerator/miniforge3/envs/env_isaaclab/lib/python3.11/site-packages/isaacsim/extscache/omni.graph.visualization.nodes-2.1.3/omni/graph/visualization/nodes/ogn/tests`: errno=28/No space left on device
2026-05-23T22:43:58Z [2,106ms] [Error] [carb] Failed to create change watch for `/home/accelerator/miniforge3/envs/env_isaaclab/lib/python3.11/site-packages/isaacsim/extscache/omni.graph.visualization.nodes-2.1.3/omni/graph/visualization/nodes/ogn/tests/usd`: errno=28/No space left on device
2026-05-23T22:43:58Z [2,106ms] [Error] [carb] Failed to create change watch for `/home/accelerator/miniforge3/envs/env_isaaclab/lib/python3.11/site-packages/isaacsim/extscache/omni.graph.visualization.nodes-2.1.3/omni/graph/visualization/nodes/tests`: errno=28/No space left on device
2026-05-23T22:43:58Z [2,111ms] [Error] [carb] Failed to create change watch for `/home/accelerator/miniforge3/envs/env_isaaclab/lib/python3.11/site-packages/isaacsim/exts/isaacsim.robot_motion.lula`: errno=28/No space left on device
2026-05-23T22:43:58Z [2,111ms] [Error] [carb] Failed to create change watch for `/home/accelerator/miniforge3/envs/env_isaaclab/lib/python3.11/site-packages/isaacsim/exts/isaacsim.robot_motion.lula/config`: errno=28/No space left on device
2026-05-23T22:43:58Z [2,111ms] [Error] [carb] Failed to create change watch for `/home/accelerator/miniforge3/envs/env_isaaclab/lib/python3.11/site-packages/isaacsim/exts/isaacsim.robot_motion.lula/isaacsim`: errno=28/No space left on device
2026-05-23T22:43:58Z [2,111ms] [Error] [carb] Failed to create change watch for `/home/accelerator/miniforge3/envs/env_isaaclab/lib/python3.11/site-packages/isaacsim/exts/isaacsim.robot_motion.lula/isaacsim/robot_motion`: errno=28/No space left on device
2026-05-23T22:43:58Z [2,111ms] [Error] [carb] Failed to create change watch for `/home/accelerator/miniforge3/envs/env_isaaclab/lib/python3.11/site-packages/isaacsim/exts/isaacsim.robot_motion.lula/isaacsim/robot_motion/lula`: errno=28/No space left on device
2026-05-23T22:43:58Z [2,111ms] [Error] [carb] Failed to create change watch for `/home/accelerator/miniforge3/envs/env_isaaclab/lib/python3.11/site-packages/isaacsim/exts/isaacsim.robot_motion.lula/isaacsim/robot_motion/lula/tests`: errno=28/No space left on device
[2.120s] [ext: isaacsim.core.nodes-3.4.3] startup
2026-05-23T22:43:59Z [2,120ms] [Error] [carb] Failed to create change watch for `/home/accelerator/miniforge3/envs/env_isaaclab/lib/python3.11/site-packages/isaacsim/exts/isaacsim.core.nodes`: errno=28/No space left on device
2026-05-23T22:43:59Z [2,120ms] [Error] [carb] Failed to create change watch for `/home/accelerator/miniforge3/envs/env_isaaclab/lib/python3.11/site-packages/isaacsim/exts/isaacsim.core.nodes/config`: errno=28/No space left on device
2026-05-23T22:43:59Z [2,120ms] [Error] [carb] Failed to create change watch for `/home/accelerator/miniforge3/envs/env_isaaclab/lib/python3.11/site-packages/isaacsim/exts/isaacsim.core.nodes/isaacsim`: errno=28/No space left on device
2026-05-23T22:43:59Z [2,120ms] [Error] [carb] Failed to create change watch for `/home/accelerator/miniforge3/envs/env_isaaclab/lib/python3.11/site-packages/isaacsim/exts/isaacsim.core.nodes/isaacsim/core`: errno=28/No space left on device
2026-05-23T22:43:59Z [2,120ms] [Error] [carb] Failed to create change watch for `/home/accelerator/miniforge3/envs/env_isaaclab/lib/python3.11/site-packages/isaacsim/exts/isaacsim.core.nodes/isaacsim/core/nodes`: errno=28/No space left on device
2026-05-23T22:43:59Z [2,120ms] [Error] [carb] Failed to create change watch for `/home/accelerator/miniforge3/envs/env_isaaclab/lib/python3.11/site-packages/isaacsim/exts/isaacsim.core.nodes/isaacsim/core/nodes/bindings`: errno=28/No space left on device
2026-05-23T22:43:59Z [2,120ms] [Error] [carb] Failed to create change watch for `/home/accelerator/miniforge3/envs/env_isaaclab/lib/python3.11/site-packages/isaacsim/exts/isaacsim.core.nodes/isaacsim/core/nodes/scripts`: errno=28/No space left on device
2026-05-23T22:43:59Z [2,120ms] [Error] [carb] Failed to create change watch for `/home/accelerator/miniforge3/envs/env_isaaclab/lib/python3.11/site-packages/isaacsim/exts/isaacsim.core.nodes/isaacsim/core/nodes/impl`: errno=28/No space left on device
2026-05-23T22:43:59Z [2,120ms] [Error] [carb] Failed to create change watch for `/home/accelerator/miniforge3/envs/env_isaaclab/lib/python3.11/site-packages/isaacsim/exts/isaacsim.core.nodes/isaacsim/core/nodes/ogn`: errno=28/No space left on device
2026-05-23T22:43:59Z [2,120ms] [Error] [carb] Failed to create change watch for `/home/accelerator/miniforge3/envs/env_isaaclab/lib/python3.11/site-packages/isaacsim/exts/isaacsim.core.nodes/isaacsim/core/nodes/ogn/python`: errno=28/No space left on device
2026-05-23T22:43:59Z [2,120ms] [Error] [carb] Failed to create change watch for `/home/accelerator/miniforge3/envs/env_isaaclab/lib/python3.11/site-packages/isaacsim/exts/isaacsim.core.nodes/isaacsim/core/nodes/ogn/python/nodes`: errno=28/No space left on device
[2.129s] [ext: isaacsim.gui.components-1.2.1] startup
2026-05-23T22:43:59Z [2,120ms] [Error] [carb] Failed to create change watch for `/home/accelerator/miniforge3/envs/env_isaaclab/lib/python3.11/site-packages/isaacsim/exts/isaacsim.core.nodes/isaacsim/core/nodes/ogn/python/nodes/config`: errno=28/No space left on device
2026-05-23T22:43:59Z [2,120ms] [Error] [carb] Failed to create change watch for `/home/accelerator/miniforge3/envs/env_isaaclab/lib/python3.11/site-packages/isaacsim/exts/isaacsim.core.nodes/isaacsim/core/nodes/ogn/python/nodes/icons`: errno=28/No space left on device
2026-05-23T22:43:59Z [2,121ms] [Error] [carb] Failed to create change watch for `/home/accelerator/miniforge3/envs/env_isaaclab/lib/python3.11/site-packages/isaacsim/exts/isaacsim.core.nodes/isaacsim/core/nodes/ogn/tests`: errno=28/No space left on device
2026-05-23T22:43:59Z [2,121ms] [Error] [carb] Failed to create change watch for `/home/accelerator/miniforge3/envs/env_isaaclab/lib/python3.11/site-packages/isaacsim/exts/isaacsim.core.nodes/isaacsim/core/nodes/ogn/tests/usd`: errno=28/No space left on device
2026-05-23T22:43:59Z [2,121ms] [Error] [carb] Failed to create change watch for `/home/accelerator/miniforge3/envs/env_isaaclab/lib/python3.11/site-packages/isaacsim/exts/isaacsim.core.nodes/isaacsim/core/nodes/tests`: errno=28/No space left on device
2026-05-23T22:43:59Z [2,126ms] [Error] [carb] Failed to create change watch for `/home/accelerator/miniforge3/envs/env_isaaclab/lib/python3.11/site-packages/isaacsim/exts/isaacsim.gui.components`: errno=28/No space left on device
2026-05-23T22:43:59Z [2,126ms] [Error] [carb] Failed to create change watch for `/home/accelerator/miniforge3/envs/env_isaaclab/lib/python3.11/site-packages/isaacsim/exts/isaacsim.gui.components/config`: errno=28/No space left on device
2026-05-23T22:43:59Z [2,126ms] [Error] [carb] Failed to create change watch for `/home/accelerator/miniforge3/envs/env_isaaclab/lib/python3.11/site-packages/isaacsim/exts/isaacsim.gui.components/isaacsim`: errno=28/No space left on device
2026-05-23T22:43:59Z [2,126ms] [Error] [carb] Failed to create change watch for `/home/accelerator/miniforge3/envs/env_isaaclab/lib/python3.11/site-packages/isaacsim/exts/isaacsim.gui.components/isaacsim/gui`: errno=28/No space left on device
2026-05-23T22:43:59Z [2,126ms] [Error] [carb] Failed to create change watch for `/home/accelerator/miniforge3/envs/env_isaaclab/lib/python3.11/site-packages/isaacsim/exts/isaacsim.gui.components/isaacsim/gui/components`: errno=28/No space left on device
2026-05-23T22:43:59Z [2,126ms] [Error] [carb] Failed to create change watch for `/home/accelerator/miniforge3/envs/env_isaaclab/lib/python3.11/site-packages/isaacsim/exts/isaacsim.gui.components/isaacsim/gui/components/element_wrappers`: errno=28/No space left on device
2026-05-23T22:43:59Z [2,126ms] [Error] [carb] Failed to create change watch for `/home/accelerator/miniforge3/envs/env_isaaclab/lib/python3.11/site-packages/isaacsim/exts/isaacsim.gui.components/isaacsim/gui/components/tests`: errno=28/No space left on device
[2.137s] [ext: isaacsim.robot_motion.motion_generation-8.0.26] startup
2026-05-23T22:43:59Z [2,139ms] [Error] [carb] Failed to create change watch for `/home/accelerator/miniforge3/envs/env_isaaclab/lib/python3.11/site-packages/isaacsim/exts/isaacsim.robot_motion.motion_generation`: errno=28/No space left on device
2026-05-23T22:43:59Z [2,139ms] [Error] [carb] Failed to create change watch for `/home/accelerator/miniforge3/envs/env_isaaclab/lib/python3.11/site-packages/isaacsim/exts/isaacsim.robot_motion.motion_generation/config`: errno=28/No space left on device
2026-05-23T22:43:59Z [2,139ms] [Error] [carb] Failed to create change watch for `/home/accelerator/miniforge3/envs/env_isaaclab/lib/python3.11/site-packages/isaacsim/exts/isaacsim.robot_motion.motion_generation/isaacsim`: errno=28/No space left on device
2026-05-23T22:43:59Z [2,139ms] [Error] [carb] Failed to create change watch for `/home/accelerator/miniforge3/envs/env_isaaclab/lib/python3.11/site-packages/isaacsim/exts/isaacsim.robot_motion.motion_generation/isaacsim/robot_motion`: errno=28/No space left on device
2026-05-23T22:43:59Z [2,139ms] [Error] [carb] Failed to create change watch for `/home/accelerator/miniforge3/envs/env_isaaclab/lib/python3.11/site-packages/isaacsim/exts/isaacsim.robot_motion.motion_generation/isaacsim/robot_motion/motion_generation`: errno=28/No space left on device
[2.148s] [ext: isaacsim.robot.manipulators-3.3.6] startup
2026-05-23T22:43:59Z [2,139ms] [Error] [carb] Failed to create change watch for `/home/accelerator/miniforge3/envs/env_isaaclab/lib/python3.11/site-packages/isaacsim/exts/isaacsim.robot_motion.motion_generation/isaacsim/robot_motion/motion_generation/lula`: errno=28/No space left on device
2026-05-23T22:43:59Z [2,139ms] [Error] [carb] Failed to create change watch for `/home/accelerator/miniforge3/envs/env_isaaclab/lib/python3.11/site-packages/isaacsim/exts/isaacsim.robot_motion.motion_generation/isaacsim/robot_motion/motion_generation/tests`: errno=28/No space left on device
2026-05-23T22:43:59Z [2,139ms] [Error] [carb] Failed to create change watch for `/home/accelerator/miniforge3/envs/env_isaaclab/lib/python3.11/site-packages/isaacsim/exts/isaacsim.robot_motion.motion_generation/isaacsim/robot_motion/motion_generation/tests/test_assets`: errno=28/No space left on device
2026-05-23T22:43:59Z [2,147ms] [Error] [carb] Failed to create change watch for `/home/accelerator/miniforge3/envs/env_isaaclab/lib/python3.11/site-packages/isaacsim/exts/isaacsim.robot.manipulators`: errno=28/No space left on device
2026-05-23T22:43:59Z [2,147ms] [Error] [carb] Failed to create change watch for `/home/accelerator/miniforge3/envs/env_isaaclab/lib/python3.11/site-packages/isaacsim/exts/isaacsim.robot.manipulators/config`: errno=28/No space left on device
2026-05-23T22:43:59Z [2,147ms] [Error] [carb] Failed to create change watch for `/home/accelerator/miniforge3/envs/env_isaaclab/lib/python3.11/site-packages/isaacsim/exts/isaacsim.robot.manipulators/isaacsim`: errno=28/No space left on device
[2.156s] [ext: isaacsim.core.experimental.materials-0.4.0] startup
2026-05-23T22:43:59Z [2,147ms] [Error] [carb] Failed to create change watch for `/home/accelerator/miniforge3/envs/env_isaaclab/lib/python3.11/site-packages/isaacsim/exts/isaacsim.robot.manipulators/isaacsim/robot`: errno=28/No space left on device
2026-05-23T22:43:59Z [2,147ms] [Error] [carb] Failed to create change watch for `/home/accelerator/miniforge3/envs/env_isaaclab/lib/python3.11/site-packages/isaacsim/exts/isaacsim.robot.manipulators/isaacsim/robot/manipulators`: errno=28/No space left on device
2026-05-23T22:43:59Z [2,147ms] [Error] [carb] Failed to create change watch for `/home/accelerator/miniforge3/envs/env_isaaclab/lib/python3.11/site-packages/isaacsim/exts/isaacsim.robot.manipulators/isaacsim/robot/manipulators/grippers`: errno=28/No space left on device
2026-05-23T22:43:59Z [2,147ms] [Error] [carb] Failed to create change watch for `/home/accelerator/miniforge3/envs/env_isaaclab/lib/python3.11/site-packages/isaacsim/exts/isaacsim.robot.manipulators/isaacsim/robot/manipulators/controllers`: errno=28/No space left on device
2026-05-23T22:43:59Z [2,147ms] [Error] [carb] Failed to create change watch for `/home/accelerator/miniforge3/envs/env_isaaclab/lib/python3.11/site-packages/isaacsim/exts/isaacsim.robot.manipulators/isaacsim/robot/manipulators/impl`: errno=28/No space left on device
2026-05-23T22:43:59Z [2,147ms] [Error] [carb] Failed to create change watch for `/home/accelerator/miniforge3/envs/env_isaaclab/lib/python3.11/site-packages/isaacsim/exts/isaacsim.robot.manipulators/isaacsim/robot/manipulators/ogn`: errno=28/No space left on device
2026-05-23T22:43:59Z [2,147ms] [Error] [carb] Failed to create change watch for `/home/accelerator/miniforge3/envs/env_isaaclab/lib/python3.11/site-packages/isaacsim/exts/isaacsim.robot.manipulators/isaacsim/robot/manipulators/ogn/python`: errno=28/No space left on device
2026-05-23T22:43:59Z [2,147ms] [Error] [carb] Failed to create change watch for `/home/accelerator/miniforge3/envs/env_isaaclab/lib/python3.11/site-packages/isaacsim/exts/isaacsim.robot.manipulators/isaacsim/robot/manipulators/ogn/python/nodes`: errno=28/No space left on device
2026-05-23T22:43:59Z [2,147ms] [Error] [carb] Failed to create change watch for `/home/accelerator/miniforge3/envs/env_isaaclab/lib/python3.11/site-packages/isaacsim/exts/isaacsim.robot.manipulators/isaacsim/robot/manipulators/ogn/python/nodes/config`: errno=28/No space left on device
2026-05-23T22:43:59Z [2,148ms] [Error] [carb] Failed to create change watch for `/home/accelerator/miniforge3/envs/env_isaaclab/lib/python3.11/site-packages/isaacsim/exts/isaacsim.robot.manipulators/isaacsim/robot/manipulators/ogn/python/nodes/icons`: errno=28/No space left on device
2026-05-23T22:43:59Z [2,148ms] [Error] [carb] Failed to create change watch for `/home/accelerator/miniforge3/envs/env_isaaclab/lib/python3.11/site-packages/isaacsim/exts/isaacsim.robot.manipulators/isaacsim/robot/manipulators/ogn/tests`: errno=28/No space left on device
2026-05-23T22:43:59Z [2,148ms] [Error] [carb] Failed to create change watch for `/home/accelerator/miniforge3/envs/env_isaaclab/lib/python3.11/site-packages/isaacsim/exts/isaacsim.robot.manipulators/isaacsim/robot/manipulators/ogn/tests/usd`: errno=28/No space left on device
2026-05-23T22:43:59Z [2,148ms] [Error] [carb] Failed to create change watch for `/home/accelerator/miniforge3/envs/env_isaaclab/lib/python3.11/site-packages/isaacsim/exts/isaacsim.robot.manipulators/isaacsim/robot/manipulators/nodes`: errno=28/No space left on device
2026-05-23T22:43:59Z [2,148ms] [Error] [carb] Failed to create change watch for `/home/accelerator/miniforge3/envs/env_isaaclab/lib/python3.11/site-packages/isaacsim/exts/isaacsim.robot.manipulators/isaacsim/robot/manipulators/nodes/config`: errno=28/No space left on device
2026-05-23T22:43:59Z [2,148ms] [Error] [carb] Failed to create change watch for `/home/accelerator/miniforge3/envs/env_isaaclab/lib/python3.11/site-packages/isaacsim/exts/isaacsim.robot.manipulators/isaacsim/robot/manipulators/nodes/icons`: errno=28/No space left on device
2026-05-23T22:43:59Z [2,148ms] [Error] [carb] Failed to create change watch for `/home/accelerator/miniforge3/envs/env_isaaclab/lib/python3.11/site-packages/isaacsim/exts/isaacsim.robot.manipulators/isaacsim/robot/manipulators/tests`: errno=28/No space left on device
2026-05-23T22:43:59Z [2,148ms] [Error] [carb] Failed to create change watch for `/home/accelerator/miniforge3/envs/env_isaaclab/lib/python3.11/site-packages/isaacsim/exts/isaacsim.robot.manipulators/isaacsim/robot/manipulators/manipulators`: errno=28/No space left on device
2026-05-23T22:43:59Z [2,159ms] [Error] [carb] Failed to create change watch for `/home/accelerator/miniforge3/envs/env_isaaclab/lib/python3.11/site-packages/isaacsim/exts/isaacsim.core.experimental.materials`: errno=28/No space left on device
2026-05-23T22:43:59Z [2,159ms] [Error] [carb] Failed to create change watch for `/home/accelerator/miniforge3/envs/env_isaaclab/lib/python3.11/site-packages/isaacsim/exts/isaacsim.core.experimental.materials/config`: errno=28/No space left on device
2026-05-23T22:43:59Z [2,159ms] [Error] [carb] Failed to create change watch for `/home/accelerator/miniforge3/envs/env_isaaclab/lib/python3.11/site-packages/isaacsim/exts/isaacsim.core.experimental.materials/isaacsim`: errno=28/No space left on device
2026-05-23T22:43:59Z [2,159ms] [Error] [carb] Failed to create change watch for `/home/accelerator/miniforge3/envs/env_isaaclab/lib/python3.11/site-packages/isaacsim/exts/isaacsim.core.experimental.materials/isaacsim/core`: errno=28/No space left on device
[2.168s] [ext: isaacsim.robot.manipulators.examples-1.1.2] startup
2026-05-23T22:43:59Z [2,159ms] [Error] [carb] Failed to create change watch for `/home/accelerator/miniforge3/envs/env_isaaclab/lib/python3.11/site-packages/isaacsim/exts/isaacsim.core.experimental.materials/isaacsim/core/experimental`: errno=28/No space left on device
2026-05-23T22:43:59Z [2,159ms] [Error] [carb] Failed to create change watch for `/home/accelerator/miniforge3/envs/env_isaaclab/lib/python3.11/site-packages/isaacsim/exts/isaacsim.core.experimental.materials/isaacsim/core/experimental/materials`: errno=28/No space left on device
2026-05-23T22:43:59Z [2,159ms] [Error] [carb] Failed to create change watch for `/home/accelerator/miniforge3/envs/env_isaaclab/lib/python3.11/site-packages/isaacsim/exts/isaacsim.core.experimental.materials/isaacsim/core/experimental/materials/impl`: errno=28/No space left on device
2026-05-23T22:43:59Z [2,159ms] [Error] [carb] Failed to create change watch for `/home/accelerator/miniforge3/envs/env_isaaclab/lib/python3.11/site-packages/isaacsim/exts/isaacsim.core.experimental.materials/isaacsim/core/experimental/materials/impl/visual_materials`: errno=28/No space left on device
2026-05-23T22:43:59Z [2,160ms] [Error] [carb] Failed to create change watch for `/home/accelerator/miniforge3/envs/env_isaaclab/lib/python3.11/site-packages/isaacsim/exts/isaacsim.core.experimental.materials/isaacsim/core/experimental/materials/impl/physics_materials`: errno=28/No space left on device
2026-05-23T22:43:59Z [2,160ms] [Error] [carb] Failed to create change watch for `/home/accelerator/miniforge3/envs/env_isaaclab/lib/python3.11/site-packages/isaacsim/exts/isaacsim.core.experimental.materials/isaacsim/core/experimental/materials/tests`: errno=28/No space left on device
2026-05-23T22:43:59Z [2,162ms] [Error] [carb] Failed to create change watch for `/home/accelerator/miniforge3/envs/env_isaaclab/lib/python3.11/site-packages/isaacsim/exts/isaacsim.robot.manipulators.examples`: errno=28/No space left on device
2026-05-23T22:43:59Z [2,162ms] [Error] [carb] Failed to create change watch for `/home/accelerator/miniforge3/envs/env_isaaclab/lib/python3.11/site-packages/isaacsim/exts/isaacsim.robot.manipulators.examples/config`: errno=28/No space left on device
2026-05-23T22:43:59Z [2,162ms] [Error] [carb] Failed to create change watch for `/home/accelerator/miniforge3/envs/env_isaaclab/lib/python3.11/site-packages/isaacsim/exts/isaacsim.robot.manipulators.examples/isaacsim`: errno=28/No space left on device
2026-05-23T22:43:59Z [2,162ms] [Error] [carb] Failed to create change watch for `/home/accelerator/miniforge3/envs/env_isaaclab/lib/python3.11/site-packages/isaacsim/exts/isaacsim.robot.manipulators.examples/isaacsim/robot`: errno=28/No space left on device
2026-05-23T22:43:59Z [2,162ms] [Error] [carb] Failed to create change watch for `/home/accelerator/miniforge3/envs/env_isaaclab/lib/python3.11/site-packages/isaacsim/exts/isaacsim.robot.manipulators.examples/isaacsim/robot/manipulators`: errno=28/No space left on device
2026-05-23T22:43:59Z [2,162ms] [Error] [carb] Failed to create change watch for `/home/accelerator/miniforge3/envs/env_isaaclab/lib/python3.11/site-packages/isaacsim/exts/isaacsim.robot.manipulators.examples/isaacsim/robot/manipulators/examples`: errno=28/No space left on device
2026-05-23T22:43:59Z [2,162ms] [Error] [carb] Failed to create change watch for `/home/accelerator/miniforge3/envs/env_isaaclab/lib/python3.11/site-packages/isaacsim/exts/isaacsim.robot.manipulators.examples/isaacsim/robot/manipulators/examples/franka`: errno=28/No space left on device
2026-05-23T22:43:59Z [2,162ms] [Error] [carb] Failed to create change watch for `/home/accelerator/miniforge3/envs/env_isaaclab/lib/python3.11/site-packages/isaacsim/exts/isaacsim.robot.manipulators.examples/isaacsim/robot/manipulators/examples/franka/tasks`: errno=28/No space left on device
2026-05-23T22:43:59Z [2,163ms] [Error] [carb] Failed to create change watch for `/home/accelerator/miniforge3/envs/env_isaaclab/lib/python3.11/site-packages/isaacsim/exts/isaacsim.robot.manipulators.examples/isaacsim/robot/manipulators/examples/franka/controllers`: errno=28/No space left on device
2026-05-23T22:43:59Z [2,163ms] [Error] [carb] Failed to create change watch for `/home/accelerator/miniforge3/envs/env_isaaclab/lib/python3.11/site-packages/isaacsim/exts/isaacsim.robot.manipulators.examples/isaacsim/robot/manipulators/examples/franka/pick_place`: errno=28/No space left on device
2026-05-23T22:43:59Z [2,163ms] [Error] [carb] Failed to create change watch for `/home/accelerator/miniforge3/envs/env_isaaclab/lib/python3.11/site-packages/isaacsim/exts/isaacsim.robot.manipulators.examples/isaacsim/robot/manipulators/examples/universal_robots`: errno=28/No space left on device
2026-05-23T22:43:59Z [2,163ms] [Error] [carb] Failed to create change watch for `/home/accelerator/miniforge3/envs/env_isaaclab/lib/python3.11/site-packages/isaacsim/exts/isaacsim.robot.manipulators.examples/isaacsim/robot/manipulators/examples/universal_robots/tasks`: errno=28/No space left on device
2026-05-23T22:43:59Z [2,163ms] [Error] [carb] Failed to create change watch for `/home/accelerator/miniforge3/envs/env_isaaclab/lib/python3.11/site-packages/isaacsim/exts/isaacsim.robot.manipulators.examples/isaacsim/robot/manipulators/examples/universal_robots/controllers`: errno=28/No space left on device
2026-05-23T22:43:59Z [2,163ms] [Error] [carb] Failed to create change watch for `/home/accelerator/miniforge3/envs/env_isaaclab/lib/python3.11/site-packages/isaacsim/exts/isaacsim.robot.manipulators.examples/isaacsim/robot/manipulators/examples/tests`: errno=28/No space left on device
[2.172s] [ext: isaacsim.cortex.framework-1.0.12] startup
2026-05-23T22:43:59Z [2,165ms] [Error] [carb] Failed to create change watch for `/home/accelerator/miniforge3/envs/env_isaaclab/lib/python3.11/site-packages/isaacsim/exts/isaacsim.cortex.framework`: errno=28/No space left on device
2026-05-23T22:43:59Z [2,165ms] [Error] [carb] Failed to create change watch for `/home/accelerator/miniforge3/envs/env_isaaclab/lib/python3.11/site-packages/isaacsim/exts/isaacsim.cortex.framework/config`: errno=28/No space left on device
2026-05-23T22:43:59Z [2,165ms] [Error] [carb] Failed to create change watch for `/home/accelerator/miniforge3/envs/env_isaaclab/lib/python3.11/site-packages/isaacsim/exts/isaacsim.cortex.framework/isaacsim`: errno=28/No space left on device
2026-05-23T22:43:59Z [2,165ms] [Error] [carb] Failed to create change watch for `/home/accelerator/miniforge3/envs/env_isaaclab/lib/python3.11/site-packages/isaacsim/exts/isaacsim.cortex.framework/isaacsim/cortex`: errno=28/No space left on device
2026-05-23T22:43:59Z [2,165ms] [Error] [carb] Failed to create change watch for `/home/accelerator/miniforge3/envs/env_isaaclab/lib/python3.11/site-packages/isaacsim/exts/isaacsim.cortex.framework/isaacsim/cortex/framework`: errno=28/No space left on device
[2.174s] [ext: isaacsim.cortex.behaviors-2.0.14] startup
2026-05-23T22:43:59Z [2,166ms] [Error] [carb] Failed to create change watch for `/home/accelerator/miniforge3/envs/env_isaaclab/lib/python3.11/site-packages/isaacsim/exts/isaacsim.cortex.behaviors`: errno=28/No space left on device
2026-05-23T22:43:59Z [2,166ms] [Error] [carb] Failed to create change watch for `/home/accelerator/miniforge3/envs/env_isaaclab/lib/python3.11/site-packages/isaacsim/exts/isaacsim.cortex.behaviors/config`: errno=28/No space left on device
2026-05-23T22:43:59Z [2,166ms] [Error] [carb] Failed to create change watch for `/home/accelerator/miniforge3/envs/env_isaaclab/lib/python3.11/site-packages/isaacsim/exts/isaacsim.cortex.behaviors/isaacsim`: errno=28/No space left on device
2026-05-23T22:43:59Z [2,166ms] [Error] [carb] Failed to create change watch for `/home/accelerator/miniforge3/envs/env_isaaclab/lib/python3.11/site-packages/isaacsim/exts/isaacsim.cortex.behaviors/isaacsim/cortex`: errno=28/No space left on device
2026-05-23T22:43:59Z [2,166ms] [Error] [carb] Failed to create change watch for `/home/accelerator/miniforge3/envs/env_isaaclab/lib/python3.11/site-packages/isaacsim/exts/isaacsim.cortex.behaviors/isaacsim/cortex/behaviors`: errno=28/No space left on device
2026-05-23T22:43:59Z [2,166ms] [Error] [carb] Failed to create change watch for `/home/accelerator/miniforge3/envs/env_isaaclab/lib/python3.11/site-packages/isaacsim/exts/isaacsim.cortex.behaviors/isaacsim/cortex/behaviors/franka`: errno=28/No space left on device
2026-05-23T22:43:59Z [2,167ms] [Error] [carb] Failed to create change watch for `/home/accelerator/miniforge3/envs/env_isaaclab/lib/python3.11/site-packages/isaacsim/exts/isaacsim.cortex.behaviors/isaacsim/cortex/behaviors/franka/simple`: errno=28/No space left on device
2026-05-23T22:43:59Z [2,167ms] [Error] [carb] Failed to create change watch for `/home/accelerator/miniforge3/envs/env_isaaclab/lib/python3.11/site-packages/isaacsim/exts/isaacsim.cortex.behaviors/isaacsim/cortex/behaviors/ur10`: errno=28/No space left on device
[2.176s] [ext: omni.isaac.cortex.sample_behaviors-2.0.5] startup
2026-05-23T22:43:59Z [2,168ms] [Warning] [omni.isaac.cortex] omni.isaac.cortex has been deprecated in favor of isaacsim.cortex.framework. Please update your code accordingly.
2026-05-23T22:43:59Z [2,168ms] [Warning] [omni.isaac.cortex.sample_behaviors] omni.isaac.cortex.sample_behaviors has been deprecated in favor of isaacsim.cortex.behaviors. Please update your code accordingly.
2026-05-23T22:43:59Z [2,168ms] [Error] [carb] Failed to create change watch for `/home/accelerator/miniforge3/envs/env_isaaclab/lib/python3.11/site-packages/isaacsim/extsDeprecated/omni.isaac.cortex.sample_behaviors`: errno=28/No space left on device
2026-05-23T22:43:59Z [2,168ms] [Error] [carb] Failed to create change watch for `/home/accelerator/miniforge3/envs/env_isaaclab/lib/python3.11/site-packages/isaacsim/extsDeprecated/omni.isaac.cortex.sample_behaviors/config`: errno=28/No space left on device
2026-05-23T22:43:59Z [2,168ms] [Error] [carb] Failed to create change watch for `/home/accelerator/miniforge3/envs/env_isaaclab/lib/python3.11/site-packages/isaacsim/extsDeprecated/omni.isaac.cortex.sample_behaviors/omni`: errno=28/No space left on device
2026-05-23T22:43:59Z [2,168ms] [Error] [carb] Failed to create change watch for `/home/accelerator/miniforge3/envs/env_isaaclab/lib/python3.11/site-packages/isaacsim/extsDeprecated/omni.isaac.cortex.sample_behaviors/omni/isaac`: errno=28/No space left on device
2026-05-23T22:43:59Z [2,168ms] [Error] [carb] Failed to create change watch for `/home/accelerator/miniforge3/envs/env_isaaclab/lib/python3.11/site-packages/isaacsim/extsDeprecated/omni.isaac.cortex.sample_behaviors/omni/isaac/cortex`: errno=28/No space left on device
2026-05-23T22:43:59Z [2,168ms] [Error] [carb] Failed to create change watch for `/home/accelerator/miniforge3/envs/env_isaaclab/lib/python3.11/site-packages/isaacsim/extsDeprecated/omni.isaac.cortex.sample_behaviors/omni/isaac/cortex/sample_behaviors`: errno=28/No space left on device
2026-05-23T22:43:59Z [2,168ms] [Error] [carb] Failed to create change watch for `/home/accelerator/miniforge3/envs/env_isaaclab/lib/python3.11/site-packages/isaacsim/extsDeprecated/omni.isaac.cortex.sample_behaviors/omni/isaac/cortex/sample_behaviors/franka`: errno=28/No space left on device
2026-05-23T22:43:59Z [2,168ms] [Error] [carb] Failed to create change watch for `/home/accelerator/miniforge3/envs/env_isaaclab/lib/python3.11/site-packages/isaacsim/extsDeprecated/omni.isaac.cortex.sample_behaviors/omni/isaac/cortex/sample_behaviors/franka/simple`: errno=28/No space left on device
2026-05-23T22:43:59Z [2,168ms] [Error] [carb] Failed to create change watch for `/home/accelerator/miniforge3/envs/env_isaaclab/lib/python3.11/site-packages/isaacsim/extsDeprecated/omni.isaac.cortex.sample_behaviors/omni/isaac/cortex/sample_behaviors/ur10`: errno=28/No space left on device
[2.179s] [ext: omni.kit.widget.zoombar-1.0.6] startup
2026-05-23T22:43:59Z [2,172ms] [Error] [carb] Failed to create change watch for `/home/accelerator/miniforge3/envs/env_isaaclab/lib/python3.11/site-packages/isaacsim/extscache/omni.kit.widget.zoombar-1.0.6`: errno=28/No space left on device
2026-05-23T22:43:59Z [2,172ms] [Error] [carb] Failed to create change watch for `/home/accelerator/miniforge3/envs/env_isaaclab/lib/python3.11/site-packages/isaacsim/extscache/omni.kit.widget.zoombar-1.0.6/config`: errno=28/No space left on device
2026-05-23T22:43:59Z [2,172ms] [Error] [carb] Failed to create change watch for `/home/accelerator/miniforge3/envs/env_isaaclab/lib/python3.11/site-packages/isaacsim/extscache/omni.kit.widget.zoombar-1.0.6/omni`: errno=28/No space left on device
2026-05-23T22:43:59Z [2,172ms] [Error] [carb] Failed to create change watch for `/home/accelerator/miniforge3/envs/env_isaaclab/lib/python3.11/site-packages/isaacsim/extscache/omni.kit.widget.zoombar-1.0.6/omni/kit`: errno=28/No space left on device
[2.181s] [ext: isaacsim.gui.content_browser-0.1.11] startup
2026-05-23T22:43:59Z [2,172ms] [Error] [carb] Failed to create change watch for `/home/accelerator/miniforge3/envs/env_isaaclab/lib/python3.11/site-packages/isaacsim/extscache/omni.kit.widget.zoombar-1.0.6/omni/kit/widget`: errno=28/No space left on device
2026-05-23T22:43:59Z [2,172ms] [Error] [carb] Failed to create change watch for `/home/accelerator/miniforge3/envs/env_isaaclab/lib/python3.11/site-packages/isaacsim/extscache/omni.kit.widget.zoombar-1.0.6/omni/kit/widget/zoombar`: errno=28/No space left on device
2026-05-23T22:43:59Z [2,172ms] [Error] [carb] Failed to create change watch for `/home/accelerator/miniforge3/envs/env_isaaclab/lib/python3.11/site-packages/isaacsim/extscache/omni.kit.widget.zoombar-1.0.6/omni/kit/widget/zoombar/tests`: errno=28/No space left on device
2026-05-23T22:43:59Z [2,176ms] [Error] [carb] Failed to create change watch for `/home/accelerator/miniforge3/envs/env_isaaclab/lib/python3.11/site-packages/isaacsim/exts/isaacsim.gui.content_browser`: errno=28/No space left on device
2026-05-23T22:43:59Z [2,176ms] [Error] [carb] Failed to create change watch for `/home/accelerator/miniforge3/envs/env_isaaclab/lib/python3.11/site-packages/isaacsim/exts/isaacsim.gui.content_browser/config`: errno=28/No space left on device
2026-05-23T22:43:59Z [2,176ms] [Error] [carb] Failed to create change watch for `/home/accelerator/miniforge3/envs/env_isaaclab/lib/python3.11/site-packages/isaacsim/exts/isaacsim.gui.content_browser/isaacsim`: errno=28/No space left on device
[2.185s] [ext: omni.kit.browser.core-2.3.13] startup
2026-05-23T22:43:59Z [2,176ms] [Error] [carb] Failed to create change watch for `/home/accelerator/miniforge3/envs/env_isaaclab/lib/python3.11/site-packages/isaacsim/exts/isaacsim.gui.content_browser/isaacsim/gui`: errno=28/No space left on device
2026-05-23T22:43:59Z [2,176ms] [Error] [carb] Failed to create change watch for `/home/accelerator/miniforge3/envs/env_isaaclab/lib/python3.11/site-packages/isaacsim/exts/isaacsim.gui.content_browser/isaacsim/gui/content_browser`: errno=28/No space left on device
2026-05-23T22:43:59Z [2,176ms] [Error] [carb] Failed to create change watch for `/home/accelerator/miniforge3/envs/env_isaaclab/lib/python3.11/site-packages/isaacsim/exts/isaacsim.gui.content_browser/isaacsim/gui/content_browser/impl`: errno=28/No space left on device
2026-05-23T22:43:59Z [2,176ms] [Error] [carb] Failed to create change watch for `/home/accelerator/miniforge3/envs/env_isaaclab/lib/python3.11/site-packages/isaacsim/exts/isaacsim.gui.content_browser/isaacsim/gui/content_browser/tests`: errno=28/No space left on device
2026-05-23T22:43:59Z [2,185ms] [Error] [carb] Failed to create change watch for `/home/accelerator/miniforge3/envs/env_isaaclab/lib/python3.11/site-packages/isaacsim/extscache/omni.kit.browser.core-2.3.13`: errno=28/No space left on device
2026-05-23T22:43:59Z [2,185ms] [Error] [carb] Failed to create change watch for `/home/accelerator/miniforge3/envs/env_isaaclab/lib/python3.11/site-packages/isaacsim/extscache/omni.kit.browser.core-2.3.13/config`: errno=28/No space left on device
2026-05-23T22:43:59Z [2,185ms] [Error] [carb] Failed to create change watch for `/home/accelerator/miniforge3/envs/env_isaaclab/lib/python3.11/site-packages/isaacsim/extscache/omni.kit.browser.core-2.3.13/omni`: errno=28/No space left on device
2026-05-23T22:43:59Z [2,185ms] [Error] [carb] Failed to create change watch for `/home/accelerator/miniforge3/envs/env_isaaclab/lib/python3.11/site-packages/isaacsim/extscache/omni.kit.browser.core-2.3.13/omni/kit`: errno=28/No space left on device
2026-05-23T22:43:59Z [2,185ms] [Error] [carb] Failed to create change watch for `/home/accelerator/miniforge3/envs/env_isaaclab/lib/python3.11/site-packages/isaacsim/extscache/omni.kit.browser.core-2.3.13/omni/kit/browser`: errno=28/No space left on device
2026-05-23T22:43:59Z [2,185ms] [Error] [carb] Failed to create change watch for `/home/accelerator/miniforge3/envs/env_isaaclab/lib/python3.11/site-packages/isaacsim/extscache/omni.kit.browser.core-2.3.13/omni/kit/browser/core`: errno=28/No space left on device
[2.195s] [ext: omni.kit.widget.stage_icons-1.0.8] startup
2026-05-23T22:43:59Z [2,185ms] [Error] [carb] Failed to create change watch for `/home/accelerator/miniforge3/envs/env_isaaclab/lib/python3.11/site-packages/isaacsim/extscache/omni.kit.browser.core-2.3.13/omni/kit/browser/core/models`: errno=28/No space left on device
2026-05-23T22:43:59Z [2,186ms] [Error] [carb] Failed to create change watch for `/home/accelerator/miniforge3/envs/env_isaaclab/lib/python3.11/site-packages/isaacsim/extscache/omni.kit.browser.core-2.3.13/omni/kit/browser/core/widgets`: errno=28/No space left on device
2026-05-23T22:43:59Z [2,186ms] [Error] [carb] Failed to create change watch for `/home/accelerator/miniforge3/envs/env_isaaclab/lib/python3.11/site-packages/isaacsim/extscache/omni.kit.browser.core-2.3.13/omni/kit/browser/core/tests`: errno=28/No space left on device
2026-05-23T22:43:59Z [2,188ms] [Error] [carb] Failed to create change watch for `/home/accelerator/miniforge3/envs/env_isaaclab/lib/python3.11/site-packages/isaacsim/extscache/omni.kit.widget.stage_icons-1.0.8+69cbf6ad`: errno=28/No space left on device
2026-05-23T22:43:59Z [2,188ms] [Error] [carb] Failed to create change watch for `/home/accelerator/miniforge3/envs/env_isaaclab/lib/python3.11/site-packages/isaacsim/extscache/omni.kit.widget.stage_icons-1.0.8+69cbf6ad/config`: errno=28/No space left on device
2026-05-23T22:43:59Z [2,188ms] [Error] [carb] Failed to create change watch for `/home/accelerator/miniforge3/envs/env_isaaclab/lib/python3.11/site-packages/isaacsim/extscache/omni.kit.widget.stage_icons-1.0.8+69cbf6ad/omni`: errno=28/No space left on device
2026-05-23T22:43:59Z [2,188ms] [Error] [carb] Failed to create change watch for `/home/accelerator/miniforge3/envs/env_isaaclab/lib/python3.11/site-packages/isaacsim/extscache/omni.kit.widget.stage_icons-1.0.8+69cbf6ad/omni/kit`: errno=28/No space left on device
2026-05-23T22:43:59Z [2,188ms] [Error] [carb] Failed to create change watch for `/home/accelerator/miniforge3/envs/env_isaaclab/lib/python3.11/site-packages/isaacsim/extscache/omni.kit.widget.stage_icons-1.0.8+69cbf6ad/omni/kit/widget`: errno=28/No space left on device
2026-05-23T22:43:59Z [2,188ms] [Error] [carb] Failed to create change watch for `/home/accelerator/miniforge3/envs/env_isaaclab/lib/python3.11/site-packages/isaacsim/extscache/omni.kit.widget.stage_icons-1.0.8+69cbf6ad/omni/kit/widget/stage_icons`: errno=28/No space left on device
2026-05-23T22:43:59Z [2,188ms] [Error] [carb] Failed to create change watch for `/home/accelerator/miniforge3/envs/env_isaaclab/lib/python3.11/site-packages/isaacsim/extscache/omni.kit.widget.stage_icons-1.0.8+69cbf6ad/omni/kit/widget/stage_icons/tests`: errno=28/No space left on device
[2.197s] [ext: omni.kit.widget.prompt-1.0.7] startup
2026-05-23T22:43:59Z [2,192ms] [Error] [carb] Failed to create change watch for `/home/accelerator/miniforge3/envs/env_isaaclab/lib/python3.11/site-packages/isaacsim/extscache/omni.kit.widget.prompt-1.0.7+69cbf6ad`: errno=28/No space left on device
2026-05-23T22:43:59Z [2,193ms] [Error] [carb] Failed to create change watch for `/home/accelerator/miniforge3/envs/env_isaaclab/lib/python3.11/site-packages/isaacsim/extscache/omni.kit.widget.prompt-1.0.7+69cbf6ad/config`: errno=28/No space left on device
2026-05-23T22:43:59Z [2,193ms] [Error] [carb] Failed to create change watch for `/home/accelerator/miniforge3/envs/env_isaaclab/lib/python3.11/site-packages/isaacsim/extscache/omni.kit.widget.prompt-1.0.7+69cbf6ad/omni`: errno=28/No space left on device
2026-05-23T22:43:59Z [2,193ms] [Error] [carb] Failed to create change watch for `/home/accelerator/miniforge3/envs/env_isaaclab/lib/python3.11/site-packages/isaacsim/extscache/omni.kit.widget.prompt-1.0.7+69cbf6ad/omni/kit`: errno=28/No space left on device
2026-05-23T22:43:59Z [2,193ms] [Error] [carb] Failed to create change watch for `/home/accelerator/miniforge3/envs/env_isaaclab/lib/python3.11/site-packages/isaacsim/extscache/omni.kit.widget.prompt-1.0.7+69cbf6ad/omni/kit/widget`: errno=28/No space left on device
2026-05-23T22:43:59Z [2,193ms] [Error] [carb] Failed to create change watch for `/home/accelerator/miniforge3/envs/env_isaaclab/lib/python3.11/site-packages/isaacsim/extscache/omni.kit.widget.prompt-1.0.7+69cbf6ad/omni/kit/widget/prompt`: errno=28/No space left on device
2026-05-23T22:43:59Z [2,193ms] [Error] [carb] Failed to create change watch for `/home/accelerator/miniforge3/envs/env_isaaclab/lib/python3.11/site-packages/isaacsim/extscache/omni.kit.widget.prompt-1.0.7+69cbf6ad/omni/kit/widget/prompt/tests`: errno=28/No space left on device
[2.202s] [ext: omni.kit.usd.collect-2.4.5] startup
2026-05-23T22:43:59Z [2,210ms] [Error] [carb] Failed to create change watch for `/home/accelerator/miniforge3/envs/env_isaaclab/lib/python3.11/site-packages/isaacsim/extscache/omni.kit.usd.collect-2.4.5+69cbf6ad`: errno=28/No space left on device
2026-05-23T22:43:59Z [2,210ms] [Error] [carb] Failed to create change watch for `/home/accelerator/miniforge3/envs/env_isaaclab/lib/python3.11/site-packages/isaacsim/extscache/omni.kit.usd.collect-2.4.5+69cbf6ad/config`: errno=28/No space left on device
2026-05-23T22:43:59Z [2,210ms] [Error] [carb] Failed to create change watch for `/home/accelerator/miniforge3/envs/env_isaaclab/lib/python3.11/site-packages/isaacsim/extscache/omni.kit.usd.collect-2.4.5+69cbf6ad/omni`: errno=28/No space left on device
2026-05-23T22:43:59Z [2,210ms] [Error] [carb] Failed to create change watch for `/home/accelerator/miniforge3/envs/env_isaaclab/lib/python3.11/site-packages/isaacsim/extscache/omni.kit.usd.collect-2.4.5+69cbf6ad/omni/kit`: errno=28/No space left on device
2026-05-23T22:43:59Z [2,210ms] [Error] [carb] Failed to create change watch for `/home/accelerator/miniforge3/envs/env_isaaclab/lib/python3.11/site-packages/isaacsim/extscache/omni.kit.usd.collect-2.4.5+69cbf6ad/omni/kit/usd`: errno=28/No space left on device
2026-05-23T22:43:59Z [2,210ms] [Error] [carb] Failed to create change watch for `/home/accelerator/miniforge3/envs/env_isaaclab/lib/python3.11/site-packages/isaacsim/extscache/omni.kit.usd.collect-2.4.5+69cbf6ad/omni/kit/usd/collect`: errno=28/No space left on device
2026-05-23T22:43:59Z [2,210ms] [Error] [carb] Failed to create change watch for `/home/accelerator/miniforge3/envs/env_isaaclab/lib/python3.11/site-packages/isaacsim/extscache/omni.kit.usd.collect-2.4.5+69cbf6ad/omni/kit/usd/collect/tests`: errno=28/No space left on device
[2.219s] [ext: omni.kit.browser.folder.core-1.10.9] startup
2026-05-23T22:43:59Z [2,260ms] [Error] [carb] Failed to create change watch for `/home/accelerator/miniforge3/envs/env_isaaclab/lib/python3.11/site-packages/isaacsim/extscache/omni.kit.browser.folder.core-1.10.9`: errno=28/No space left on device
2026-05-23T22:43:59Z [2,260ms] [Error] [carb] Failed to create change watch for `/home/accelerator/miniforge3/envs/env_isaaclab/lib/python3.11/site-packages/isaacsim/extscache/omni.kit.browser.folder.core-1.10.9/config`: errno=28/No space left on device
2026-05-23T22:43:59Z [2,260ms] [Error] [carb] Failed to create change watch for `/home/accelerator/miniforge3/envs/env_isaaclab/lib/python3.11/site-packages/isaacsim/extscache/omni.kit.browser.folder.core-1.10.9/omni`: errno=28/No space left on device
2026-05-23T22:43:59Z [2,260ms] [Error] [carb] Failed to create change watch for `/home/accelerator/miniforge3/envs/env_isaaclab/lib/python3.11/site-packages/isaacsim/extscache/omni.kit.browser.folder.core-1.10.9/omni/kit`: errno=28/No space left on device
2026-05-23T22:43:59Z [2,260ms] [Error] [carb] Failed to create change watch for `/home/accelerator/miniforge3/envs/env_isaaclab/lib/python3.11/site-packages/isaacsim/extscache/omni.kit.browser.folder.core-1.10.9/omni/kit/browser`: errno=28/No space left on device
2026-05-23T22:43:59Z [2,260ms] [Error] [carb] Failed to create change watch for `/home/accelerator/miniforge3/envs/env_isaaclab/lib/python3.11/site-packages/isaacsim/extscache/omni.kit.browser.folder.core-1.10.9/omni/kit/browser/folder`: errno=28/No space left on device
2026-05-23T22:43:59Z [2,260ms] [Error] [carb] Failed to create change watch for `/home/accelerator/miniforge3/envs/env_isaaclab/lib/python3.11/site-packages/isaacsim/extscache/omni.kit.browser.folder.core-1.10.9/omni/kit/browser/folder/core`: errno=28/No space left on device
2026-05-23T22:43:59Z [2,260ms] [Error] [carb] Failed to create change watch for `/home/accelerator/miniforge3/envs/env_isaaclab/lib/python3.11/site-packages/isaacsim/extscache/omni.kit.browser.folder.core-1.10.9/omni/kit/browser/folder/core/property`: errno=28/No space left on device
2026-05-23T22:43:59Z [2,260ms] [Error] [carb] Failed to create change watch for `/home/accelerator/miniforge3/envs/env_isaaclab/lib/python3.11/site-packages/isaacsim/extscache/omni.kit.browser.folder.core-1.10.9/omni/kit/browser/folder/core/models`: errno=28/No space left on device
2026-05-23T22:43:59Z [2,260ms] [Error] [carb] Failed to create change watch for `/home/accelerator/miniforge3/envs/env_isaaclab/lib/python3.11/site-packages/isaacsim/extscache/omni.kit.browser.folder.core-1.10.9/omni/kit/browser/folder/core/widgets`: errno=28/No space left on device
[2.269s] [ext: omni.kit.window.stage-2.6.1] startup
2026-05-23T22:43:59Z [2,260ms] [Error] [carb] Failed to create change watch for `/home/accelerator/miniforge3/envs/env_isaaclab/lib/python3.11/site-packages/isaacsim/extscache/omni.kit.browser.folder.core-1.10.9/omni/kit/browser/folder/core/tests`: errno=28/No space left on device
2026-05-23T22:43:59Z [2,302ms] [Error] [carb] Failed to create change watch for `/home/accelerator/miniforge3/envs/env_isaaclab/lib/python3.11/site-packages/isaacsim/extscache/omni.kit.window.stage-2.6.1+69cbf6ad`: errno=28/No space left on device
2026-05-23T22:43:59Z [2,302ms] [Error] [carb] Failed to create change watch for `/home/accelerator/miniforge3/envs/env_isaaclab/lib/python3.11/site-packages/isaacsim/extscache/omni.kit.window.stage-2.6.1+69cbf6ad/config`: errno=28/No space left on device
2026-05-23T22:43:59Z [2,302ms] [Error] [carb] Failed to create change watch for `/home/accelerator/miniforge3/envs/env_isaaclab/lib/python3.11/site-packages/isaacsim/extscache/omni.kit.window.stage-2.6.1+69cbf6ad/omni`: errno=28/No space left on device
2026-05-23T22:43:59Z [2,302ms] [Error] [carb] Failed to create change watch for `/home/accelerator/miniforge3/envs/env_isaaclab/lib/python3.11/site-packages/isaacsim/extscache/omni.kit.window.stage-2.6.1+69cbf6ad/omni/kit`: errno=28/No space left on device
2026-05-23T22:43:59Z [2,302ms] [Error] [carb] Failed to create change watch for `/home/accelerator/miniforge3/envs/env_isaaclab/lib/python3.11/site-packages/isaacsim/extscache/omni.kit.window.stage-2.6.1+69cbf6ad/omni/kit/window`: errno=28/No space left on device
2026-05-23T22:43:59Z [2,302ms] [Error] [carb] Failed to create change watch for `/home/accelerator/miniforge3/envs/env_isaaclab/lib/python3.11/site-packages/isaacsim/extscache/omni.kit.window.stage-2.6.1+69cbf6ad/omni/kit/window/stage`: errno=28/No space left on device
2026-05-23T22:43:59Z [2,302ms] [Error] [carb] Failed to create change watch for `/home/accelerator/miniforge3/envs/env_isaaclab/lib/python3.11/site-packages/isaacsim/extscache/omni.kit.window.stage-2.6.1+69cbf6ad/omni/kit/window/stage/tests`: errno=28/No space left on device
[2.311s] [ext: omni.kit.usdz_export-1.0.9] startup
2026-05-23T22:43:59Z [2,321ms] [Error] [carb] Failed to create change watch for `/home/accelerator/miniforge3/envs/env_isaaclab/lib/python3.11/site-packages/isaacsim/extscache/omni.kit.usdz_export-1.0.9+69cbf6ad`: errno=28/No space left on device
2026-05-23T22:43:59Z [2,321ms] [Error] [carb] Failed to create change watch for `/home/accelerator/miniforge3/envs/env_isaaclab/lib/python3.11/site-packages/isaacsim/extscache/omni.kit.usdz_export-1.0.9+69cbf6ad/config`: errno=28/No space left on device
2026-05-23T22:43:59Z [2,321ms] [Error] [carb] Failed to create change watch for `/home/accelerator/miniforge3/envs/env_isaaclab/lib/python3.11/site-packages/isaacsim/extscache/omni.kit.usdz_export-1.0.9+69cbf6ad/omni`: errno=28/No space left on device
2026-05-23T22:43:59Z [2,321ms] [Error] [carb] Failed to create change watch for `/home/accelerator/miniforge3/envs/env_isaaclab/lib/python3.11/site-packages/isaacsim/extscache/omni.kit.usdz_export-1.0.9+69cbf6ad/omni/kit`: errno=28/No space left on device
2026-05-23T22:43:59Z [2,321ms] [Error] [carb] Failed to create change watch for `/home/accelerator/miniforge3/envs/env_isaaclab/lib/python3.11/site-packages/isaacsim/extscache/omni.kit.usdz_export-1.0.9+69cbf6ad/omni/kit/usdz_export`: errno=28/No space left on device
2026-05-23T22:43:59Z [2,321ms] [Error] [carb] Failed to create change watch for `/home/accelerator/miniforge3/envs/env_isaaclab/lib/python3.11/site-packages/isaacsim/extscache/omni.kit.usdz_export-1.0.9+69cbf6ad/omni/kit/usdz_export/tests`: errno=28/No space left on device
[2.330s] [ext: omni.kit.tool.collect-2.2.18] startup
2026-05-23T22:43:59Z [2,352ms] [Error] [carb] Failed to create change watch for `/home/accelerator/miniforge3/envs/env_isaaclab/lib/python3.11/site-packages/isaacsim/extscache/omni.kit.tool.collect-2.2.18+69cbf6ad`: errno=28/No space left on device
2026-05-23T22:43:59Z [2,352ms] [Error] [carb] Failed to create change watch for `/home/accelerator/miniforge3/envs/env_isaaclab/lib/python3.11/site-packages/isaacsim/extscache/omni.kit.tool.collect-2.2.18+69cbf6ad/config`: errno=28/No space left on device
2026-05-23T22:43:59Z [2,352ms] [Error] [carb] Failed to create change watch for `/home/accelerator/miniforge3/envs/env_isaaclab/lib/python3.11/site-packages/isaacsim/extscache/omni.kit.tool.collect-2.2.18+69cbf6ad/omni`: errno=28/No space left on device
2026-05-23T22:43:59Z [2,352ms] [Error] [carb] Failed to create change watch for `/home/accelerator/miniforge3/envs/env_isaaclab/lib/python3.11/site-packages/isaacsim/extscache/omni.kit.tool.collect-2.2.18+69cbf6ad/omni/kit`: errno=28/No space left on device
2026-05-23T22:43:59Z [2,352ms] [Error] [carb] Failed to create change watch for `/home/accelerator/miniforge3/envs/env_isaaclab/lib/python3.11/site-packages/isaacsim/extscache/omni.kit.tool.collect-2.2.18+69cbf6ad/omni/kit/tool`: errno=28/No space left on device
2026-05-23T22:43:59Z [2,352ms] [Error] [carb] Failed to create change watch for `/home/accelerator/miniforge3/envs/env_isaaclab/lib/python3.11/site-packages/isaacsim/extscache/omni.kit.tool.collect-2.2.18+69cbf6ad/omni/kit/tool/collect`: errno=28/No space left on device
2026-05-23T22:43:59Z [2,352ms] [Error] [carb] Failed to create change watch for `/home/accelerator/miniforge3/envs/env_isaaclab/lib/python3.11/site-packages/isaacsim/extscache/omni.kit.tool.collect-2.2.18+69cbf6ad/omni/kit/tool/collect/tests`: errno=28/No space left on device
[2.361s] [ext: omni.kit.menu.stage-1.2.7] startup
2026-05-23T22:43:59Z [2,368ms] [Error] [carb] Failed to create change watch for `/home/accelerator/miniforge3/envs/env_isaaclab/lib/python3.11/site-packages/isaacsim/extscache/omni.kit.menu.stage-1.2.7`: errno=28/No space left on device
2026-05-23T22:43:59Z [2,368ms] [Error] [carb] Failed to create change watch for `/home/accelerator/miniforge3/envs/env_isaaclab/lib/python3.11/site-packages/isaacsim/extscache/omni.kit.menu.stage-1.2.7/config`: errno=28/No space left on device
2026-05-23T22:43:59Z [2,368ms] [Error] [carb] Failed to create change watch for `/home/accelerator/miniforge3/envs/env_isaaclab/lib/python3.11/site-packages/isaacsim/extscache/omni.kit.menu.stage-1.2.7/omni`: errno=28/No space left on device
2026-05-23T22:43:59Z [2,368ms] [Error] [carb] Failed to create change watch for `/home/accelerator/miniforge3/envs/env_isaaclab/lib/python3.11/site-packages/isaacsim/extscache/omni.kit.menu.stage-1.2.7/omni/kit`: errno=28/No space left on device
2026-05-23T22:43:59Z [2,368ms] [Error] [carb] Failed to create change watch for `/home/accelerator/miniforge3/envs/env_isaaclab/lib/python3.11/site-packages/isaacsim/extscache/omni.kit.menu.stage-1.2.7/omni/kit/menu`: errno=28/No space left on device
2026-05-23T22:43:59Z [2,368ms] [Error] [carb] Failed to create change watch for `/home/accelerator/miniforge3/envs/env_isaaclab/lib/python3.11/site-packages/isaacsim/extscache/omni.kit.menu.stage-1.2.7/omni/kit/menu/stage`: errno=28/No space left on device
[2.377s] [ext: omni.kit.tool.asset_importer-4.3.2] startup
2026-05-23T22:43:59Z [2,368ms] [Error] [carb] Failed to create change watch for `/home/accelerator/miniforge3/envs/env_isaaclab/lib/python3.11/site-packages/isaacsim/extscache/omni.kit.menu.stage-1.2.7/omni/kit/menu/stage/tests`: errno=28/No space left on device
Warp DeprecationWarning: The `warp.sim` module is deprecated and will be removed in v1.10. Please transition to using the forthcoming Newton library instead.
2026-05-23T22:43:59Z [2,420ms] [Error] [carb] Failed to create change watch for `/home/accelerator/miniforge3/envs/env_isaaclab/lib/python3.11/site-packages/isaacsim/extscache/omni.kit.tool.asset_importer-4.3.2+107.0.3`: errno=28/No space left on device
[2.429s] [ext: isaacsim.robot.wheeled_robots-4.0.24] startup
2026-05-23T22:43:59Z [2,420ms] [Error] [carb] Failed to create change watch for `/home/accelerator/miniforge3/envs/env_isaaclab/lib/python3.11/site-packages/isaacsim/extscache/omni.kit.tool.asset_importer-4.3.2+107.0.3/config`: errno=28/No space left on device
2026-05-23T22:43:59Z [2,420ms] [Error] [carb] Failed to create change watch for `/home/accelerator/miniforge3/envs/env_isaaclab/lib/python3.11/site-packages/isaacsim/extscache/omni.kit.tool.asset_importer-4.3.2+107.0.3/omni`: errno=28/No space left on device
2026-05-23T22:43:59Z [2,420ms] [Error] [carb] Failed to create change watch for `/home/accelerator/miniforge3/envs/env_isaaclab/lib/python3.11/site-packages/isaacsim/extscache/omni.kit.tool.asset_importer-4.3.2+107.0.3/omni/kit`: errno=28/No space left on device
2026-05-23T22:43:59Z [2,420ms] [Error] [carb] Failed to create change watch for `/home/accelerator/miniforge3/envs/env_isaaclab/lib/python3.11/site-packages/isaacsim/extscache/omni.kit.tool.asset_importer-4.3.2+107.0.3/omni/kit/tool`: errno=28/No space left on device
2026-05-23T22:43:59Z [2,420ms] [Error] [carb] Failed to create change watch for `/home/accelerator/miniforge3/envs/env_isaaclab/lib/python3.11/site-packages/isaacsim/extscache/omni.kit.tool.asset_importer-4.3.2+107.0.3/omni/kit/tool/asset_importer`: errno=28/No space left on device
2026-05-23T22:43:59Z [2,420ms] [Error] [carb] Failed to create change watch for `/home/accelerator/miniforge3/envs/env_isaaclab/lib/python3.11/site-packages/isaacsim/extscache/omni.kit.tool.asset_importer-4.3.2+107.0.3/omni/kit/tool/asset_importer/filebrowser`: errno=28/No space left on device
2026-05-23T22:43:59Z [2,420ms] [Error] [carb] Failed to create change watch for `/home/accelerator/miniforge3/envs/env_isaaclab/lib/python3.11/site-packages/isaacsim/extscache/omni.kit.tool.asset_importer-4.3.2+107.0.3/omni/kit/tool/asset_importer/tests`: errno=28/No space left on device
2026-05-23T22:43:59Z [2,426ms] [Error] [carb] Failed to create change watch for `/home/accelerator/miniforge3/envs/env_isaaclab/lib/python3.11/site-packages/isaacsim/exts/isaacsim.robot.wheeled_robots`: errno=28/No space left on device
2026-05-23T22:43:59Z [2,426ms] [Error] [carb] Failed to create change watch for `/home/accelerator/miniforge3/envs/env_isaaclab/lib/python3.11/site-packages/isaacsim/exts/isaacsim.robot.wheeled_robots/config`: errno=28/No space left on device
2026-05-23T22:43:59Z [2,426ms] [Error] [carb] Failed to create change watch for `/home/accelerator/miniforge3/envs/env_isaaclab/lib/python3.11/site-packages/isaacsim/exts/isaacsim.robot.wheeled_robots/isaacsim`: errno=28/No space left on device
2026-05-23T22:43:59Z [2,426ms] [Error] [carb] Failed to create change watch for `/home/accelerator/miniforge3/envs/env_isaaclab/lib/python3.11/site-packages/isaacsim/exts/isaacsim.robot.wheeled_robots/isaacsim/robot`: errno=28/No space left on device
2026-05-23T22:43:59Z [2,426ms] [Error] [carb] Failed to create change watch for `/home/accelerator/miniforge3/envs/env_isaaclab/lib/python3.11/site-packages/isaacsim/exts/isaacsim.robot.wheeled_robots/isaacsim/robot/wheeled_robots`: errno=28/No space left on device
2026-05-23T22:43:59Z [2,426ms] [Error] [carb] Failed to create change watch for `/home/accelerator/miniforge3/envs/env_isaaclab/lib/python3.11/site-packages/isaacsim/exts/isaacsim.robot.wheeled_robots/isaacsim/robot/wheeled_robots/controllers`: errno=28/No space left on device
2026-05-23T22:43:59Z [2,426ms] [Error] [carb] Failed to create change watch for `/home/accelerator/miniforge3/envs/env_isaaclab/lib/python3.11/site-packages/isaacsim/exts/isaacsim.robot.wheeled_robots/isaacsim/robot/wheeled_robots/robots`: errno=28/No space left on device
2026-05-23T22:43:59Z [2,426ms] [Error] [carb] Failed to create change watch for `/home/accelerator/miniforge3/envs/env_isaaclab/lib/python3.11/site-packages/isaacsim/exts/isaacsim.robot.wheeled_robots/isaacsim/robot/wheeled_robots/bindings`: errno=28/No space left on device
2026-05-23T22:43:59Z [2,426ms] [Error] [carb] Failed to create change watch for `/home/accelerator/miniforge3/envs/env_isaaclab/lib/python3.11/site-packages/isaacsim/exts/isaacsim.robot.wheeled_robots/isaacsim/robot/wheeled_robots/impl`: errno=28/No space left on device
2026-05-23T22:43:59Z [2,426ms] [Error] [carb] Failed to create change watch for `/home/accelerator/miniforge3/envs/env_isaaclab/lib/python3.11/site-packages/isaacsim/exts/isaacsim.robot.wheeled_robots/isaacsim/robot/wheeled_robots/ogn`: errno=28/No space left on device
2026-05-23T22:43:59Z [2,426ms] [Error] [carb] Failed to create change watch for `/home/accelerator/miniforge3/envs/env_isaaclab/lib/python3.11/site-packages/isaacsim/exts/isaacsim.robot.wheeled_robots/isaacsim/robot/wheeled_robots/ogn/python`: errno=28/No space left on device
2026-05-23T22:43:59Z [2,426ms] [Error] [carb] Failed to create change watch for `/home/accelerator/miniforge3/envs/env_isaaclab/lib/python3.11/site-packages/isaacsim/exts/isaacsim.robot.wheeled_robots/isaacsim/robot/wheeled_robots/ogn/python/nodes`: errno=28/No space left on device
2026-05-23T22:43:59Z [2,426ms] [Error] [carb] Failed to create change watch for `/home/accelerator/miniforge3/envs/env_isaaclab/lib/python3.11/site-packages/isaacsim/exts/isaacsim.robot.wheeled_robots/isaacsim/robot/wheeled_robots/ogn/python/nodes/config`: errno=28/No space left on device
2026-05-23T22:43:59Z [2,426ms] [Error] [carb] Failed to create change watch for `/home/accelerator/miniforge3/envs/env_isaaclab/lib/python3.11/site-packages/isaacsim/exts/isaacsim.robot.wheeled_robots/isaacsim/robot/wheeled_robots/ogn/python/nodes/icons`: errno=28/No space left on device
2026-05-23T22:43:59Z [2,427ms] [Error] [carb] Failed to create change watch for `/home/accelerator/miniforge3/envs/env_isaaclab/lib/python3.11/site-packages/isaacsim/exts/isaacsim.robot.wheeled_robots/isaacsim/robot/wheeled_robots/ogn/nodes`: errno=28/No space left on device
2026-05-23T22:43:59Z [2,427ms] [Error] [carb] Failed to create change watch for `/home/accelerator/miniforge3/envs/env_isaaclab/lib/python3.11/site-packages/isaacsim/exts/isaacsim.robot.wheeled_robots/isaacsim/robot/wheeled_robots/ogn/nodes/config`: errno=28/No space left on device
2026-05-23T22:43:59Z [2,427ms] [Error] [carb] Failed to create change watch for `/home/accelerator/miniforge3/envs/env_isaaclab/lib/python3.11/site-packages/isaacsim/exts/isaacsim.robot.wheeled_robots/isaacsim/robot/wheeled_robots/ogn/nodes/icons`: errno=28/No space left on device
2026-05-23T22:43:59Z [2,427ms] [Error] [carb] Failed to create change watch for `/home/accelerator/miniforge3/envs/env_isaaclab/lib/python3.11/site-packages/isaacsim/exts/isaacsim.robot.wheeled_robots/isaacsim/robot/wheeled_robots/ogn/tests`: errno=28/No space left on device
2026-05-23T22:43:59Z [2,427ms] [Error] [carb] Failed to create change watch for `/home/accelerator/miniforge3/envs/env_isaaclab/lib/python3.11/site-packages/isaacsim/exts/isaacsim.robot.wheeled_robots/isaacsim/robot/wheeled_robots/ogn/tests/usd`: errno=28/No space left on device
2026-05-23T22:43:59Z [2,427ms] [Error] [carb] Failed to create change watch for `/home/accelerator/miniforge3/envs/env_isaaclab/lib/python3.11/site-packages/isaacsim/exts/isaacsim.robot.wheeled_robots/isaacsim/robot/wheeled_robots/nodes`: errno=28/No space left on device
[2.436s] [ext: isaacsim.examples.browser-0.2.1] startup
2026-05-23T22:43:59Z [2,427ms] [Error] [carb] Failed to create change watch for `/home/accelerator/miniforge3/envs/env_isaaclab/lib/python3.11/site-packages/isaacsim/exts/isaacsim.robot.wheeled_robots/isaacsim/robot/wheeled_robots/nodes/config`: errno=28/No space left on device
2026-05-23T22:43:59Z [2,427ms] [Error] [carb] Failed to create change watch for `/home/accelerator/miniforge3/envs/env_isaaclab/lib/python3.11/site-packages/isaacsim/exts/isaacsim.robot.wheeled_robots/isaacsim/robot/wheeled_robots/nodes/icons`: errno=28/No space left on device
2026-05-23T22:43:59Z [2,427ms] [Error] [carb] Failed to create change watch for `/home/accelerator/miniforge3/envs/env_isaaclab/lib/python3.11/site-packages/isaacsim/exts/isaacsim.robot.wheeled_robots/isaacsim/robot/wheeled_robots/tests`: errno=28/No space left on device
2026-05-23T22:43:59Z [2,432ms] [Error] [carb] Failed to create change watch for `/home/accelerator/miniforge3/envs/env_isaaclab/lib/python3.11/site-packages/isaacsim/exts/isaacsim.examples.browser`: errno=28/No space left on device
2026-05-23T22:43:59Z [2,432ms] [Error] [carb] Failed to create change watch for `/home/accelerator/miniforge3/envs/env_isaaclab/lib/python3.11/site-packages/isaacsim/exts/isaacsim.examples.browser/config`: errno=28/No space left on device
2026-05-23T22:43:59Z [2,432ms] [Error] [carb] Failed to create change watch for `/home/accelerator/miniforge3/envs/env_isaaclab/lib/python3.11/site-packages/isaacsim/exts/isaacsim.examples.browser/isaacsim`: errno=28/No space left on device
2026-05-23T22:43:59Z [2,432ms] [Error] [carb] Failed to create change watch for `/home/accelerator/miniforge3/envs/env_isaaclab/lib/python3.11/site-packages/isaacsim/exts/isaacsim.examples.browser/isaacsim/examples`: errno=28/No space left on device
2026-05-23T22:43:59Z [2,432ms] [Error] [carb] Failed to create change watch for `/home/accelerator/miniforge3/envs/env_isaaclab/lib/python3.11/site-packages/isaacsim/exts/isaacsim.examples.browser/isaacsim/examples/browser`: errno=28/No space left on device
[2.441s] [ext: isaacsim.asset.importer.urdf-2.4.30] startup
2026-05-23T22:43:59Z [2,473ms] [Error] [carb] Failed to create change watch for `/home/accelerator/miniforge3/envs/env_isaaclab/lib/python3.11/site-packages/isaacsim/exts/isaacsim.asset.importer.urdf`: errno=28/No space left on device
[2.482s] [ext: omni.isaac.wheeled_robots-3.0.7] startup
2026-05-23T22:43:59Z [2,473ms] [Error] [carb] Failed to create change watch for `/home/accelerator/miniforge3/envs/env_isaaclab/lib/python3.11/site-packages/isaacsim/exts/isaacsim.asset.importer.urdf/config`: errno=28/No space left on device
2026-05-23T22:43:59Z [2,473ms] [Error] [carb] Failed to create change watch for `/home/accelerator/miniforge3/envs/env_isaaclab/lib/python3.11/site-packages/isaacsim/exts/isaacsim.asset.importer.urdf/isaacsim`: errno=28/No space left on device
2026-05-23T22:43:59Z [2,473ms] [Error] [carb] Failed to create change watch for `/home/accelerator/miniforge3/envs/env_isaaclab/lib/python3.11/site-packages/isaacsim/exts/isaacsim.asset.importer.urdf/isaacsim/asset`: errno=28/No space left on device
2026-05-23T22:43:59Z [2,473ms] [Error] [carb] Failed to create change watch for `/home/accelerator/miniforge3/envs/env_isaaclab/lib/python3.11/site-packages/isaacsim/exts/isaacsim.asset.importer.urdf/isaacsim/asset/importer`: errno=28/No space left on device
2026-05-23T22:43:59Z [2,473ms] [Error] [carb] Failed to create change watch for `/home/accelerator/miniforge3/envs/env_isaaclab/lib/python3.11/site-packages/isaacsim/exts/isaacsim.asset.importer.urdf/isaacsim/asset/importer/urdf`: errno=28/No space left on device
2026-05-23T22:43:59Z [2,473ms] [Error] [carb] Failed to create change watch for `/home/accelerator/miniforge3/envs/env_isaaclab/lib/python3.11/site-packages/isaacsim/exts/isaacsim.asset.importer.urdf/isaacsim/asset/importer/urdf/impl`: errno=28/No space left on device
2026-05-23T22:43:59Z [2,473ms] [Error] [carb] Failed to create change watch for `/home/accelerator/miniforge3/envs/env_isaaclab/lib/python3.11/site-packages/isaacsim/exts/isaacsim.asset.importer.urdf/isaacsim/asset/importer/urdf/impl/samples`: errno=28/No space left on device
2026-05-23T22:43:59Z [2,473ms] [Error] [carb] Failed to create change watch for `/home/accelerator/miniforge3/envs/env_isaaclab/lib/python3.11/site-packages/isaacsim/exts/isaacsim.asset.importer.urdf/isaacsim/asset/importer/urdf/impl/ui`: errno=28/No space left on device
2026-05-23T22:43:59Z [2,473ms] [Error] [carb] Failed to create change watch for `/home/accelerator/miniforge3/envs/env_isaaclab/lib/python3.11/site-packages/isaacsim/exts/isaacsim.asset.importer.urdf/isaacsim/asset/importer/urdf/tests`: errno=28/No space left on device
2026-05-23T22:43:59Z [2,474ms] [Warning] [omni.isaac.wheeled_robots] omni.isaac.wheeled_robots has been deprecated in favor of isaacsim.robot.wheeled_robots. Please update your code accordingly.
2026-05-23T22:43:59Z [2,474ms] [Warning] [omni.isaac.wheeled_robots.controllers] omni.isaac.wheeled_robots has been deprecated in favor of isaacsim.robot.wheeled_robots. Please update your code accordingly.
2026-05-23T22:43:59Z [2,474ms] [Warning] [omni.isaac.wheeled_robots.controllers.ackermann_controller] omni.isaac.wheeled_robots has been deprecated in favor of isaacsim.robot.wheeled_robots. Please update your code accordingly.
2026-05-23T22:43:59Z [2,474ms] [Warning] [omni.isaac.wheeled_robots.controllers.differential_controller] omni.isaac.wheeled_robots has been deprecated in favor of isaacsim.robot.wheeled_robots. Please update your code accordingly.
2026-05-23T22:43:59Z [2,475ms] [Warning] [omni.isaac.wheeled_robots.controllers.holonomic_controller] omni.isaac.wheeled_robots has been deprecated in favor of isaacsim.robot.wheeled_robots. Please update your code accordingly.
2026-05-23T22:43:59Z [2,475ms] [Warning] [omni.isaac.wheeled_robots.controllers.quintic_path_planner] omni.isaac.wheeled_robots has been deprecated in favor of isaacsim.robot.wheeled_robots. Please update your code accordingly.
2026-05-23T22:43:59Z [2,475ms] [Warning] [omni.isaac.wheeled_robots.controllers.stanley_control] omni.isaac.wheeled_robots has been deprecated in favor of isaacsim.robot.wheeled_robots. Please update your code accordingly.
2026-05-23T22:43:59Z [2,475ms] [Warning] [omni.isaac.wheeled_robots.controllers.wheel_base_pose_controller] omni.isaac.wheeled_robots has been deprecated in favor of isaacsim.robot.wheeled_robots. Please update your code accordingly.
2026-05-23T22:43:59Z [2,475ms] [Warning] [omni.isaac.wheeled_robots.impl] omni.isaac.wheeled_robots has been deprecated in favor of isaacsim.robot.wheeled_robots. Please update your code accordingly.
2026-05-23T22:43:59Z [2,475ms] [Warning] [omni.isaac.wheeled_robots.robots] omni.isaac.wheeled_robots has been deprecated in favor of isaacsim.robot.wheeled_robots. Please update your code accordingly.
2026-05-23T22:43:59Z [2,476ms] [Warning] [omni.isaac.wheeled_robots.robots.holonomic_robot_usd_setup] omni.isaac.wheeled_robots has been deprecated in favor of isaacsim.robot.wheeled_robots. Please update your code accordingly.
2026-05-23T22:43:59Z [2,476ms] [Warning] [omni.isaac.wheeled_robots.robots.wheeled_robot] omni.isaac.wheeled_robots has been deprecated in favor of isaacsim.robot.wheeled_robots. Please update your code accordingly.
2026-05-23T22:43:59Z [2,477ms] [Error] [carb] Failed to create change watch for `/home/accelerator/miniforge3/envs/env_isaaclab/lib/python3.11/site-packages/isaacsim/extsDeprecated/omni.isaac.wheeled_robots`: errno=28/No space left on device
2026-05-23T22:43:59Z [2,477ms] [Error] [carb] Failed to create change watch for `/home/accelerator/miniforge3/envs/env_isaaclab/lib/python3.11/site-packages/isaacsim/extsDeprecated/omni.isaac.wheeled_robots/config`: errno=28/No space left on device
2026-05-23T22:43:59Z [2,477ms] [Error] [carb] Failed to create change watch for `/home/accelerator/miniforge3/envs/env_isaaclab/lib/python3.11/site-packages/isaacsim/extsDeprecated/omni.isaac.wheeled_robots/omni`: errno=28/No space left on device
2026-05-23T22:43:59Z [2,477ms] [Error] [carb] Failed to create change watch for `/home/accelerator/miniforge3/envs/env_isaaclab/lib/python3.11/site-packages/isaacsim/extsDeprecated/omni.isaac.wheeled_robots/omni/isaac`: errno=28/No space left on device
2026-05-23T22:43:59Z [2,477ms] [Error] [carb] Failed to create change watch for `/home/accelerator/miniforge3/envs/env_isaaclab/lib/python3.11/site-packages/isaacsim/extsDeprecated/omni.isaac.wheeled_robots/omni/isaac/wheeled_robots`: errno=28/No space left on device
2026-05-23T22:43:59Z [2,477ms] [Error] [carb] Failed to create change watch for `/home/accelerator/miniforge3/envs/env_isaaclab/lib/python3.11/site-packages/isaacsim/extsDeprecated/omni.isaac.wheeled_robots/omni/isaac/wheeled_robots/controllers`: errno=28/No space left on device
2026-05-23T22:43:59Z [2,477ms] [Error] [carb] Failed to create change watch for `/home/accelerator/miniforge3/envs/env_isaaclab/lib/python3.11/site-packages/isaacsim/extsDeprecated/omni.isaac.wheeled_robots/omni/isaac/wheeled_robots/robots`: errno=28/No space left on device
2026-05-23T22:43:59Z [2,478ms] [Error] [carb] Failed to create change watch for `/home/accelerator/miniforge3/envs/env_isaaclab/lib/python3.11/site-packages/isaacsim/extsDeprecated/omni.isaac.wheeled_robots/omni/isaac/wheeled_robots/impl`: errno=28/No space left on device
2026-05-23T22:43:59Z [2,478ms] [Error] [carb] Failed to create change watch for `/home/accelerator/miniforge3/envs/env_isaaclab/lib/python3.11/site-packages/isaacsim/extsDeprecated/omni.isaac.wheeled_robots/omni/isaac/wheeled_robots/tests`: errno=28/No space left on device
[2.487s] [ext: isaacsim.simulation_app-2.12.2] startup
[2.489s] [ext: omni.isaac.franka-1.0.7] startup
2026-05-23T22:43:59Z [2,480ms] [Warning] [omni.isaac.franka] omni.isaac.franka has been deprecated in favor of isaacsim.robot.manipulators.examples.franka. Please update your code accordingly.
2026-05-23T22:43:59Z [2,480ms] [Warning] [omni.isaac.franka.franka] omni.isaac.franka has been deprecated in favor of isaacsim.robot.manipulators.examples.franka. Please update your code accordingly.
2026-05-23T22:43:59Z [2,490ms] [Warning] [omni.isaac.franka.kinematics_solver] omni.isaac.franka has been deprecated in favor of isaacsim.robot.manipulators.examples.franka. Please update your code accordingly.
2026-05-23T22:43:59Z [2,490ms] [Error] [carb] Failed to create change watch for `/home/accelerator/miniforge3/envs/env_isaaclab/lib/python3.11/site-packages/isaacsim/extsDeprecated/omni.isaac.franka`: errno=28/No space left on device
2026-05-23T22:43:59Z [2,490ms] [Error] [carb] Failed to create change watch for `/home/accelerator/miniforge3/envs/env_isaaclab/lib/python3.11/site-packages/isaacsim/extsDeprecated/omni.isaac.franka/config`: errno=28/No space left on device
[2.499s] [ext: omni.isaac.kit-2.0.6] startup
2026-05-23T22:43:59Z [2,490ms] [Error] [carb] Failed to create change watch for `/home/accelerator/miniforge3/envs/env_isaaclab/lib/python3.11/site-packages/isaacsim/extsDeprecated/omni.isaac.franka/omni`: errno=28/No space left on device
2026-05-23T22:43:59Z [2,490ms] [Error] [carb] Failed to create change watch for `/home/accelerator/miniforge3/envs/env_isaaclab/lib/python3.11/site-packages/isaacsim/extsDeprecated/omni.isaac.franka/omni/isaac`: errno=28/No space left on device
2026-05-23T22:43:59Z [2,490ms] [Error] [carb] Failed to create change watch for `/home/accelerator/miniforge3/envs/env_isaaclab/lib/python3.11/site-packages/isaacsim/extsDeprecated/omni.isaac.franka/omni/isaac/franka`: errno=28/No space left on device
2026-05-23T22:43:59Z [2,490ms] [Error] [carb] Failed to create change watch for `/home/accelerator/miniforge3/envs/env_isaaclab/lib/python3.11/site-packages/isaacsim/extsDeprecated/omni.isaac.franka/omni/isaac/franka/tasks`: errno=28/No space left on device
2026-05-23T22:43:59Z [2,490ms] [Error] [carb] Failed to create change watch for `/home/accelerator/miniforge3/envs/env_isaaclab/lib/python3.11/site-packages/isaacsim/extsDeprecated/omni.isaac.franka/omni/isaac/franka/controllers`: errno=28/No space left on device
2026-05-23T22:43:59Z [2,491ms] [Warning] [omni.isaac.kit] omni.isaac.kit has been deprecated in favor of isaacsim.simulation_app. Please update your code accordingly.
[2.500s] [ext: omni.kit.selection-0.1.6] startup
2026-05-23T22:43:59Z [2,492ms] [Error] [carb] Failed to create change watch for `/home/accelerator/miniforge3/envs/env_isaaclab/lib/python3.11/site-packages/isaacsim/extscache/omni.kit.selection-0.1.6+69cbf6ad`: errno=28/No space left on device
2026-05-23T22:43:59Z [2,492ms] [Error] [carb] Failed to create change watch for `/home/accelerator/miniforge3/envs/env_isaaclab/lib/python3.11/site-packages/isaacsim/extscache/omni.kit.selection-0.1.6+69cbf6ad/config`: errno=28/No space left on device
2026-05-23T22:43:59Z [2,492ms] [Error] [carb] Failed to create change watch for `/home/accelerator/miniforge3/envs/env_isaaclab/lib/python3.11/site-packages/isaacsim/extscache/omni.kit.selection-0.1.6+69cbf6ad/omni`: errno=28/No space left on device
2026-05-23T22:43:59Z [2,492ms] [Error] [carb] Failed to create change watch for `/home/accelerator/miniforge3/envs/env_isaaclab/lib/python3.11/site-packages/isaacsim/extscache/omni.kit.selection-0.1.6+69cbf6ad/omni/kit`: errno=28/No space left on device
[2.501s] [ext: omni.isaac.lula-4.0.6] startup
2026-05-23T22:43:59Z [2,492ms] [Error] [carb] Failed to create change watch for `/home/accelerator/miniforge3/envs/env_isaaclab/lib/python3.11/site-packages/isaacsim/extscache/omni.kit.selection-0.1.6+69cbf6ad/omni/kit/selection`: errno=28/No space left on device
2026-05-23T22:43:59Z [2,492ms] [Error] [carb] Failed to create change watch for `/home/accelerator/miniforge3/envs/env_isaaclab/lib/python3.11/site-packages/isaacsim/extscache/omni.kit.selection-0.1.6+69cbf6ad/omni/kit/selection/tests`: errno=28/No space left on device
2026-05-23T22:43:59Z [2,493ms] [Warning] [omni.isaac.lula] omni.isaac.lula has been deprecated in favor of isaacsim.robot_motion.lula. Please update your code accordingly.
2026-05-23T22:43:59Z [2,493ms] [Error] [carb] Failed to create change watch for `/home/accelerator/miniforge3/envs/env_isaaclab/lib/python3.11/site-packages/isaacsim/extsDeprecated/omni.isaac.lula`: errno=28/No space left on device
2026-05-23T22:43:59Z [2,493ms] [Error] [carb] Failed to create change watch for `/home/accelerator/miniforge3/envs/env_isaaclab/lib/python3.11/site-packages/isaacsim/extsDeprecated/omni.isaac.lula/config`: errno=28/No space left on device
2026-05-23T22:43:59Z [2,493ms] [Error] [carb] Failed to create change watch for `/home/accelerator/miniforge3/envs/env_isaaclab/lib/python3.11/site-packages/isaacsim/extsDeprecated/omni.isaac.lula/omni`: errno=28/No space left on device
2026-05-23T22:43:59Z [2,493ms] [Error] [carb] Failed to create change watch for `/home/accelerator/miniforge3/envs/env_isaaclab/lib/python3.11/site-packages/isaacsim/extsDeprecated/omni.isaac.lula/omni/isaac`: errno=28/No space left on device
2026-05-23T22:43:59Z [2,493ms] [Error] [carb] Failed to create change watch for `/home/accelerator/miniforge3/envs/env_isaaclab/lib/python3.11/site-packages/isaacsim/extsDeprecated/omni.isaac.lula/omni/isaac/lula`: errno=28/No space left on device
[2.502s] [ext: isaacsim.robot_motion.lula_test_widget-1.0.12] startup
2026-05-23T22:43:59Z [2,493ms] [Error] [carb] Failed to create change watch for `/home/accelerator/miniforge3/envs/env_isaaclab/lib/python3.11/site-packages/isaacsim/extsDeprecated/omni.isaac.lula/omni/isaac/lula/tests`: errno=28/No space left on device
2026-05-23T22:43:59Z [2,494ms] [Error] [carb] Failed to create change watch for `/home/accelerator/miniforge3/envs/env_isaaclab/lib/python3.11/site-packages/isaacsim/exts/isaacsim.robot_motion.lula_test_widget`: errno=28/No space left on device
2026-05-23T22:43:59Z [2,494ms] [Error] [carb] Failed to create change watch for `/home/accelerator/miniforge3/envs/env_isaaclab/lib/python3.11/site-packages/isaacsim/exts/isaacsim.robot_motion.lula_test_widget/config`: errno=28/No space left on device
2026-05-23T22:43:59Z [2,494ms] [Error] [carb] Failed to create change watch for `/home/accelerator/miniforge3/envs/env_isaaclab/lib/python3.11/site-packages/isaacsim/exts/isaacsim.robot_motion.lula_test_widget/isaacsim`: errno=28/No space left on device
[2.503s] [ext: isaacsim.asset.browser-1.3.23] startup
2026-05-23T22:43:59Z [2,494ms] [Error] [carb] Failed to create change watch for `/home/accelerator/miniforge3/envs/env_isaaclab/lib/python3.11/site-packages/isaacsim/exts/isaacsim.robot_motion.lula_test_widget/isaacsim/robot_motion`: errno=28/No space left on device
2026-05-23T22:43:59Z [2,494ms] [Error] [carb] Failed to create change watch for `/home/accelerator/miniforge3/envs/env_isaaclab/lib/python3.11/site-packages/isaacsim/exts/isaacsim.robot_motion.lula_test_widget/isaacsim/robot_motion/lula_test_widget`: errno=28/No space left on device
2026-05-23T22:43:59Z [2,528ms] [Error] [omni.kit.app._impl] [py stderr]: /home/accelerator/miniforge3/envs/env_isaaclab/lib/python3.11/site-packages/requests/__init__.py:113: RequestsDependencyWarning: urllib3 (2.6.3) or chardet (7.4.3)/charset_normalizer (3.3.2) doesn't match a supported version!
  warnings.warn(
[2.546s] [ext: omni.kit.viewport.actions-107.0.2] startup
2026-05-23T22:43:59Z [2,537ms] [Error] [carb] Failed to create change watch for `/home/accelerator/miniforge3/envs/env_isaaclab/lib/python3.11/site-packages/isaacsim/exts/isaacsim.asset.browser`: errno=28/No space left on device
2026-05-23T22:43:59Z [2,537ms] [Error] [carb] Failed to create change watch for `/home/accelerator/miniforge3/envs/env_isaaclab/lib/python3.11/site-packages/isaacsim/exts/isaacsim.asset.browser/config`: errno=28/No space left on device
2026-05-23T22:43:59Z [2,537ms] [Error] [carb] Failed to create change watch for `/home/accelerator/miniforge3/envs/env_isaaclab/lib/python3.11/site-packages/isaacsim/exts/isaacsim.asset.browser/isaacsim`: errno=28/No space left on device
2026-05-23T22:43:59Z [2,538ms] [Error] [carb] Failed to create change watch for `/home/accelerator/miniforge3/envs/env_isaaclab/lib/python3.11/site-packages/isaacsim/exts/isaacsim.asset.browser/isaacsim/asset`: errno=28/No space left on device
2026-05-23T22:43:59Z [2,538ms] [Error] [carb] Failed to create change watch for `/home/accelerator/miniforge3/envs/env_isaaclab/lib/python3.11/site-packages/isaacsim/exts/isaacsim.asset.browser/isaacsim/asset/browser`: errno=28/No space left on device
2026-05-23T22:43:59Z [2,538ms] [Error] [carb] Failed to create change watch for `/home/accelerator/miniforge3/envs/env_isaaclab/lib/python3.11/site-packages/isaacsim/exts/isaacsim.asset.browser/isaacsim/asset/browser/tests`: errno=28/No space left on device
2026-05-23T22:43:59Z [2,540ms] [Error] [carb] Failed to create change watch for `/home/accelerator/miniforge3/envs/env_isaaclab/lib/python3.11/site-packages/isaacsim/extscache/omni.kit.viewport.actions-107.0.2+69cbf6ad`: errno=28/No space left on device
2026-05-23T22:43:59Z [2,540ms] [Error] [carb] Failed to create change watch for `/home/accelerator/miniforge3/envs/env_isaaclab/lib/python3.11/site-packages/isaacsim/extscache/omni.kit.viewport.actions-107.0.2+69cbf6ad/config`: errno=28/No space left on device
2026-05-23T22:43:59Z [2,540ms] [Error] [carb] Failed to create change watch for `/home/accelerator/miniforge3/envs/env_isaaclab/lib/python3.11/site-packages/isaacsim/extscache/omni.kit.viewport.actions-107.0.2+69cbf6ad/omni`: errno=28/No space left on device
[2.549s] [ext: isaacsim.gui.menu-2.4.4] startup
2026-05-23T22:43:59Z [2,540ms] [Error] [carb] Failed to create change watch for `/home/accelerator/miniforge3/envs/env_isaaclab/lib/python3.11/site-packages/isaacsim/extscache/omni.kit.viewport.actions-107.0.2+69cbf6ad/omni/kit`: errno=28/No space left on device
2026-05-23T22:43:59Z [2,540ms] [Error] [carb] Failed to create change watch for `/home/accelerator/miniforge3/envs/env_isaaclab/lib/python3.11/site-packages/isaacsim/extscache/omni.kit.viewport.actions-107.0.2+69cbf6ad/omni/kit/viewport`: errno=28/No space left on device
2026-05-23T22:43:59Z [2,540ms] [Error] [carb] Failed to create change watch for `/home/accelerator/miniforge3/envs/env_isaaclab/lib/python3.11/site-packages/isaacsim/extscache/omni.kit.viewport.actions-107.0.2+69cbf6ad/omni/kit/viewport/actions`: errno=28/No space left on device
2026-05-23T22:43:59Z [2,540ms] [Error] [carb] Failed to create change watch for `/home/accelerator/miniforge3/envs/env_isaaclab/lib/python3.11/site-packages/isaacsim/extscache/omni.kit.viewport.actions-107.0.2+69cbf6ad/omni/kit/viewport/actions/tests`: errno=28/No space left on device
2026-05-23T22:43:59Z [2,543ms] [Error] [carb] Failed to create change watch for `/home/accelerator/miniforge3/envs/env_isaaclab/lib/python3.11/site-packages/isaacsim/exts/isaacsim.gui.menu`: errno=28/No space left on device
2026-05-23T22:43:59Z [2,543ms] [Error] [carb] Failed to create change watch for `/home/accelerator/miniforge3/envs/env_isaaclab/lib/python3.11/site-packages/isaacsim/exts/isaacsim.gui.menu/config`: errno=28/No space left on device
[2.552s] [ext: omni.isaac.manipulators-3.0.7] startup
2026-05-23T22:43:59Z [2,543ms] [Error] [carb] Failed to create change watch for `/home/accelerator/miniforge3/envs/env_isaaclab/lib/python3.11/site-packages/isaacsim/exts/isaacsim.gui.menu/isaacsim`: errno=28/No space left on device
2026-05-23T22:43:59Z [2,543ms] [Error] [carb] Failed to create change watch for `/home/accelerator/miniforge3/envs/env_isaaclab/lib/python3.11/site-packages/isaacsim/exts/isaacsim.gui.menu/isaacsim/gui`: errno=28/No space left on device
2026-05-23T22:43:59Z [2,543ms] [Error] [carb] Failed to create change watch for `/home/accelerator/miniforge3/envs/env_isaaclab/lib/python3.11/site-packages/isaacsim/exts/isaacsim.gui.menu/isaacsim/gui/menu`: errno=28/No space left on device
2026-05-23T22:43:59Z [2,543ms] [Error] [carb] Failed to create change watch for `/home/accelerator/miniforge3/envs/env_isaaclab/lib/python3.11/site-packages/isaacsim/exts/isaacsim.gui.menu/isaacsim/gui/menu/edit_menu`: errno=28/No space left on device
2026-05-23T22:43:59Z [2,543ms] [Error] [carb] Failed to create change watch for `/home/accelerator/miniforge3/envs/env_isaaclab/lib/python3.11/site-packages/isaacsim/exts/isaacsim.gui.menu/isaacsim/gui/menu/file_menu`: errno=28/No space left on device
2026-05-23T22:43:59Z [2,543ms] [Error] [carb] Failed to create change watch for `/home/accelerator/miniforge3/envs/env_isaaclab/lib/python3.11/site-packages/isaacsim/exts/isaacsim.gui.menu/isaacsim/gui/menu/tests`: errno=28/No space left on device
2026-05-23T22:43:59Z [2,544ms] [Warning] [omni.isaac.manipulators] omni.isaac.manipulators has been deprecated in favor of isaacsim.robot.manipulators. Please update your code accordingly.
2026-05-23T22:43:59Z [2,544ms] [Warning] [omni.isaac.manipulators.controllers] omni.isaac.manipulators has been deprecated in favor of isaacsim.robot.manipulators. Please update your code accordingly.
2026-05-23T22:43:59Z [2,545ms] [Warning] [omni.isaac.manipulators.controllers.pick_place_controller] omni.isaac.manipulators has been deprecated in favor of isaacsim.robot.manipulators. Please update your code accordingly.
2026-05-23T22:43:59Z [2,546ms] [Warning] [omni.isaac.manipulators.controllers.stacking_controller] omni.isaac.manipulators has been deprecated in favor of isaacsim.robot.manipulators. Please update your code accordingly.
2026-05-23T22:43:59Z [2,546ms] [Warning] [omni.isaac.manipulators.grippers] omni.isaac.manipulators has been deprecated in favor of isaacsim.robot.manipulators. Please update your code accordingly.
2026-05-23T22:43:59Z [2,546ms] [Warning] [omni.isaac.manipulators.grippers.gripper] omni.isaac.manipulators has been deprecated in favor of isaacsim.robot.manipulators. Please update your code accordingly.
2026-05-23T22:43:59Z [2,546ms] [Warning] [omni.isaac.manipulators.grippers.parallel_gripper] omni.isaac.manipulators has been deprecated in favor of isaacsim.robot.manipulators. Please update your code accordingly.
2026-05-23T22:43:59Z [2,546ms] [Warning] [omni.isaac.manipulators.grippers.surface_gripper] omni.isaac.manipulators has been deprecated in favor of isaacsim.robot.manipulators. Please update your code accordingly.
2026-05-23T22:43:59Z [2,546ms] [Warning] [omni.isaac.manipulators.manipulators] omni.isaac.manipulators has been deprecated in favor of isaacsim.robot.manipulators. Please update your code accordingly.
2026-05-23T22:43:59Z [2,546ms] [Warning] [omni.isaac.manipulators.manipulators.single_manipulator] omni.isaac.manipulators has been deprecated in favor of isaacsim.robot.manipulators. Please update your code accordingly.
2026-05-23T22:43:59Z [2,546ms] [Error] [carb] Failed to create change watch for `/home/accelerator/miniforge3/envs/env_isaaclab/lib/python3.11/site-packages/isaacsim/extsDeprecated/omni.isaac.manipulators`: errno=28/No space left on device
[2.555s] [ext: omni.isaac.lula_test_widget-1.0.6] startup
2026-05-23T22:43:59Z [2,546ms] [Error] [carb] Failed to create change watch for `/home/accelerator/miniforge3/envs/env_isaaclab/lib/python3.11/site-packages/isaacsim/extsDeprecated/omni.isaac.manipulators/config`: errno=28/No space left on device
2026-05-23T22:43:59Z [2,546ms] [Error] [carb] Failed to create change watch for `/home/accelerator/miniforge3/envs/env_isaaclab/lib/python3.11/site-packages/isaacsim/extsDeprecated/omni.isaac.manipulators/omni`: errno=28/No space left on device
2026-05-23T22:43:59Z [2,546ms] [Error] [carb] Failed to create change watch for `/home/accelerator/miniforge3/envs/env_isaaclab/lib/python3.11/site-packages/isaacsim/extsDeprecated/omni.isaac.manipulators/omni/isaac`: errno=28/No space left on device
2026-05-23T22:43:59Z [2,546ms] [Error] [carb] Failed to create change watch for `/home/accelerator/miniforge3/envs/env_isaaclab/lib/python3.11/site-packages/isaacsim/extsDeprecated/omni.isaac.manipulators/omni/isaac/manipulators`: errno=28/No space left on device
2026-05-23T22:43:59Z [2,546ms] [Error] [carb] Failed to create change watch for `/home/accelerator/miniforge3/envs/env_isaaclab/lib/python3.11/site-packages/isaacsim/extsDeprecated/omni.isaac.manipulators/omni/isaac/manipulators/grippers`: errno=28/No space left on device
2026-05-23T22:43:59Z [2,546ms] [Error] [carb] Failed to create change watch for `/home/accelerator/miniforge3/envs/env_isaaclab/lib/python3.11/site-packages/isaacsim/extsDeprecated/omni.isaac.manipulators/omni/isaac/manipulators/controllers`: errno=28/No space left on device
2026-05-23T22:43:59Z [2,546ms] [Error] [carb] Failed to create change watch for `/home/accelerator/miniforge3/envs/env_isaaclab/lib/python3.11/site-packages/isaacsim/extsDeprecated/omni.isaac.manipulators/omni/isaac/manipulators/tests`: errno=28/No space left on device
2026-05-23T22:43:59Z [2,546ms] [Error] [carb] Failed to create change watch for `/home/accelerator/miniforge3/envs/env_isaaclab/lib/python3.11/site-packages/isaacsim/extsDeprecated/omni.isaac.manipulators/omni/isaac/manipulators/manipulators`: errno=28/No space left on device
2026-05-23T22:43:59Z [2,547ms] [Warning] [omni.isaac.lula_test_widget] omni.isaac.lula_test_widget has been deprecated in favor of isaacsim.robot_motion.lula_test_widget. Please update your code accordingly.
2026-05-23T22:43:59Z [2,547ms] [Error] [carb] Failed to create change watch for `/home/accelerator/miniforge3/envs/env_isaaclab/lib/python3.11/site-packages/isaacsim/extsDeprecated/omni.isaac.lula_test_widget`: errno=28/No space left on device
2026-05-23T22:43:59Z [2,547ms] [Error] [carb] Failed to create change watch for `/home/accelerator/miniforge3/envs/env_isaaclab/lib/python3.11/site-packages/isaacsim/extsDeprecated/omni.isaac.lula_test_widget/config`: errno=28/No space left on device
2026-05-23T22:43:59Z [2,547ms] [Error] [carb] Failed to create change watch for `/home/accelerator/miniforge3/envs/env_isaaclab/lib/python3.11/site-packages/isaacsim/extsDeprecated/omni.isaac.lula_test_widget/omni`: errno=28/No space left on device
2026-05-23T22:43:59Z [2,547ms] [Error] [carb] Failed to create change watch for `/home/accelerator/miniforge3/envs/env_isaaclab/lib/python3.11/site-packages/isaacsim/extsDeprecated/omni.isaac.lula_test_widget/omni/isaac`: errno=28/No space left on device
[2.556s] [ext: omni.isaac.asset_browser-1.0.6] startup
2026-05-23T22:43:59Z [2,547ms] [Error] [carb] Failed to create change watch for `/home/accelerator/miniforge3/envs/env_isaaclab/lib/python3.11/site-packages/isaacsim/extsDeprecated/omni.isaac.lula_test_widget/omni/isaac/lula_test_widget`: errno=28/No space left on device
2026-05-23T22:43:59Z [2,548ms] [Warning] [omni.isaac.asset_browser] omni.isaac.asset_browser has been deprecated in favor of isaacsim.asset.browser. Please update your code accordingly.
2026-05-23T22:43:59Z [2,549ms] [Error] [carb] Failed to create change watch for `/home/accelerator/miniforge3/envs/env_isaaclab/lib/python3.11/site-packages/isaacsim/extsDeprecated/omni.isaac.asset_browser`: errno=28/No space left on device
2026-05-23T22:43:59Z [2,549ms] [Error] [carb] Failed to create change watch for `/home/accelerator/miniforge3/envs/env_isaaclab/lib/python3.11/site-packages/isaacsim/extsDeprecated/omni.isaac.asset_browser/config`: errno=28/No space left on device
2026-05-23T22:43:59Z [2,549ms] [Error] [carb] Failed to create change watch for `/home/accelerator/miniforge3/envs/env_isaaclab/lib/python3.11/site-packages/isaacsim/extsDeprecated/omni.isaac.asset_browser/omni`: errno=28/No space left on device
[2.558s] [ext: omni.kit.viewport.menubar.display-107.0.3] startup
2026-05-23T22:43:59Z [2,549ms] [Error] [carb] Failed to create change watch for `/home/accelerator/miniforge3/envs/env_isaaclab/lib/python3.11/site-packages/isaacsim/extsDeprecated/omni.isaac.asset_browser/omni/isaac`: errno=28/No space left on device
2026-05-23T22:43:59Z [2,549ms] [Error] [carb] Failed to create change watch for `/home/accelerator/miniforge3/envs/env_isaaclab/lib/python3.11/site-packages/isaacsim/extsDeprecated/omni.isaac.asset_browser/omni/isaac/asset_browser`: errno=28/No space left on device
2026-05-23T22:43:59Z [2,549ms] [Error] [carb] Failed to create change watch for `/home/accelerator/miniforge3/envs/env_isaaclab/lib/python3.11/site-packages/isaacsim/extsDeprecated/omni.isaac.asset_browser/omni/isaac/asset_browser/tests`: errno=28/No space left on device
2026-05-23T22:43:59Z [2,552ms] [Error] [carb] Failed to create change watch for `/home/accelerator/miniforge3/envs/env_isaaclab/lib/python3.11/site-packages/isaacsim/extscache/omni.kit.viewport.menubar.display-107.0.3+69cbf6ad`: errno=28/No space left on device
2026-05-23T22:43:59Z [2,552ms] [Error] [carb] Failed to create change watch for `/home/accelerator/miniforge3/envs/env_isaaclab/lib/python3.11/site-packages/isaacsim/extscache/omni.kit.viewport.menubar.display-107.0.3+69cbf6ad/config`: errno=28/No space left on device
2026-05-23T22:43:59Z [2,552ms] [Error] [carb] Failed to create change watch for `/home/accelerator/miniforge3/envs/env_isaaclab/lib/python3.11/site-packages/isaacsim/extscache/omni.kit.viewport.menubar.display-107.0.3+69cbf6ad/omni`: errno=28/No space left on device
[2.561s] [ext: omni.isaac.menu-1.0.6] startup
2026-05-23T22:43:59Z [2,552ms] [Error] [carb] Failed to create change watch for `/home/accelerator/miniforge3/envs/env_isaaclab/lib/python3.11/site-packages/isaacsim/extscache/omni.kit.viewport.menubar.display-107.0.3+69cbf6ad/omni/kit`: errno=28/No space left on device
2026-05-23T22:43:59Z [2,552ms] [Error] [carb] Failed to create change watch for `/home/accelerator/miniforge3/envs/env_isaaclab/lib/python3.11/site-packages/isaacsim/extscache/omni.kit.viewport.menubar.display-107.0.3+69cbf6ad/omni/kit/viewport`: errno=28/No space left on device
2026-05-23T22:43:59Z [2,552ms] [Error] [carb] Failed to create change watch for `/home/accelerator/miniforge3/envs/env_isaaclab/lib/python3.11/site-packages/isaacsim/extscache/omni.kit.viewport.menubar.display-107.0.3+69cbf6ad/omni/kit/viewport/menubar`: errno=28/No space left on device
2026-05-23T22:43:59Z [2,552ms] [Error] [carb] Failed to create change watch for `/home/accelerator/miniforge3/envs/env_isaaclab/lib/python3.11/site-packages/isaacsim/extscache/omni.kit.viewport.menubar.display-107.0.3+69cbf6ad/omni/kit/viewport/menubar/display`: errno=28/No space left on device
2026-05-23T22:43:59Z [2,552ms] [Error] [carb] Failed to create change watch for `/home/accelerator/miniforge3/envs/env_isaaclab/lib/python3.11/site-packages/isaacsim/extscache/omni.kit.viewport.menubar.display-107.0.3+69cbf6ad/omni/kit/viewport/menubar/display/tests`: errno=28/No space left on device
2026-05-23T22:43:59Z [2,552ms] [Warning] [omni.isaac.menu] omni.isaac.menu has been deprecated in favor of isaacsim.gui.menu. Please update your code accordingly.
2026-05-23T22:43:59Z [2,552ms] [Error] [carb] Failed to create change watch for `/home/accelerator/miniforge3/envs/env_isaaclab/lib/python3.11/site-packages/isaacsim/extsDeprecated/omni.isaac.menu`: errno=28/No space left on device
[2.561s] [ext: omni.isaac.motion_generation-8.0.7] startup
2026-05-23T22:43:59Z [2,552ms] [Error] [carb] Failed to create change watch for `/home/accelerator/miniforge3/envs/env_isaaclab/lib/python3.11/site-packages/isaacsim/extsDeprecated/omni.isaac.menu/config`: errno=28/No space left on device
2026-05-23T22:43:59Z [2,552ms] [Error] [carb] Failed to create change watch for `/home/accelerator/miniforge3/envs/env_isaaclab/lib/python3.11/site-packages/isaacsim/extsDeprecated/omni.isaac.menu/omni`: errno=28/No space left on device
2026-05-23T22:43:59Z [2,553ms] [Error] [carb] Failed to create change watch for `/home/accelerator/miniforge3/envs/env_isaaclab/lib/python3.11/site-packages/isaacsim/extsDeprecated/omni.isaac.menu/omni/isaac`: errno=28/No space left on device
2026-05-23T22:43:59Z [2,553ms] [Error] [carb] Failed to create change watch for `/home/accelerator/miniforge3/envs/env_isaaclab/lib/python3.11/site-packages/isaacsim/extsDeprecated/omni.isaac.menu/omni/isaac/menu`: errno=28/No space left on device
2026-05-23T22:43:59Z [2,553ms] [Error] [carb] Failed to create change watch for `/home/accelerator/miniforge3/envs/env_isaaclab/lib/python3.11/site-packages/isaacsim/extsDeprecated/omni.isaac.menu/omni/isaac/menu/tests`: errno=28/No space left on device
2026-05-23T22:43:59Z [2,553ms] [Warning] [omni.isaac.motion_generation] omni.isaac.motion_generation has been deprecated in favor of isaacsim.robot_motion.motion_generation. Please update your code accordingly.
2026-05-23T22:43:59Z [2,553ms] [Warning] [omni.isaac.motion_generation.articulation_kinematics_solver] omni.isaac.motion_generation has been deprecated in favor of isaacsim.robot_motion.motion_generation. Please update your code accordingly.
2026-05-23T22:43:59Z [2,553ms] [Warning] [omni.isaac.motion_generation.articulation_motion_policy] omni.isaac.motion_generation has been deprecated in favor of isaacsim.robot_motion.motion_generation. Please update your code accordingly.
2026-05-23T22:43:59Z [2,554ms] [Warning] [omni.isaac.motion_generation.articulation_trajectory] omni.isaac.motion_generation has been deprecated in favor of isaacsim.robot_motion.motion_generation. Please update your code accordingly.
2026-05-23T22:43:59Z [2,554ms] [Warning] [omni.isaac.motion_generation.kinematics_interface] omni.isaac.motion_generation has been deprecated in favor of isaacsim.robot_motion.motion_generation. Please update your code accordingly.
2026-05-23T22:43:59Z [2,554ms] [Warning] [omni.isaac.motion_generation.lula] omni.isaac.motion_generation has been deprecated in favor of isaacsim.robot_motion.motion_generation. Please update your code accordingly.
2026-05-23T22:43:59Z [2,554ms] [Warning] [omni.isaac.motion_generation.lula.kinematics] omni.isaac.motion_generation has been deprecated in favor of isaacsim.robot_motion.motion_generation. Please update your code accordingly.
2026-05-23T22:43:59Z [2,554ms] [Warning] [omni.isaac.motion_generation.lula.motion_policies] omni.isaac.motion_generation has been deprecated in favor of isaacsim.robot_motion.motion_generation. Please update your code accordingly.
2026-05-23T22:43:59Z [2,554ms] [Warning] [omni.isaac.motion_generation.lula.path_planners] omni.isaac.motion_generation has been deprecated in favor of isaacsim.robot_motion.motion_generation. Please update your code accordingly.
2026-05-23T22:43:59Z [2,554ms] [Warning] [omni.isaac.motion_generation.lula.trajectory_generator] omni.isaac.motion_generation has been deprecated in favor of isaacsim.robot_motion.motion_generation. Please update your code accordingly.
2026-05-23T22:43:59Z [2,554ms] [Warning] [omni.isaac.motion_generation.motion_policy_controller] omni.isaac.motion_generation has been deprecated in favor of isaacsim.robot_motion.motion_generation. Please update your code accordingly.
2026-05-23T22:43:59Z [2,554ms] [Warning] [omni.isaac.motion_generation.motion_policy_interface] omni.isaac.motion_generation has been deprecated in favor of isaacsim.robot_motion.motion_generation. Please update your code accordingly.
2026-05-23T22:43:59Z [2,554ms] [Warning] [omni.isaac.motion_generation.path_planner_visualizer] omni.isaac.motion_generation has been deprecated in favor of isaacsim.robot_motion.motion_generation. Please update your code accordingly.
2026-05-23T22:43:59Z [2,554ms] [Warning] [omni.isaac.motion_generation.path_planning_interface] omni.isaac.motion_generation has been deprecated in favor of isaacsim.robot_motion.motion_generation. Please update your code accordingly.
2026-05-23T22:43:59Z [2,555ms] [Warning] [omni.isaac.motion_generation.trajectory] omni.isaac.motion_generation has been deprecated in favor of isaacsim.robot_motion.motion_generation. Please update your code accordingly.
2026-05-23T22:43:59Z [2,555ms] [Warning] [omni.isaac.motion_generation.world_interface] omni.isaac.motion_generation has been deprecated in favor of isaacsim.robot_motion.motion_generation. Please update your code accordingly.
2026-05-23T22:43:59Z [2,555ms] [Error] [carb] Failed to create change watch for `/home/accelerator/miniforge3/envs/env_isaaclab/lib/python3.11/site-packages/isaacsim/extsDeprecated/omni.isaac.motion_generation`: errno=28/No space left on device
[2.564s] [ext: omni.isaac.assets_check-0.3.13] startup
2026-05-23T22:43:59Z [2,555ms] [Error] [carb] Failed to create change watch for `/home/accelerator/miniforge3/envs/env_isaaclab/lib/python3.11/site-packages/isaacsim/extsDeprecated/omni.isaac.motion_generation/config`: errno=28/No space left on device
2026-05-23T22:43:59Z [2,555ms] [Error] [carb] Failed to create change watch for `/home/accelerator/miniforge3/envs/env_isaaclab/lib/python3.11/site-packages/isaacsim/extsDeprecated/omni.isaac.motion_generation/omni`: errno=28/No space left on device
2026-05-23T22:43:59Z [2,555ms] [Error] [carb] Failed to create change watch for `/home/accelerator/miniforge3/envs/env_isaaclab/lib/python3.11/site-packages/isaacsim/extsDeprecated/omni.isaac.motion_generation/omni/isaac`: errno=28/No space left on device
2026-05-23T22:43:59Z [2,555ms] [Error] [carb] Failed to create change watch for `/home/accelerator/miniforge3/envs/env_isaaclab/lib/python3.11/site-packages/isaacsim/extsDeprecated/omni.isaac.motion_generation/omni/isaac/motion_generation`: errno=28/No space left on device
2026-05-23T22:43:59Z [2,555ms] [Error] [carb] Failed to create change watch for `/home/accelerator/miniforge3/envs/env_isaaclab/lib/python3.11/site-packages/isaacsim/extsDeprecated/omni.isaac.motion_generation/omni/isaac/motion_generation/lula`: errno=28/No space left on device
2026-05-23T22:43:59Z [2,555ms] [Error] [carb] Failed to create change watch for `/home/accelerator/miniforge3/envs/env_isaaclab/lib/python3.11/site-packages/isaacsim/extsDeprecated/omni.isaac.motion_generation/omni/isaac/motion_generation/tests`: errno=28/No space left on device
2026-05-23T22:43:59Z [2,556ms] [Warning] [omni.isaac.assets_check] omni.isaac.assets_check has been deprecated in favor of isaacsim.asset.browser. Please update your code accordingly.
2026-05-23T22:43:59Z [2,556ms] [Error] [carb] Failed to create change watch for `/home/accelerator/miniforge3/envs/env_isaaclab/lib/python3.11/site-packages/isaacsim/extsDeprecated/omni.isaac.assets_check`: errno=28/No space left on device
2026-05-23T22:43:59Z [2,556ms] [Error] [carb] Failed to create change watch for `/home/accelerator/miniforge3/envs/env_isaaclab/lib/python3.11/site-packages/isaacsim/extsDeprecated/omni.isaac.assets_check/config`: errno=28/No space left on device
[2.565s] [ext: isaacsim.gui.sensors.icon-2.0.3] startup
2026-05-23T22:43:59Z [2,556ms] [Error] [carb] Failed to create change watch for `/home/accelerator/miniforge3/envs/env_isaaclab/lib/python3.11/site-packages/isaacsim/extsDeprecated/omni.isaac.assets_check/omni`: errno=28/No space left on device
2026-05-23T22:43:59Z [2,556ms] [Error] [carb] Failed to create change watch for `/home/accelerator/miniforge3/envs/env_isaaclab/lib/python3.11/site-packages/isaacsim/extsDeprecated/omni.isaac.assets_check/omni/isaac`: errno=28/No space left on device
2026-05-23T22:43:59Z [2,556ms] [Error] [carb] Failed to create change watch for `/home/accelerator/miniforge3/envs/env_isaaclab/lib/python3.11/site-packages/isaacsim/extsDeprecated/omni.isaac.assets_check/omni/isaac/assets_check`: errno=28/No space left on device
2026-05-23T22:43:59Z [2,563ms] [Error] [carb] Failed to create change watch for `/home/accelerator/miniforge3/envs/env_isaaclab/lib/python3.11/site-packages/isaacsim/exts/isaacsim.gui.sensors.icon`: errno=28/No space left on device
2026-05-23T22:43:59Z [2,563ms] [Error] [carb] Failed to create change watch for `/home/accelerator/miniforge3/envs/env_isaaclab/lib/python3.11/site-packages/isaacsim/exts/isaacsim.gui.sensors.icon/config`: errno=28/No space left on device
2026-05-23T22:43:59Z [2,563ms] [Error] [carb] Failed to create change watch for `/home/accelerator/miniforge3/envs/env_isaaclab/lib/python3.11/site-packages/isaacsim/exts/isaacsim.gui.sensors.icon/isaacsim`: errno=28/No space left on device
[2.572s] [ext: isaacsim.asset.importer.mjcf-2.5.13] startup
2026-05-23T22:43:59Z [2,563ms] [Error] [carb] Failed to create change watch for `/home/accelerator/miniforge3/envs/env_isaaclab/lib/python3.11/site-packages/isaacsim/exts/isaacsim.gui.sensors.icon/isaacsim/gui`: errno=28/No space left on device
2026-05-23T22:43:59Z [2,563ms] [Error] [carb] Failed to create change watch for `/home/accelerator/miniforge3/envs/env_isaaclab/lib/python3.11/site-packages/isaacsim/exts/isaacsim.gui.sensors.icon/isaacsim/gui/sensors`: errno=28/No space left on device
2026-05-23T22:43:59Z [2,563ms] [Error] [carb] Failed to create change watch for `/home/accelerator/miniforge3/envs/env_isaaclab/lib/python3.11/site-packages/isaacsim/exts/isaacsim.gui.sensors.icon/isaacsim/gui/sensors/icon`: errno=28/No space left on device
2026-05-23T22:43:59Z [2,563ms] [Error] [carb] Failed to create change watch for `/home/accelerator/miniforge3/envs/env_isaaclab/lib/python3.11/site-packages/isaacsim/exts/isaacsim.gui.sensors.icon/isaacsim/gui/sensors/icon/impl`: errno=28/No space left on device
2026-05-23T22:43:59Z [2,563ms] [Error] [carb] Failed to create change watch for `/home/accelerator/miniforge3/envs/env_isaaclab/lib/python3.11/site-packages/isaacsim/exts/isaacsim.gui.sensors.icon/isaacsim/gui/sensors/icon/tests`: errno=28/No space left on device
2026-05-23T22:43:59Z [2,565ms] [Error] [carb] Failed to create change watch for `/home/accelerator/miniforge3/envs/env_isaaclab/lib/python3.11/site-packages/isaacsim/exts/isaacsim.asset.importer.mjcf`: errno=28/No space left on device
2026-05-23T22:43:59Z [2,565ms] [Error] [carb] Failed to create change watch for `/home/accelerator/miniforge3/envs/env_isaaclab/lib/python3.11/site-packages/isaacsim/exts/isaacsim.asset.importer.mjcf/config`: errno=28/No space left on device
2026-05-23T22:43:59Z [2,565ms] [Error] [carb] Failed to create change watch for `/home/accelerator/miniforge3/envs/env_isaaclab/lib/python3.11/site-packages/isaacsim/exts/isaacsim.asset.importer.mjcf/isaacsim`: errno=28/No space left on device
2026-05-23T22:43:59Z [2,565ms] [Error] [carb] Failed to create change watch for `/home/accelerator/miniforge3/envs/env_isaaclab/lib/python3.11/site-packages/isaacsim/exts/isaacsim.asset.importer.mjcf/isaacsim/asset`: errno=28/No space left on device
[2.575s] [ext: omni.sensors.nv.common-3.0.0] startup
2026-05-23T22:43:59Z [2,566ms] [Error] [carb] Failed to create change watch for `/home/accelerator/miniforge3/envs/env_isaaclab/lib/python3.11/site-packages/isaacsim/exts/isaacsim.asset.importer.mjcf/isaacsim/asset/importer`: errno=28/No space left on device
2026-05-23T22:43:59Z [2,566ms] [Error] [carb] Failed to create change watch for `/home/accelerator/miniforge3/envs/env_isaaclab/lib/python3.11/site-packages/isaacsim/exts/isaacsim.asset.importer.mjcf/isaacsim/asset/importer/mjcf`: errno=28/No space left on device
2026-05-23T22:43:59Z [2,566ms] [Error] [carb] Failed to create change watch for `/home/accelerator/miniforge3/envs/env_isaaclab/lib/python3.11/site-packages/isaacsim/exts/isaacsim.asset.importer.mjcf/isaacsim/asset/importer/mjcf/impl`: errno=28/No space left on device
2026-05-23T22:43:59Z [2,566ms] [Error] [carb] Failed to create change watch for `/home/accelerator/miniforge3/envs/env_isaaclab/lib/python3.11/site-packages/isaacsim/exts/isaacsim.asset.importer.mjcf/isaacsim/asset/importer/mjcf/tests`: errno=28/No space left on device
2026-05-23T22:43:59Z [2,571ms] [Error] [carb] Failed to create change watch for `/home/accelerator/miniforge3/envs/env_isaaclab/lib/python3.11/site-packages/isaacsim/extscache/omni.sensors.nv.common-3.0.0+69cbf6ad.lx64.r.cp311`: errno=28/No space left on device
2026-05-23T22:43:59Z [2,571ms] [Error] [carb] Failed to create change watch for `/home/accelerator/miniforge3/envs/env_isaaclab/lib/python3.11/site-packages/isaacsim/extscache/omni.sensors.nv.common-3.0.0+69cbf6ad.lx64.r.cp311/config`: errno=28/No space left on device
2026-05-23T22:43:59Z [2,571ms] [Error] [carb] Failed to create change watch for `/home/accelerator/miniforge3/envs/env_isaaclab/lib/python3.11/site-packages/isaacsim/extscache/omni.sensors.nv.common-3.0.0+69cbf6ad.lx64.r.cp311/omni`: errno=28/No space left on device
[2.580s] [ext: isaacsim.sensors.physics-0.4.3] startup
2026-05-23T22:43:59Z [2,571ms] [Error] [carb] Failed to create change watch for `/home/accelerator/miniforge3/envs/env_isaaclab/lib/python3.11/site-packages/isaacsim/extscache/omni.sensors.nv.common-3.0.0+69cbf6ad.lx64.r.cp311/omni/sensors`: errno=28/No space left on device
2026-05-23T22:43:59Z [2,571ms] [Error] [carb] Failed to create change watch for `/home/accelerator/miniforge3/envs/env_isaaclab/lib/python3.11/site-packages/isaacsim/extscache/omni.sensors.nv.common-3.0.0+69cbf6ad.lx64.r.cp311/omni/sensors/nv`: errno=28/No space left on device
2026-05-23T22:43:59Z [2,571ms] [Error] [carb] Failed to create change watch for `/home/accelerator/miniforge3/envs/env_isaaclab/lib/python3.11/site-packages/isaacsim/extscache/omni.sensors.nv.common-3.0.0+69cbf6ad.lx64.r.cp311/omni/sensors/nv/common`: errno=28/No space left on device
2026-05-23T22:43:59Z [2,571ms] [Error] [carb] Failed to create change watch for `/home/accelerator/miniforge3/envs/env_isaaclab/lib/python3.11/site-packages/isaacsim/extscache/omni.sensors.nv.common-3.0.0+69cbf6ad.lx64.r.cp311/omni/sensors/nv/common/ogn`: errno=28/No space left on device
2026-05-23T22:43:59Z [2,571ms] [Error] [carb] Failed to create change watch for `/home/accelerator/miniforge3/envs/env_isaaclab/lib/python3.11/site-packages/isaacsim/extscache/omni.sensors.nv.common-3.0.0+69cbf6ad.lx64.r.cp311/omni/sensors/nv/common/ogn/tests`: errno=28/No space left on device
2026-05-23T22:43:59Z [2,571ms] [Error] [carb] Failed to create change watch for `/home/accelerator/miniforge3/envs/env_isaaclab/lib/python3.11/site-packages/isaacsim/extscache/omni.sensors.nv.common-3.0.0+69cbf6ad.lx64.r.cp311/omni/sensors/nv/common/ogn/tests/usd`: errno=28/No space left on device
2026-05-23T22:43:59Z [2,574ms] [Error] [carb] Failed to create change watch for `/home/accelerator/miniforge3/envs/env_isaaclab/lib/python3.11/site-packages/isaacsim/exts/isaacsim.sensors.physics`: errno=28/No space left on device
2026-05-23T22:43:59Z [2,574ms] [Error] [carb] Failed to create change watch for `/home/accelerator/miniforge3/envs/env_isaaclab/lib/python3.11/site-packages/isaacsim/exts/isaacsim.sensors.physics/config`: errno=28/No space left on device
2026-05-23T22:43:59Z [2,574ms] [Error] [carb] Failed to create change watch for `/home/accelerator/miniforge3/envs/env_isaaclab/lib/python3.11/site-packages/isaacsim/exts/isaacsim.sensors.physics/isaacsim`: errno=28/No space left on device
2026-05-23T22:43:59Z [2,574ms] [Error] [carb] Failed to create change watch for `/home/accelerator/miniforge3/envs/env_isaaclab/lib/python3.11/site-packages/isaacsim/exts/isaacsim.sensors.physics/isaacsim/sensors`: errno=28/No space left on device
2026-05-23T22:43:59Z [2,574ms] [Error] [carb] Failed to create change watch for `/home/accelerator/miniforge3/envs/env_isaaclab/lib/python3.11/site-packages/isaacsim/exts/isaacsim.sensors.physics/isaacsim/sensors/physics`: errno=28/No space left on device
2026-05-23T22:43:59Z [2,574ms] [Error] [carb] Failed to create change watch for `/home/accelerator/miniforge3/envs/env_isaaclab/lib/python3.11/site-packages/isaacsim/exts/isaacsim.sensors.physics/isaacsim/sensors/physics/impl`: errno=28/No space left on device
2026-05-23T22:43:59Z [2,574ms] [Error] [carb] Failed to create change watch for `/home/accelerator/miniforge3/envs/env_isaaclab/lib/python3.11/site-packages/isaacsim/exts/isaacsim.sensors.physics/isaacsim/sensors/physics/ogn`: errno=28/No space left on device
2026-05-23T22:43:59Z [2,574ms] [Error] [carb] Failed to create change watch for `/home/accelerator/miniforge3/envs/env_isaaclab/lib/python3.11/site-packages/isaacsim/exts/isaacsim.sensors.physics/isaacsim/sensors/physics/ogn/python`: errno=28/No space left on device
2026-05-23T22:43:59Z [2,574ms] [Error] [carb] Failed to create change watch for `/home/accelerator/miniforge3/envs/env_isaaclab/lib/python3.11/site-packages/isaacsim/exts/isaacsim.sensors.physics/isaacsim/sensors/physics/ogn/python/nodes`: errno=28/No space left on device
2026-05-23T22:43:59Z [2,574ms] [Error] [carb] Failed to create change watch for `/home/accelerator/miniforge3/envs/env_isaaclab/lib/python3.11/site-packages/isaacsim/exts/isaacsim.sensors.physics/isaacsim/sensors/physics/ogn/python/nodes/config`: errno=28/No space left on device
2026-05-23T22:43:59Z [2,574ms] [Error] [carb] Failed to create change watch for `/home/accelerator/miniforge3/envs/env_isaaclab/lib/python3.11/site-packages/isaacsim/exts/isaacsim.sensors.physics/isaacsim/sensors/physics/ogn/python/nodes/icons`: errno=28/No space left on device
2026-05-23T22:43:59Z [2,574ms] [Error] [carb] Failed to create change watch for `/home/accelerator/miniforge3/envs/env_isaaclab/lib/python3.11/site-packages/isaacsim/exts/isaacsim.sensors.physics/isaacsim/sensors/physics/ogn/tests`: errno=28/No space left on device
2026-05-23T22:43:59Z [2,575ms] [Error] [carb] Failed to create change watch for `/home/accelerator/miniforge3/envs/env_isaaclab/lib/python3.11/site-packages/isaacsim/exts/isaacsim.sensors.physics/isaacsim/sensors/physics/ogn/tests/usd`: errno=28/No space left on device
2026-05-23T22:43:59Z [2,575ms] [Error] [carb] Failed to create change watch for `/home/accelerator/miniforge3/envs/env_isaaclab/lib/python3.11/site-packages/isaacsim/exts/isaacsim.sensors.physics/isaacsim/sensors/physics/tests`: errno=28/No space left on device
[2.585s] [ext: omni.sensors.net-1.0.0] startup
2026-05-23T22:43:59Z [2,577ms] [Error] [carb] Failed to create change watch for `/home/accelerator/miniforge3/envs/env_isaaclab/lib/python3.11/site-packages/isaacsim/extscache/omni.sensors.net-1.0.0+69cbf6ad.lx64.r.cp311`: errno=28/No space left on device
2026-05-23T22:43:59Z [2,578ms] [Error] [carb] Failed to create change watch for `/home/accelerator/miniforge3/envs/env_isaaclab/lib/python3.11/site-packages/isaacsim/extscache/omni.sensors.net-1.0.0+69cbf6ad.lx64.r.cp311/config`: errno=28/No space left on device
2026-05-23T22:43:59Z [2,578ms] [Error] [carb] Failed to create change watch for `/home/accelerator/miniforge3/envs/env_isaaclab/lib/python3.11/site-packages/isaacsim/extscache/omni.sensors.net-1.0.0+69cbf6ad.lx64.r.cp311/omni`: errno=28/No space left on device
2026-05-23T22:43:59Z [2,578ms] [Error] [carb] Failed to create change watch for `/home/accelerator/miniforge3/envs/env_isaaclab/lib/python3.11/site-packages/isaacsim/extscache/omni.sensors.net-1.0.0+69cbf6ad.lx64.r.cp311/omni/sensors`: errno=28/No space left on device
2026-05-23T22:43:59Z [2,578ms] [Error] [carb] Failed to create change watch for `/home/accelerator/miniforge3/envs/env_isaaclab/lib/python3.11/site-packages/isaacsim/extscache/omni.sensors.net-1.0.0+69cbf6ad.lx64.r.cp311/omni/sensors/net`: errno=28/No space left on device
[2.587s] [ext: omni.isaac.nucleus-1.0.6] startup
2026-05-23T22:43:59Z [2,578ms] [Warning] [omni.isaac.nucleus] omni.isaac.nucleus has been deprecated in favor of isaacsim.storage.native. Please update your code accordingly.
2026-05-23T22:43:59Z [2,578ms] [Warning] [omni.isaac.nucleus.nucleus] omni.isaac.nucleus.nucleus has been deprecated in favor of isaacsim.storage.native. Please update your code accordingly.
2026-05-23T22:43:59Z [2,578ms] [Error] [carb] Failed to create change watch for `/home/accelerator/miniforge3/envs/env_isaaclab/lib/python3.11/site-packages/isaacsim/extsDeprecated/omni.isaac.nucleus`: errno=28/No space left on device
2026-05-23T22:43:59Z [2,578ms] [Error] [carb] Failed to create change watch for `/home/accelerator/miniforge3/envs/env_isaaclab/lib/python3.11/site-packages/isaacsim/extsDeprecated/omni.isaac.nucleus/config`: errno=28/No space left on device
2026-05-23T22:43:59Z [2,578ms] [Error] [carb] Failed to create change watch for `/home/accelerator/miniforge3/envs/env_isaaclab/lib/python3.11/site-packages/isaacsim/extsDeprecated/omni.isaac.nucleus/omni`: errno=28/No space left on device
[2.587s] [ext: omni.sensors.nv.materials-2.0.0] startup
2026-05-23T22:43:59Z [2,578ms] [Error] [carb] Failed to create change watch for `/home/accelerator/miniforge3/envs/env_isaaclab/lib/python3.11/site-packages/isaacsim/extsDeprecated/omni.isaac.nucleus/omni/isaac`: errno=28/No space left on device
2026-05-23T22:43:59Z [2,578ms] [Error] [carb] Failed to create change watch for `/home/accelerator/miniforge3/envs/env_isaaclab/lib/python3.11/site-packages/isaacsim/extsDeprecated/omni.isaac.nucleus/omni/isaac/nucleus`: errno=28/No space left on device
2026-05-23T22:43:59Z [2,581ms] [Error] [carb] Failed to create change watch for `/home/accelerator/miniforge3/envs/env_isaaclab/lib/python3.11/site-packages/isaacsim/extscache/omni.sensors.nv.materials-2.0.0+69cbf6ad.lx64.r.cp311`: errno=28/No space left on device
2026-05-23T22:43:59Z [2,581ms] [Error] [carb] Failed to create change watch for `/home/accelerator/miniforge3/envs/env_isaaclab/lib/python3.11/site-packages/isaacsim/extscache/omni.sensors.nv.materials-2.0.0+69cbf6ad.lx64.r.cp311/config`: errno=28/No space left on device
2026-05-23T22:43:59Z [2,581ms] [Error] [carb] Failed to create change watch for `/home/accelerator/miniforge3/envs/env_isaaclab/lib/python3.11/site-packages/isaacsim/extscache/omni.sensors.nv.materials-2.0.0+69cbf6ad.lx64.r.cp311/omni`: errno=28/No space left on device
2026-05-23T22:43:59Z [2,581ms] [Error] [carb] Failed to create change watch for `/home/accelerator/miniforge3/envs/env_isaaclab/lib/python3.11/site-packages/isaacsim/extscache/omni.sensors.nv.materials-2.0.0+69cbf6ad.lx64.r.cp311/omni/sensors`: errno=28/No space left on device
[2.590s] [ext: isaacsim.robot.policy.examples-4.1.11] startup
2026-05-23T22:43:59Z [2,581ms] [Error] [carb] Failed to create change watch for `/home/accelerator/miniforge3/envs/env_isaaclab/lib/python3.11/site-packages/isaacsim/extscache/omni.sensors.nv.materials-2.0.0+69cbf6ad.lx64.r.cp311/omni/sensors/nv`: errno=28/No space left on device
2026-05-23T22:43:59Z [2,581ms] [Error] [carb] Failed to create change watch for `/home/accelerator/miniforge3/envs/env_isaaclab/lib/python3.11/site-packages/isaacsim/extscache/omni.sensors.nv.materials-2.0.0+69cbf6ad.lx64.r.cp311/omni/sensors/nv/materials`: errno=28/No space left on device
2026-05-23T22:43:59Z [2,581ms] [Error] [carb] Failed to create change watch for `/home/accelerator/miniforge3/envs/env_isaaclab/lib/python3.11/site-packages/isaacsim/extscache/omni.sensors.nv.materials-2.0.0+69cbf6ad.lx64.r.cp311/omni/sensors/nv/materials/scripts`: errno=28/No space left on device
2026-05-23T22:43:59Z [2,583ms] [Error] [carb] Failed to create change watch for `/home/accelerator/miniforge3/envs/env_isaaclab/lib/python3.11/site-packages/isaacsim/exts/isaacsim.robot.policy.examples`: errno=28/No space left on device
2026-05-23T22:43:59Z [2,583ms] [Error] [carb] Failed to create change watch for `/home/accelerator/miniforge3/envs/env_isaaclab/lib/python3.11/site-packages/isaacsim/exts/isaacsim.robot.policy.examples/config`: errno=28/No space left on device
2026-05-23T22:43:59Z [2,583ms] [Error] [carb] Failed to create change watch for `/home/accelerator/miniforge3/envs/env_isaaclab/lib/python3.11/site-packages/isaacsim/exts/isaacsim.robot.policy.examples/isaacsim`: errno=28/No space left on device
2026-05-23T22:43:59Z [2,583ms] [Error] [carb] Failed to create change watch for `/home/accelerator/miniforge3/envs/env_isaaclab/lib/python3.11/site-packages/isaacsim/exts/isaacsim.robot.policy.examples/isaacsim/robot`: errno=28/No space left on device
2026-05-23T22:43:59Z [2,583ms] [Error] [carb] Failed to create change watch for `/home/accelerator/miniforge3/envs/env_isaaclab/lib/python3.11/site-packages/isaacsim/exts/isaacsim.robot.policy.examples/isaacsim/robot/policy`: errno=28/No space left on device
[2.592s] [ext: omni.sensors.nv.wpm-3.0.0] startup
2026-05-23T22:43:59Z [2,583ms] [Error] [carb] Failed to create change watch for `/home/accelerator/miniforge3/envs/env_isaaclab/lib/python3.11/site-packages/isaacsim/exts/isaacsim.robot.policy.examples/isaacsim/robot/policy/examples`: errno=28/No space left on device
2026-05-23T22:43:59Z [2,583ms] [Error] [carb] Failed to create change watch for `/home/accelerator/miniforge3/envs/env_isaaclab/lib/python3.11/site-packages/isaacsim/exts/isaacsim.robot.policy.examples/isaacsim/robot/policy/examples/controllers`: errno=28/No space left on device
2026-05-23T22:43:59Z [2,583ms] [Error] [carb] Failed to create change watch for `/home/accelerator/miniforge3/envs/env_isaaclab/lib/python3.11/site-packages/isaacsim/exts/isaacsim.robot.policy.examples/isaacsim/robot/policy/examples/robots`: errno=28/No space left on device
2026-05-23T22:43:59Z [2,583ms] [Error] [carb] Failed to create change watch for `/home/accelerator/miniforge3/envs/env_isaaclab/lib/python3.11/site-packages/isaacsim/exts/isaacsim.robot.policy.examples/isaacsim/robot/policy/examples/utils`: errno=28/No space left on device
2026-05-23T22:43:59Z [2,583ms] [Error] [carb] Failed to create change watch for `/home/accelerator/miniforge3/envs/env_isaaclab/lib/python3.11/site-packages/isaacsim/exts/isaacsim.robot.policy.examples/isaacsim/robot/policy/examples/tests`: errno=28/No space left on device
[2.593s] [ext: omni.sensors.nv.lidar-3.0.0] startup
2026-05-23T22:43:59Z [2,587ms] [Error] [carb] Failed to create change watch for `/home/accelerator/miniforge3/envs/env_isaaclab/lib/python3.11/site-packages/isaacsim/extscache/omni.sensors.nv.lidar-3.0.0+69cbf6ad.lx64.r.cp311`: errno=28/No space left on device
2026-05-23T22:43:59Z [2,587ms] [Error] [carb] Failed to create change watch for `/home/accelerator/miniforge3/envs/env_isaaclab/lib/python3.11/site-packages/isaacsim/extscache/omni.sensors.nv.lidar-3.0.0+69cbf6ad.lx64.r.cp311/config`: errno=28/No space left on device
2026-05-23T22:43:59Z [2,587ms] [Error] [carb] Failed to create change watch for `/home/accelerator/miniforge3/envs/env_isaaclab/lib/python3.11/site-packages/isaacsim/extscache/omni.sensors.nv.lidar-3.0.0+69cbf6ad.lx64.r.cp311/omni`: errno=28/No space left on device
[2.596s] [ext: isaacsim.util.debug_draw-3.1.0] startup
2026-05-23T22:43:59Z [2,587ms] [Error] [carb] Failed to create change watch for `/home/accelerator/miniforge3/envs/env_isaaclab/lib/python3.11/site-packages/isaacsim/extscache/omni.sensors.nv.lidar-3.0.0+69cbf6ad.lx64.r.cp311/omni/sensors`: errno=28/No space left on device
2026-05-23T22:43:59Z [2,587ms] [Error] [carb] Failed to create change watch for `/home/accelerator/miniforge3/envs/env_isaaclab/lib/python3.11/site-packages/isaacsim/extscache/omni.sensors.nv.lidar-3.0.0+69cbf6ad.lx64.r.cp311/omni/sensors/nv`: errno=28/No space left on device
2026-05-23T22:43:59Z [2,587ms] [Error] [carb] Failed to create change watch for `/home/accelerator/miniforge3/envs/env_isaaclab/lib/python3.11/site-packages/isaacsim/extscache/omni.sensors.nv.lidar-3.0.0+69cbf6ad.lx64.r.cp311/omni/sensors/nv/lidar`: errno=28/No space left on device
2026-05-23T22:43:59Z [2,587ms] [Error] [carb] Failed to create change watch for `/home/accelerator/miniforge3/envs/env_isaaclab/lib/python3.11/site-packages/isaacsim/extscache/omni.sensors.nv.lidar-3.0.0+69cbf6ad.lx64.r.cp311/omni/sensors/nv/lidar/scripts`: errno=28/No space left on device
2026-05-23T22:43:59Z [2,587ms] [Error] [carb] Failed to create change watch for `/home/accelerator/miniforge3/envs/env_isaaclab/lib/python3.11/site-packages/isaacsim/extscache/omni.sensors.nv.lidar-3.0.0+69cbf6ad.lx64.r.cp311/omni/sensors/nv/lidar/ogn`: errno=28/No space left on device
2026-05-23T22:43:59Z [2,587ms] [Error] [carb] Failed to create change watch for `/home/accelerator/miniforge3/envs/env_isaaclab/lib/python3.11/site-packages/isaacsim/extscache/omni.sensors.nv.lidar-3.0.0+69cbf6ad.lx64.r.cp311/omni/sensors/nv/lidar/ogn/tests`: errno=28/No space left on device
2026-05-23T22:43:59Z [2,587ms] [Error] [carb] Failed to create change watch for `/home/accelerator/miniforge3/envs/env_isaaclab/lib/python3.11/site-packages/isaacsim/extscache/omni.sensors.nv.lidar-3.0.0+69cbf6ad.lx64.r.cp311/omni/sensors/nv/lidar/ogn/tests/usd`: errno=28/No space left on device
2026-05-23T22:43:59Z [2,589ms] [Error] [carb] Failed to create change watch for `/home/accelerator/miniforge3/envs/env_isaaclab/lib/python3.11/site-packages/isaacsim/extscache/isaacsim.util.debug_draw-3.1.0+107.3.2.lx64.r.cp311`: errno=28/No space left on device
[2.598s] [ext: omni.sensors.nv.radar-3.0.0] startup
2026-05-23T22:43:59Z [2,589ms] [Error] [carb] Failed to create change watch for `/home/accelerator/miniforge3/envs/env_isaaclab/lib/python3.11/site-packages/isaacsim/extscache/isaacsim.util.debug_draw-3.1.0+107.3.2.lx64.r.cp311/config`: errno=28/No space left on device
2026-05-23T22:43:59Z [2,589ms] [Error] [carb] Failed to create change watch for `/home/accelerator/miniforge3/envs/env_isaaclab/lib/python3.11/site-packages/isaacsim/extscache/isaacsim.util.debug_draw-3.1.0+107.3.2.lx64.r.cp311/isaacsim`: errno=28/No space left on device
2026-05-23T22:43:59Z [2,589ms] [Error] [carb] Failed to create change watch for `/home/accelerator/miniforge3/envs/env_isaaclab/lib/python3.11/site-packages/isaacsim/extscache/isaacsim.util.debug_draw-3.1.0+107.3.2.lx64.r.cp311/isaacsim/util`: errno=28/No space left on device
2026-05-23T22:43:59Z [2,589ms] [Error] [carb] Failed to create change watch for `/home/accelerator/miniforge3/envs/env_isaaclab/lib/python3.11/site-packages/isaacsim/extscache/isaacsim.util.debug_draw-3.1.0+107.3.2.lx64.r.cp311/isaacsim/util/debug_draw`: errno=28/No space left on device
2026-05-23T22:43:59Z [2,589ms] [Error] [carb] Failed to create change watch for `/home/accelerator/miniforge3/envs/env_isaaclab/lib/python3.11/site-packages/isaacsim/extscache/isaacsim.util.debug_draw-3.1.0+107.3.2.lx64.r.cp311/isaacsim/util/debug_draw/impl`: errno=28/No space left on device
2026-05-23T22:43:59Z [2,589ms] [Error] [carb] Failed to create change watch for `/home/accelerator/miniforge3/envs/env_isaaclab/lib/python3.11/site-packages/isaacsim/extscache/isaacsim.util.debug_draw-3.1.0+107.3.2.lx64.r.cp311/isaacsim/util/debug_draw/ogn`: errno=28/No space left on device
2026-05-23T22:43:59Z [2,589ms] [Error] [carb] Failed to create change watch for `/home/accelerator/miniforge3/envs/env_isaaclab/lib/python3.11/site-packages/isaacsim/extscache/isaacsim.util.debug_draw-3.1.0+107.3.2.lx64.r.cp311/isaacsim/util/debug_draw/ogn/tests`: errno=28/No space left on device
2026-05-23T22:43:59Z [2,589ms] [Error] [carb] Failed to create change watch for `/home/accelerator/miniforge3/envs/env_isaaclab/lib/python3.11/site-packages/isaacsim/extscache/isaacsim.util.debug_draw-3.1.0+107.3.2.lx64.r.cp311/isaacsim/util/debug_draw/ogn/tests/usd`: errno=28/No space left on device
2026-05-23T22:43:59Z [2,589ms] [Error] [carb] Failed to create change watch for `/home/accelerator/miniforge3/envs/env_isaaclab/lib/python3.11/site-packages/isaacsim/extscache/isaacsim.util.debug_draw-3.1.0+107.3.2.lx64.r.cp311/isaacsim/util/debug_draw/tests`: errno=28/No space left on device
2026-05-23T22:43:59Z [2,591ms] [Error] [carb] Failed to create change watch for `/home/accelerator/miniforge3/envs/env_isaaclab/lib/python3.11/site-packages/isaacsim/extscache/omni.sensors.nv.radar-3.0.0+69cbf6ad.lx64.r.cp311`: errno=28/No space left on device
2026-05-23T22:43:59Z [2,591ms] [Error] [carb] Failed to create change watch for `/home/accelerator/miniforge3/envs/env_isaaclab/lib/python3.11/site-packages/isaacsim/extscache/omni.sensors.nv.radar-3.0.0+69cbf6ad.lx64.r.cp311/config`: errno=28/No space left on device
[2.600s] [ext: omni.sensors.nv.ids-2.0.0] startup
2026-05-23T22:43:59Z [2,591ms] [Error] [carb] Failed to create change watch for `/home/accelerator/miniforge3/envs/env_isaaclab/lib/python3.11/site-packages/isaacsim/extscache/omni.sensors.nv.radar-3.0.0+69cbf6ad.lx64.r.cp311/omni`: errno=28/No space left on device
2026-05-23T22:43:59Z [2,591ms] [Error] [carb] Failed to create change watch for `/home/accelerator/miniforge3/envs/env_isaaclab/lib/python3.11/site-packages/isaacsim/extscache/omni.sensors.nv.radar-3.0.0+69cbf6ad.lx64.r.cp311/omni/sensors`: errno=28/No space left on device
2026-05-23T22:43:59Z [2,591ms] [Error] [carb] Failed to create change watch for `/home/accelerator/miniforge3/envs/env_isaaclab/lib/python3.11/site-packages/isaacsim/extscache/omni.sensors.nv.radar-3.0.0+69cbf6ad.lx64.r.cp311/omni/sensors/nv`: errno=28/No space left on device
2026-05-23T22:43:59Z [2,591ms] [Error] [carb] Failed to create change watch for `/home/accelerator/miniforge3/envs/env_isaaclab/lib/python3.11/site-packages/isaacsim/extscache/omni.sensors.nv.radar-3.0.0+69cbf6ad.lx64.r.cp311/omni/sensors/nv/radar`: errno=28/No space left on device
2026-05-23T22:43:59Z [2,591ms] [Error] [carb] Failed to create change watch for `/home/accelerator/miniforge3/envs/env_isaaclab/lib/python3.11/site-packages/isaacsim/extscache/omni.sensors.nv.radar-3.0.0+69cbf6ad.lx64.r.cp311/omni/sensors/nv/radar/scripts`: errno=28/No space left on device
2026-05-23T22:43:59Z [2,591ms] [Error] [carb] Failed to create change watch for `/home/accelerator/miniforge3/envs/env_isaaclab/lib/python3.11/site-packages/isaacsim/extscache/omni.sensors.nv.radar-3.0.0+69cbf6ad.lx64.r.cp311/omni/sensors/nv/radar/ogn`: errno=28/No space left on device
2026-05-23T22:43:59Z [2,591ms] [Error] [carb] Failed to create change watch for `/home/accelerator/miniforge3/envs/env_isaaclab/lib/python3.11/site-packages/isaacsim/extscache/omni.sensors.nv.radar-3.0.0+69cbf6ad.lx64.r.cp311/omni/sensors/nv/radar/ogn/tests`: errno=28/No space left on device
2026-05-23T22:43:59Z [2,591ms] [Error] [carb] Failed to create change watch for `/home/accelerator/miniforge3/envs/env_isaaclab/lib/python3.11/site-packages/isaacsim/extscache/omni.sensors.nv.radar-3.0.0+69cbf6ad.lx64.r.cp311/omni/sensors/nv/radar/ogn/tests/usd`: errno=28/No space left on device
2026-05-23T22:43:59Z [2,592ms] [Error] [carb] Failed to create change watch for `/home/accelerator/miniforge3/envs/env_isaaclab/lib/python3.11/site-packages/isaacsim/extscache/omni.sensors.nv.ids-2.0.0+69cbf6ad.lx64.r.cp311`: errno=28/No space left on device
2026-05-23T22:43:59Z [2,592ms] [Error] [carb] Failed to create change watch for `/home/accelerator/miniforge3/envs/env_isaaclab/lib/python3.11/site-packages/isaacsim/extscache/omni.sensors.nv.ids-2.0.0+69cbf6ad.lx64.r.cp311/config`: errno=28/No space left on device
[2.601s] [ext: isaacsim.core.cloner-1.4.10] startup
2026-05-23T22:43:59Z [2,592ms] [Error] [carb] Failed to create change watch for `/home/accelerator/miniforge3/envs/env_isaaclab/lib/python3.11/site-packages/isaacsim/extscache/omni.sensors.nv.ids-2.0.0+69cbf6ad.lx64.r.cp311/omni`: errno=28/No space left on device
2026-05-23T22:43:59Z [2,592ms] [Error] [carb] Failed to create change watch for `/home/accelerator/miniforge3/envs/env_isaaclab/lib/python3.11/site-packages/isaacsim/extscache/omni.sensors.nv.ids-2.0.0+69cbf6ad.lx64.r.cp311/omni/sensors`: errno=28/No space left on device
2026-05-23T22:43:59Z [2,592ms] [Error] [carb] Failed to create change watch for `/home/accelerator/miniforge3/envs/env_isaaclab/lib/python3.11/site-packages/isaacsim/extscache/omni.sensors.nv.ids-2.0.0+69cbf6ad.lx64.r.cp311/omni/sensors/nv`: errno=28/No space left on device
2026-05-23T22:43:59Z [2,592ms] [Error] [carb] Failed to create change watch for `/home/accelerator/miniforge3/envs/env_isaaclab/lib/python3.11/site-packages/isaacsim/extscache/omni.sensors.nv.ids-2.0.0+69cbf6ad.lx64.r.cp311/omni/sensors/nv/ids`: errno=28/No space left on device
2026-05-23T22:43:59Z [2,592ms] [Error] [carb] Failed to create change watch for `/home/accelerator/miniforge3/envs/env_isaaclab/lib/python3.11/site-packages/isaacsim/extscache/omni.sensors.nv.ids-2.0.0+69cbf6ad.lx64.r.cp311/omni/sensors/nv/ids/ogn`: errno=28/No space left on device
2026-05-23T22:43:59Z [2,592ms] [Error] [carb] Failed to create change watch for `/home/accelerator/miniforge3/envs/env_isaaclab/lib/python3.11/site-packages/isaacsim/extscache/omni.sensors.nv.ids-2.0.0+69cbf6ad.lx64.r.cp311/omni/sensors/nv/ids/ogn/tests`: errno=28/No space left on device
2026-05-23T22:43:59Z [2,592ms] [Error] [carb] Failed to create change watch for `/home/accelerator/miniforge3/envs/env_isaaclab/lib/python3.11/site-packages/isaacsim/extscache/omni.sensors.nv.ids-2.0.0+69cbf6ad.lx64.r.cp311/omni/sensors/nv/ids/ogn/tests/usd`: errno=28/No space left on device
2026-05-23T22:43:59Z [2,593ms] [Error] [carb] Failed to create change watch for `/home/accelerator/miniforge3/envs/env_isaaclab/lib/python3.11/site-packages/isaacsim/exts/isaacsim.core.cloner`: errno=28/No space left on device
2026-05-23T22:43:59Z [2,593ms] [Error] [carb] Failed to create change watch for `/home/accelerator/miniforge3/envs/env_isaaclab/lib/python3.11/site-packages/isaacsim/exts/isaacsim.core.cloner/config`: errno=28/No space left on device
[2.602s] [ext: isaacsim.sensors.physx-2.3.2] startup
2026-05-23T22:43:59Z [2,593ms] [Error] [carb] Failed to create change watch for `/home/accelerator/miniforge3/envs/env_isaaclab/lib/python3.11/site-packages/isaacsim/exts/isaacsim.core.cloner/isaacsim`: errno=28/No space left on device
2026-05-23T22:43:59Z [2,593ms] [Error] [carb] Failed to create change watch for `/home/accelerator/miniforge3/envs/env_isaaclab/lib/python3.11/site-packages/isaacsim/exts/isaacsim.core.cloner/isaacsim/core`: errno=28/No space left on device
2026-05-23T22:43:59Z [2,593ms] [Error] [carb] Failed to create change watch for `/home/accelerator/miniforge3/envs/env_isaaclab/lib/python3.11/site-packages/isaacsim/exts/isaacsim.core.cloner/isaacsim/core/cloner`: errno=28/No space left on device
2026-05-23T22:43:59Z [2,593ms] [Error] [carb] Failed to create change watch for `/home/accelerator/miniforge3/envs/env_isaaclab/lib/python3.11/site-packages/isaacsim/exts/isaacsim.core.cloner/isaacsim/core/cloner/impl`: errno=28/No space left on device
2026-05-23T22:43:59Z [2,593ms] [Error] [carb] Failed to create change watch for `/home/accelerator/miniforge3/envs/env_isaaclab/lib/python3.11/site-packages/isaacsim/exts/isaacsim.core.cloner/isaacsim/core/cloner/tests`: errno=28/No space left on device
2026-05-23T22:43:59Z [2,593ms] [Error] [carb] Failed to create change watch for `/home/accelerator/miniforge3/envs/env_isaaclab/lib/python3.11/site-packages/isaacsim/exts/isaacsim.core.cloner/isaacsim/core/cloner/tests/data`: errno=28/No space left on device
2026-05-23T22:43:59Z [2,595ms] [Error] [carb] Failed to create change watch for `/home/accelerator/miniforge3/envs/env_isaaclab/lib/python3.11/site-packages/isaacsim/exts/isaacsim.sensors.physx`: errno=28/No space left on device
2026-05-23T22:43:59Z [2,595ms] [Error] [carb] Failed to create change watch for `/home/accelerator/miniforge3/envs/env_isaaclab/lib/python3.11/site-packages/isaacsim/exts/isaacsim.sensors.physx/config`: errno=28/No space left on device
[2.604s] [ext: isaacsim.sensors.rtx-15.8.4] startup
2026-05-23T22:43:59Z [2,595ms] [Error] [carb] Failed to create change watch for `/home/accelerator/miniforge3/envs/env_isaaclab/lib/python3.11/site-packages/isaacsim/exts/isaacsim.sensors.physx/isaacsim`: errno=28/No space left on device
2026-05-23T22:43:59Z [2,595ms] [Error] [carb] Failed to create change watch for `/home/accelerator/miniforge3/envs/env_isaaclab/lib/python3.11/site-packages/isaacsim/exts/isaacsim.sensors.physx/isaacsim/sensors`: errno=28/No space left on device
2026-05-23T22:43:59Z [2,595ms] [Error] [carb] Failed to create change watch for `/home/accelerator/miniforge3/envs/env_isaaclab/lib/python3.11/site-packages/isaacsim/exts/isaacsim.sensors.physx/isaacsim/sensors/physx`: errno=28/No space left on device
2026-05-23T22:43:59Z [2,595ms] [Error] [carb] Failed to create change watch for `/home/accelerator/miniforge3/envs/env_isaaclab/lib/python3.11/site-packages/isaacsim/exts/isaacsim.sensors.physx/isaacsim/sensors/physx/impl`: errno=28/No space left on device
2026-05-23T22:43:59Z [2,595ms] [Error] [carb] Failed to create change watch for `/home/accelerator/miniforge3/envs/env_isaaclab/lib/python3.11/site-packages/isaacsim/exts/isaacsim.sensors.physx/isaacsim/sensors/physx/ogn`: errno=28/No space left on device
2026-05-23T22:43:59Z [2,595ms] [Error] [carb] Failed to create change watch for `/home/accelerator/miniforge3/envs/env_isaaclab/lib/python3.11/site-packages/isaacsim/exts/isaacsim.sensors.physx/isaacsim/sensors/physx/ogn/tests`: errno=28/No space left on device
2026-05-23T22:43:59Z [2,595ms] [Error] [carb] Failed to create change watch for `/home/accelerator/miniforge3/envs/env_isaaclab/lib/python3.11/site-packages/isaacsim/exts/isaacsim.sensors.physx/isaacsim/sensors/physx/ogn/tests/usd`: errno=28/No space left on device
2026-05-23T22:43:59Z [2,595ms] [Error] [carb] Failed to create change watch for `/home/accelerator/miniforge3/envs/env_isaaclab/lib/python3.11/site-packages/isaacsim/exts/isaacsim.sensors.physx/isaacsim/sensors/physx/tests`: errno=28/No space left on device
2026-05-23T22:43:59Z [2,599ms] [Error] [carb] Failed to create change watch for `/home/accelerator/miniforge3/envs/env_isaaclab/lib/python3.11/site-packages/isaacsim/exts/isaacsim.sensors.rtx`: errno=28/No space left on device
2026-05-23T22:43:59Z [2,599ms] [Error] [carb] Failed to create change watch for `/home/accelerator/miniforge3/envs/env_isaaclab/lib/python3.11/site-packages/isaacsim/exts/isaacsim.sensors.rtx/config`: errno=28/No space left on device
2026-05-23T22:43:59Z [2,599ms] [Error] [carb] Failed to create change watch for `/home/accelerator/miniforge3/envs/env_isaaclab/lib/python3.11/site-packages/isaacsim/exts/isaacsim.sensors.rtx/isaacsim`: errno=28/No space left on device
2026-05-23T22:43:59Z [2,599ms] [Error] [carb] Failed to create change watch for `/home/accelerator/miniforge3/envs/env_isaaclab/lib/python3.11/site-packages/isaacsim/exts/isaacsim.sensors.rtx/isaacsim/sensors`: errno=28/No space left on device
[2.609s] [ext: isaacsim.sensors.camera-1.3.6] startup
2026-05-23T22:43:59Z [2,600ms] [Error] [carb] Failed to create change watch for `/home/accelerator/miniforge3/envs/env_isaaclab/lib/python3.11/site-packages/isaacsim/exts/isaacsim.sensors.rtx/isaacsim/sensors/rtx`: errno=28/No space left on device
2026-05-23T22:43:59Z [2,600ms] [Error] [carb] Failed to create change watch for `/home/accelerator/miniforge3/envs/env_isaaclab/lib/python3.11/site-packages/isaacsim/exts/isaacsim.sensors.rtx/isaacsim/sensors/rtx/bindings`: errno=28/No space left on device
2026-05-23T22:43:59Z [2,600ms] [Error] [carb] Failed to create change watch for `/home/accelerator/miniforge3/envs/env_isaaclab/lib/python3.11/site-packages/isaacsim/exts/isaacsim.sensors.rtx/isaacsim/sensors/rtx/impl`: errno=28/No space left on device
2026-05-23T22:43:59Z [2,600ms] [Error] [carb] Failed to create change watch for `/home/accelerator/miniforge3/envs/env_isaaclab/lib/python3.11/site-packages/isaacsim/exts/isaacsim.sensors.rtx/isaacsim/sensors/rtx/ogn`: errno=28/No space left on device
2026-05-23T22:43:59Z [2,600ms] [Error] [carb] Failed to create change watch for `/home/accelerator/miniforge3/envs/env_isaaclab/lib/python3.11/site-packages/isaacsim/exts/isaacsim.sensors.rtx/isaacsim/sensors/rtx/ogn/tests`: errno=28/No space left on device
2026-05-23T22:43:59Z [2,600ms] [Error] [carb] Failed to create change watch for `/home/accelerator/miniforge3/envs/env_isaaclab/lib/python3.11/site-packages/isaacsim/exts/isaacsim.sensors.rtx/isaacsim/sensors/rtx/ogn/tests/usd`: errno=28/No space left on device
2026-05-23T22:43:59Z [2,600ms] [Error] [carb] Failed to create change watch for `/home/accelerator/miniforge3/envs/env_isaaclab/lib/python3.11/site-packages/isaacsim/exts/isaacsim.sensors.rtx/isaacsim/sensors/rtx/generic_model_output`: errno=28/No space left on device
2026-05-23T22:43:59Z [2,600ms] [Error] [carb] Failed to create change watch for `/home/accelerator/miniforge3/envs/env_isaaclab/lib/python3.11/site-packages/isaacsim/exts/isaacsim.sensors.rtx/isaacsim/sensors/rtx/tests`: errno=28/No space left on device
2026-05-23T22:43:59Z [2,605ms] [Error] [carb] Failed to create change watch for `/home/accelerator/miniforge3/envs/env_isaaclab/lib/python3.11/site-packages/isaacsim/exts/isaacsim.sensors.camera`: errno=28/No space left on device
2026-05-23T22:43:59Z [2,605ms] [Error] [carb] Failed to create change watch for `/home/accelerator/miniforge3/envs/env_isaaclab/lib/python3.11/site-packages/isaacsim/exts/isaacsim.sensors.camera/config`: errno=28/No space left on device
2026-05-23T22:43:59Z [2,605ms] [Error] [carb] Failed to create change watch for `/home/accelerator/miniforge3/envs/env_isaaclab/lib/python3.11/site-packages/isaacsim/exts/isaacsim.sensors.camera/isaacsim`: errno=28/No space left on device
2026-05-23T22:43:59Z [2,605ms] [Error] [carb] Failed to create change watch for `/home/accelerator/miniforge3/envs/env_isaaclab/lib/python3.11/site-packages/isaacsim/exts/isaacsim.sensors.camera/isaacsim/sensors`: errno=28/No space left on device
2026-05-23T22:43:59Z [2,605ms] [Error] [carb] Failed to create change watch for `/home/accelerator/miniforge3/envs/env_isaaclab/lib/python3.11/site-packages/isaacsim/exts/isaacsim.sensors.camera/isaacsim/sensors/camera`: errno=28/No space left on device
2026-05-23T22:43:59Z [2,605ms] [Error] [carb] Failed to create change watch for `/home/accelerator/miniforge3/envs/env_isaaclab/lib/python3.11/site-packages/isaacsim/exts/isaacsim.sensors.camera/isaacsim/sensors/camera/tests`: errno=28/No space left on device
2026-05-23T22:43:59Z [2,605ms] [Error] [carb] Failed to create change watch for `/home/accelerator/miniforge3/envs/env_isaaclab/lib/python3.11/site-packages/isaacsim/exts/isaacsim.sensors.camera/isaacsim/sensors/camera/tests/data`: errno=28/No space left on device
2026-05-23T22:43:59Z [2,605ms] [Error] [carb] Failed to create change watch for `/home/accelerator/miniforge3/envs/env_isaaclab/lib/python3.11/site-packages/isaacsim/exts/isaacsim.sensors.camera/isaacsim/sensors/camera/tests/data/golden`: errno=28/No space left on device
2026-05-23T22:43:59Z [2,605ms] [Error] [carb] Failed to create change watch for `/home/accelerator/miniforge3/envs/env_isaaclab/lib/python3.11/site-packages/isaacsim/exts/isaacsim.sensors.camera/isaacsim/sensors/camera/tests/data/golden/camera_pointcloud`: errno=28/No space left on device
[2.615s] [ext: omni.isaac.quadruped-3.0.7] startup
2026-05-23T22:43:59Z [2,607ms] [Warning] [omni.isaac.quadruped] omni.isaac.quadruped has been deprecated in favor of isaacsim.robot.policy.examples. Please update your code accordingly.
2026-05-23T22:43:59Z [2,607ms] [Error] [carb] Failed to create change watch for `/home/accelerator/miniforge3/envs/env_isaaclab/lib/python3.11/site-packages/isaacsim/extsDeprecated/omni.isaac.quadruped`: errno=28/No space left on device
2026-05-23T22:43:59Z [2,607ms] [Error] [carb] Failed to create change watch for `/home/accelerator/miniforge3/envs/env_isaaclab/lib/python3.11/site-packages/isaacsim/extsDeprecated/omni.isaac.quadruped/config`: errno=28/No space left on device
2026-05-23T22:43:59Z [2,607ms] [Error] [carb] Failed to create change watch for `/home/accelerator/miniforge3/envs/env_isaaclab/lib/python3.11/site-packages/isaacsim/extsDeprecated/omni.isaac.quadruped/omni`: errno=28/No space left on device
2026-05-23T22:43:59Z [2,607ms] [Error] [carb] Failed to create change watch for `/home/accelerator/miniforge3/envs/env_isaaclab/lib/python3.11/site-packages/isaacsim/extsDeprecated/omni.isaac.quadruped/omni/isaac`: errno=28/No space left on device
[2.616s] [ext: omni.isaac.cloner-1.0.7] startup
2026-05-23T22:43:59Z [2,607ms] [Error] [carb] Failed to create change watch for `/home/accelerator/miniforge3/envs/env_isaaclab/lib/python3.11/site-packages/isaacsim/extsDeprecated/omni.isaac.quadruped/omni/isaac/quadruped`: errno=28/No space left on device
2026-05-23T22:43:59Z [2,607ms] [Error] [carb] Failed to create change watch for `/home/accelerator/miniforge3/envs/env_isaaclab/lib/python3.11/site-packages/isaacsim/extsDeprecated/omni.isaac.quadruped/omni/isaac/quadruped/tests`: errno=28/No space left on device
2026-05-23T22:43:59Z [2,608ms] [Warning] [omni.isaac.cloner] omni.isaac.cloner has been deprecated in favor of isaacsim.core.cloner. Please update your code accordingly.
2026-05-23T22:43:59Z [2,608ms] [Error] [carb] Failed to create change watch for `/home/accelerator/miniforge3/envs/env_isaaclab/lib/python3.11/site-packages/isaacsim/extsDeprecated/omni.isaac.cloner`: errno=28/No space left on device
2026-05-23T22:43:59Z [2,608ms] [Error] [carb] Failed to create change watch for `/home/accelerator/miniforge3/envs/env_isaaclab/lib/python3.11/site-packages/isaacsim/extsDeprecated/omni.isaac.cloner/config`: errno=28/No space left on device
2026-05-23T22:43:59Z [2,608ms] [Error] [carb] Failed to create change watch for `/home/accelerator/miniforge3/envs/env_isaaclab/lib/python3.11/site-packages/isaacsim/extsDeprecated/omni.isaac.cloner/omni`: errno=28/No space left on device
2026-05-23T22:43:59Z [2,608ms] [Error] [carb] Failed to create change watch for `/home/accelerator/miniforge3/envs/env_isaaclab/lib/python3.11/site-packages/isaacsim/extsDeprecated/omni.isaac.cloner/omni/isaac`: errno=28/No space left on device
2026-05-23T22:43:59Z [2,608ms] [Error] [carb] Failed to create change watch for `/home/accelerator/miniforge3/envs/env_isaaclab/lib/python3.11/site-packages/isaacsim/extsDeprecated/omni.isaac.cloner/omni/isaac/cloner`: errno=28/No space left on device
[2.617s] [ext: omni.isaac.range_sensor-4.0.6] startup
2026-05-23T22:43:59Z [2,608ms] [Error] [carb] Failed to create change watch for `/home/accelerator/miniforge3/envs/env_isaaclab/lib/python3.11/site-packages/isaacsim/extsDeprecated/omni.isaac.cloner/omni/isaac/cloner/tests`: errno=28/No space left on device
2026-05-23T22:43:59Z [2,610ms] [Warning] [omni.isaac.range_sensor] omni.isaac.range_sensor has been deprecated in favor of isaacsim.sensors.physx. Please update your code accordingly.
2026-05-23T22:43:59Z [2,611ms] [Warning] [omni.isaac.range_sensor.commands] omni.isaac.range_sensor.commands has been deprecated in favor of isaacsim.sensors.physx.commands. Please update your code accordingly.
2026-05-23T22:43:59Z [2,611ms] [Error] [carb] Failed to create change watch for `/home/accelerator/miniforge3/envs/env_isaaclab/lib/python3.11/site-packages/isaacsim/extsDeprecated/omni.isaac.range_sensor`: errno=28/No space left on device
2026-05-23T22:43:59Z [2,611ms] [Error] [carb] Failed to create change watch for `/home/accelerator/miniforge3/envs/env_isaaclab/lib/python3.11/site-packages/isaacsim/extsDeprecated/omni.isaac.range_sensor/config`: errno=28/No space left on device
2026-05-23T22:43:59Z [2,611ms] [Error] [carb] Failed to create change watch for `/home/accelerator/miniforge3/envs/env_isaaclab/lib/python3.11/site-packages/isaacsim/extsDeprecated/omni.isaac.range_sensor/omni`: errno=28/No space left on device
2026-05-23T22:43:59Z [2,611ms] [Error] [carb] Failed to create change watch for `/home/accelerator/miniforge3/envs/env_isaaclab/lib/python3.11/site-packages/isaacsim/extsDeprecated/omni.isaac.range_sensor/omni/isaac`: errno=28/No space left on device
[2.621s] [ext: omni.isaac.sensor-13.0.7] startup
2026-05-23T22:43:59Z [2,611ms] [Error] [carb] Failed to create change watch for `/home/accelerator/miniforge3/envs/env_isaaclab/lib/python3.11/site-packages/isaacsim/extsDeprecated/omni.isaac.range_sensor/omni/isaac/range_sensor`: errno=28/No space left on device
2026-05-23T22:43:59Z [2,611ms] [Error] [carb] Failed to create change watch for `/home/accelerator/miniforge3/envs/env_isaaclab/lib/python3.11/site-packages/isaacsim/extsDeprecated/omni.isaac.range_sensor/omni/isaac/range_sensor/tests`: errno=28/No space left on device
2026-05-23T22:43:59Z [2,612ms] [Warning] [omni.isaac.sensor] omni.isaac.sensor has been deprecated in favor of isaacsim.sensors.camera, isaacsim.sensors.physics, isaacsim.sensors.physx, and isaacsim.sensors.rtx. Please update your code accordingly.
2026-05-23T22:43:59Z [2,613ms] [Warning] [omni.isaac.sensor.camera] omni.isaac.sensor.camera has been deprecated in favor of isaacsim.sensors.camera.camera. Please update your code accordingly.
2026-05-23T22:43:59Z [2,613ms] [Warning] [omni.isaac.sensor.camera_view] omni.isaac.sensor.camera_view has been deprecated in favor of isaacsim.sensors.camera.camera_view. Please update your code accordingly.
2026-05-23T22:43:59Z [2,613ms] [Warning] [omni.isaac.sensor.commands] omni.isaac.sensor.commands has been deprecated in favor of isaacsim.sensors.physics.commands, isaacsim.sensors.physx.commands, and isaacsim.sensors.rtx.commands. Please update your code accordingly.
2026-05-23T22:43:59Z [2,613ms] [Warning] [omni.isaac.sensor.contact_sensor] omni.isaac.sensor.contact_sensor has been deprecated in favor of isaacsim.sensors.physics.contact_sensor. Please update your code accordingly.
2026-05-23T22:43:59Z [2,613ms] [Warning] [omni.isaac.sensor.imu_sensor] omni.isaac.sensor.imu_sensor has been deprecated in favor of isaacsim.sensors.physics.imu_sensor. Please update your code accordingly.
2026-05-23T22:43:59Z [2,613ms] [Warning] [omni.isaac.sensor.lidar_rtx] omni.isaac.sensor.lidar_rtx has been deprecated in favor of isaacsim.sensors.rtx.lidar_rtx. Please update your code accordingly.
2026-05-23T22:43:59Z [2,613ms] [Warning] [omni.isaac.sensor.rotating_lidar_physX] omni.isaac.sensor.imu_sensor has been deprecated in favor of isaacsim.sensors.physix.rotating_lidar_physX. Please update your code accordingly.
2026-05-23T22:43:59Z [2,614ms] [Warning] [omni.isaac.sensor.scripts.samples.contact_sensor] omni.isaac.sensor.scripts.samples.contact_sensor has been deprecated in favor of isaacsim.sensors.physics.scripts.samples.contact_sensor. Please update your code accordingly.
2026-05-23T22:43:59Z [2,614ms] [Warning] [omni.isaac.sensor.scripts.samples.imu_sensor] omni.isaac.sensor.scripts.samples.imu_sensor has been deprecated in favor of isaacsim.sensors.physics.scripts.samples.imu_sensor. Please update your code accordingly.
2026-05-23T22:43:59Z [2,614ms] [Warning] [omni.isaac.sensor.scripts.samples.lightbeam_sensor] omni.isaac.sensor.scripts.samples.lightbeam_sensor has been deprecated in favor of isaacsim.sensors.physx.scripts.samples.lightbeam_sensor. Please update your code accordingly.
2026-05-23T22:43:59Z [2,614ms] [Error] [carb] Failed to create change watch for `/home/accelerator/miniforge3/envs/env_isaaclab/lib/python3.11/site-packages/isaacsim/extsDeprecated/omni.isaac.sensor`: errno=28/No space left on device
2026-05-23T22:43:59Z [2,614ms] [Error] [carb] Failed to create change watch for `/home/accelerator/miniforge3/envs/env_isaaclab/lib/python3.11/site-packages/isaacsim/extsDeprecated/omni.isaac.sensor/config`: errno=28/No space left on device
[2.623s] [ext: omni.kit.menu.create-2.0.1] startup
2026-05-23T22:43:59Z [2,614ms] [Error] [carb] Failed to create change watch for `/home/accelerator/miniforge3/envs/env_isaaclab/lib/python3.11/site-packages/isaacsim/extsDeprecated/omni.isaac.sensor/omni`: errno=28/No space left on device
2026-05-23T22:43:59Z [2,614ms] [Error] [carb] Failed to create change watch for `/home/accelerator/miniforge3/envs/env_isaaclab/lib/python3.11/site-packages/isaacsim/extsDeprecated/omni.isaac.sensor/omni/isaac`: errno=28/No space left on device
2026-05-23T22:43:59Z [2,614ms] [Error] [carb] Failed to create change watch for `/home/accelerator/miniforge3/envs/env_isaaclab/lib/python3.11/site-packages/isaacsim/extsDeprecated/omni.isaac.sensor/omni/isaac/sensor`: errno=28/No space left on device
2026-05-23T22:43:59Z [2,614ms] [Error] [carb] Failed to create change watch for `/home/accelerator/miniforge3/envs/env_isaaclab/lib/python3.11/site-packages/isaacsim/extsDeprecated/omni.isaac.sensor/omni/isaac/sensor/scripts`: errno=28/No space left on device
2026-05-23T22:43:59Z [2,614ms] [Error] [carb] Failed to create change watch for `/home/accelerator/miniforge3/envs/env_isaaclab/lib/python3.11/site-packages/isaacsim/extsDeprecated/omni.isaac.sensor/omni/isaac/sensor/scripts/samples`: errno=28/No space left on device
2026-05-23T22:43:59Z [2,614ms] [Error] [carb] Failed to create change watch for `/home/accelerator/miniforge3/envs/env_isaaclab/lib/python3.11/site-packages/isaacsim/extsDeprecated/omni.isaac.sensor/omni/isaac/sensor/tests`: errno=28/No space left on device
2026-05-23T22:43:59Z [2,615ms] [Error] [carb] Failed to create change watch for `/home/accelerator/miniforge3/envs/env_isaaclab/lib/python3.11/site-packages/isaacsim/extscache/omni.kit.menu.create-2.0.1+69cbf6ad`: errno=28/No space left on device
2026-05-23T22:43:59Z [2,616ms] [Error] [carb] Failed to create change watch for `/home/accelerator/miniforge3/envs/env_isaaclab/lib/python3.11/site-packages/isaacsim/extscache/omni.kit.menu.create-2.0.1+69cbf6ad/config`: errno=28/No space left on device
[2.625s] [ext: omni.kit.widget.toolbar-2.0.1] startup
2026-05-23T22:43:59Z [2,616ms] [Error] [carb] Failed to create change watch for `/home/accelerator/miniforge3/envs/env_isaaclab/lib/python3.11/site-packages/isaacsim/extscache/omni.kit.menu.create-2.0.1+69cbf6ad/omni`: errno=28/No space left on device
2026-05-23T22:43:59Z [2,616ms] [Error] [carb] Failed to create change watch for `/home/accelerator/miniforge3/envs/env_isaaclab/lib/python3.11/site-packages/isaacsim/extscache/omni.kit.menu.create-2.0.1+69cbf6ad/omni/kit`: errno=28/No space left on device
2026-05-23T22:43:59Z [2,616ms] [Error] [carb] Failed to create change watch for `/home/accelerator/miniforge3/envs/env_isaaclab/lib/python3.11/site-packages/isaacsim/extscache/omni.kit.menu.create-2.0.1+69cbf6ad/omni/kit/menu`: errno=28/No space left on device
2026-05-23T22:43:59Z [2,616ms] [Error] [carb] Failed to create change watch for `/home/accelerator/miniforge3/envs/env_isaaclab/lib/python3.11/site-packages/isaacsim/extscache/omni.kit.menu.create-2.0.1+69cbf6ad/omni/kit/menu/create`: errno=28/No space left on device
2026-05-23T22:43:59Z [2,616ms] [Error] [carb] Failed to create change watch for `/home/accelerator/miniforge3/envs/env_isaaclab/lib/python3.11/site-packages/isaacsim/extscache/omni.kit.menu.create-2.0.1+69cbf6ad/omni/kit/menu/create/tests`: errno=28/No space left on device
2026-05-23T22:43:59Z [2,623ms] [Error] [carb] Failed to create change watch for `/home/accelerator/miniforge3/envs/env_isaaclab/lib/python3.11/site-packages/isaacsim/extscache/omni.kit.widget.toolbar-2.0.1+69cbf6ad`: errno=28/No space left on device
[2.632s] [ext: omni.kit.manipulator.transform-107.0.0] startup
2026-05-23T22:43:59Z [2,623ms] [Error] [carb] Failed to create change watch for `/home/accelerator/miniforge3/envs/env_isaaclab/lib/python3.11/site-packages/isaacsim/extscache/omni.kit.widget.toolbar-2.0.1+69cbf6ad/config`: errno=28/No space left on device
2026-05-23T22:43:59Z [2,623ms] [Error] [carb] Failed to create change watch for `/home/accelerator/miniforge3/envs/env_isaaclab/lib/python3.11/site-packages/isaacsim/extscache/omni.kit.widget.toolbar-2.0.1+69cbf6ad/omni`: errno=28/No space left on device
2026-05-23T22:43:59Z [2,623ms] [Error] [carb] Failed to create change watch for `/home/accelerator/miniforge3/envs/env_isaaclab/lib/python3.11/site-packages/isaacsim/extscache/omni.kit.widget.toolbar-2.0.1+69cbf6ad/omni/kit`: errno=28/No space left on device
2026-05-23T22:43:59Z [2,623ms] [Error] [carb] Failed to create change watch for `/home/accelerator/miniforge3/envs/env_isaaclab/lib/python3.11/site-packages/isaacsim/extscache/omni.kit.widget.toolbar-2.0.1+69cbf6ad/omni/kit/widget`: errno=28/No space left on device
2026-05-23T22:43:59Z [2,623ms] [Error] [carb] Failed to create change watch for `/home/accelerator/miniforge3/envs/env_isaaclab/lib/python3.11/site-packages/isaacsim/extscache/omni.kit.widget.toolbar-2.0.1+69cbf6ad/omni/kit/widget/toolbar`: errno=28/No space left on device
2026-05-23T22:43:59Z [2,623ms] [Error] [carb] Failed to create change watch for `/home/accelerator/miniforge3/envs/env_isaaclab/lib/python3.11/site-packages/isaacsim/extscache/omni.kit.widget.toolbar-2.0.1+69cbf6ad/omni/kit/widget/toolbar/builtin_tools`: errno=28/No space left on device
2026-05-23T22:43:59Z [2,623ms] [Error] [carb] Failed to create change watch for `/home/accelerator/miniforge3/envs/env_isaaclab/lib/python3.11/site-packages/isaacsim/extscache/omni.kit.widget.toolbar-2.0.1+69cbf6ad/omni/kit/widget/toolbar/builtin_tools/models`: errno=28/No space left on device
2026-05-23T22:43:59Z [2,623ms] [Error] [carb] Failed to create change watch for `/home/accelerator/miniforge3/envs/env_isaaclab/lib/python3.11/site-packages/isaacsim/extscache/omni.kit.widget.toolbar-2.0.1+69cbf6ad/omni/kit/widget/toolbar/tests`: errno=28/No space left on device
2026-05-23T22:43:59Z [2,625ms] [Error] [carb] Failed to create change watch for `/home/accelerator/miniforge3/envs/env_isaaclab/lib/python3.11/site-packages/isaacsim/extscache/omni.kit.manipulator.transform-107.0.0+69cbf6ad`: errno=28/No space left on device
2026-05-23T22:43:59Z [2,625ms] [Error] [carb] Failed to create change watch for `/home/accelerator/miniforge3/envs/env_isaaclab/lib/python3.11/site-packages/isaacsim/extscache/omni.kit.manipulator.transform-107.0.0+69cbf6ad/config`: errno=28/No space left on device
2026-05-23T22:43:59Z [2,625ms] [Error] [carb] Failed to create change watch for `/home/accelerator/miniforge3/envs/env_isaaclab/lib/python3.11/site-packages/isaacsim/extscache/omni.kit.manipulator.transform-107.0.0+69cbf6ad/omni`: errno=28/No space left on device
2026-05-23T22:43:59Z [2,625ms] [Error] [carb] Failed to create change watch for `/home/accelerator/miniforge3/envs/env_isaaclab/lib/python3.11/site-packages/isaacsim/extscache/omni.kit.manipulator.transform-107.0.0+69cbf6ad/omni/kit`: errno=28/No space left on device
[2.634s] [ext: omni.isaac.core-4.0.7] startup
2026-05-23T22:43:59Z [2,625ms] [Error] [carb] Failed to create change watch for `/home/accelerator/miniforge3/envs/env_isaaclab/lib/python3.11/site-packages/isaacsim/extscache/omni.kit.manipulator.transform-107.0.0+69cbf6ad/omni/kit/manipulator`: errno=28/No space left on device
2026-05-23T22:43:59Z [2,625ms] [Error] [carb] Failed to create change watch for `/home/accelerator/miniforge3/envs/env_isaaclab/lib/python3.11/site-packages/isaacsim/extscache/omni.kit.manipulator.transform-107.0.0+69cbf6ad/omni/kit/manipulator/transform`: errno=28/No space left on device
2026-05-23T22:43:59Z [2,625ms] [Error] [carb] Failed to create change watch for `/home/accelerator/miniforge3/envs/env_isaaclab/lib/python3.11/site-packages/isaacsim/extscache/omni.kit.manipulator.transform-107.0.0+69cbf6ad/omni/kit/manipulator/transform/tests`: errno=28/No space left on device
2026-05-23T22:43:59Z [2,626ms] [Warning] [omni.isaac.core.physics_context.physics_context] omni.isaac.core.physics_context.physics_context has been deprecated in favor of isaacsim.core.api.physics_context.physics_context. Please update your code accordingly.
2026-05-23T22:43:59Z [2,626ms] [Warning] [omni.isaac.core.simulation_context.simulation_context] omni.isaac.core.simulation_context.simulation_context has been deprecated in favor of isaacsim.core.api.simulation_context.simulation_context. Please update your code accordingly.
2026-05-23T22:43:59Z [2,626ms] [Warning] [omni.isaac.core.world.world] omni.isaac.core.world.world has been deprecated in favor of isaacsim.core.api.world.world. Please update your code accordingly.
2026-05-23T22:43:59Z [2,626ms] [Warning] [omni.isaac.core] omni.isaac.core has been deprecated in favor of isaacsim.core.api. Please update your code accordingly.
2026-05-23T22:43:59Z [2,626ms] [Error] [carb] Failed to create change watch for `/home/accelerator/miniforge3/envs/env_isaaclab/lib/python3.11/site-packages/isaacsim/extsDeprecated/omni.isaac.core`: errno=28/No space left on device
2026-05-23T22:43:59Z [2,626ms] [Error] [carb] Failed to create change watch for `/home/accelerator/miniforge3/envs/env_isaaclab/lib/python3.11/site-packages/isaacsim/extsDeprecated/omni.isaac.core/config`: errno=28/No space left on device
2026-05-23T22:43:59Z [2,626ms] [Error] [carb] Failed to create change watch for `/home/accelerator/miniforge3/envs/env_isaaclab/lib/python3.11/site-packages/isaacsim/extsDeprecated/omni.isaac.core/omni`: errno=28/No space left on device
[2.635s] [ext: omni.kit.scripting-107.3.2] startup
2026-05-23T22:43:59Z [2,626ms] [Error] [carb] Failed to create change watch for `/home/accelerator/miniforge3/envs/env_isaaclab/lib/python3.11/site-packages/isaacsim/extsDeprecated/omni.isaac.core/omni/isaac`: errno=28/No space left on device
2026-05-23T22:43:59Z [2,626ms] [Error] [carb] Failed to create change watch for `/home/accelerator/miniforge3/envs/env_isaaclab/lib/python3.11/site-packages/isaacsim/extsDeprecated/omni.isaac.core/omni/isaac/core`: errno=28/No space left on device
2026-05-23T22:43:59Z [2,626ms] [Error] [carb] Failed to create change watch for `/home/accelerator/miniforge3/envs/env_isaaclab/lib/python3.11/site-packages/isaacsim/extsDeprecated/omni.isaac.core/omni/isaac/core/tasks`: errno=28/No space left on device
2026-05-23T22:43:59Z [2,626ms] [Error] [carb] Failed to create change watch for `/home/accelerator/miniforge3/envs/env_isaaclab/lib/python3.11/site-packages/isaacsim/extsDeprecated/omni.isaac.core/omni/isaac/core/scenes`: errno=28/No space left on device
2026-05-23T22:43:59Z [2,626ms] [Error] [carb] Failed to create change watch for `/home/accelerator/miniforge3/envs/env_isaaclab/lib/python3.11/site-packages/isaacsim/extsDeprecated/omni.isaac.core/omni/isaac/core/materials`: errno=28/No space left on device
2026-05-23T22:43:59Z [2,626ms] [Error] [carb] Failed to create change watch for `/home/accelerator/miniforge3/envs/env_isaaclab/lib/python3.11/site-packages/isaacsim/extsDeprecated/omni.isaac.core/omni/isaac/core/controllers`: errno=28/No space left on device
2026-05-23T22:43:59Z [2,626ms] [Error] [carb] Failed to create change watch for `/home/accelerator/miniforge3/envs/env_isaaclab/lib/python3.11/site-packages/isaacsim/extsDeprecated/omni.isaac.core/omni/isaac/core/robots`: errno=28/No space left on device
2026-05-23T22:43:59Z [2,626ms] [Error] [carb] Failed to create change watch for `/home/accelerator/miniforge3/envs/env_isaaclab/lib/python3.11/site-packages/isaacsim/extsDeprecated/omni.isaac.core/omni/isaac/core/prims`: errno=28/No space left on device
2026-05-23T22:43:59Z [2,626ms] [Error] [carb] Failed to create change watch for `/home/accelerator/miniforge3/envs/env_isaaclab/lib/python3.11/site-packages/isaacsim/extsDeprecated/omni.isaac.core/omni/isaac/core/prims/soft`: errno=28/No space left on device
2026-05-23T22:43:59Z [2,626ms] [Error] [carb] Failed to create change watch for `/home/accelerator/miniforge3/envs/env_isaaclab/lib/python3.11/site-packages/isaacsim/extsDeprecated/omni.isaac.core/omni/isaac/core/articulations`: errno=28/No space left on device
2026-05-23T22:43:59Z [2,626ms] [Error] [carb] Failed to create change watch for `/home/accelerator/miniforge3/envs/env_isaaclab/lib/python3.11/site-packages/isaacsim/extsDeprecated/omni.isaac.core/omni/isaac/core/physics_context`: errno=28/No space left on device
2026-05-23T22:43:59Z [2,626ms] [Error] [carb] Failed to create change watch for `/home/accelerator/miniforge3/envs/env_isaaclab/lib/python3.11/site-packages/isaacsim/extsDeprecated/omni.isaac.core/omni/isaac/core/utils`: errno=28/No space left on device
2026-05-23T22:43:59Z [2,626ms] [Error] [carb] Failed to create change watch for `/home/accelerator/miniforge3/envs/env_isaaclab/lib/python3.11/site-packages/isaacsim/extsDeprecated/omni.isaac.core/omni/isaac/core/utils/numpy`: errno=28/No space left on device
2026-05-23T22:43:59Z [2,626ms] [Error] [carb] Failed to create change watch for `/home/accelerator/miniforge3/envs/env_isaaclab/lib/python3.11/site-packages/isaacsim/extsDeprecated/omni.isaac.core/omni/isaac/core/utils/warp`: errno=28/No space left on device
2026-05-23T22:43:59Z [2,626ms] [Error] [carb] Failed to create change watch for `/home/accelerator/miniforge3/envs/env_isaaclab/lib/python3.11/site-packages/isaacsim/extsDeprecated/omni.isaac.core/omni/isaac/core/utils/torch`: errno=28/No space left on device
2026-05-23T22:43:59Z [2,626ms] [Error] [carb] Failed to create change watch for `/home/accelerator/miniforge3/envs/env_isaaclab/lib/python3.11/site-packages/isaacsim/extsDeprecated/omni.isaac.core/omni/isaac/core/world`: errno=28/No space left on device
2026-05-23T22:43:59Z [2,626ms] [Error] [carb] Failed to create change watch for `/home/accelerator/miniforge3/envs/env_isaaclab/lib/python3.11/site-packages/isaacsim/extsDeprecated/omni.isaac.core/omni/isaac/core/simulation_context`: errno=28/No space left on device
2026-05-23T22:43:59Z [2,626ms] [Error] [carb] Failed to create change watch for `/home/accelerator/miniforge3/envs/env_isaaclab/lib/python3.11/site-packages/isaacsim/extsDeprecated/omni.isaac.core/omni/isaac/core/loggers`: errno=28/No space left on device
2026-05-23T22:43:59Z [2,626ms] [Error] [carb] Failed to create change watch for `/home/accelerator/miniforge3/envs/env_isaaclab/lib/python3.11/site-packages/isaacsim/extsDeprecated/omni.isaac.core/omni/isaac/core/objects`: errno=28/No space left on device
2026-05-23T22:43:59Z [2,627ms] [Error] [carb] Failed to create change watch for `/home/accelerator/miniforge3/envs/env_isaaclab/lib/python3.11/site-packages/isaacsim/extsDeprecated/omni.isaac.core/omni/isaac/core/tests`: errno=28/No space left on device
2026-05-23T22:43:59Z [2,629ms] [Error] [carb] Failed to create change watch for `/home/accelerator/miniforge3/envs/env_isaaclab/lib/python3.11/site-packages/isaacsim/extscache/omni.kit.scripting-107.3.2+107.3.2`: errno=28/No space left on device
2026-05-23T22:43:59Z [2,629ms] [Error] [carb] Failed to create change watch for `/home/accelerator/miniforge3/envs/env_isaaclab/lib/python3.11/site-packages/isaacsim/extscache/omni.kit.scripting-107.3.2+107.3.2/config`: errno=28/No space left on device
2026-05-23T22:43:59Z [2,629ms] [Error] [carb] Failed to create change watch for `/home/accelerator/miniforge3/envs/env_isaaclab/lib/python3.11/site-packages/isaacsim/extscache/omni.kit.scripting-107.3.2+107.3.2/omni`: errno=28/No space left on device
[2.638s] [ext: omni.kit.manipulator.tool.snap-1.5.13] startup
2026-05-23T22:43:59Z [2,629ms] [Error] [carb] Failed to create change watch for `/home/accelerator/miniforge3/envs/env_isaaclab/lib/python3.11/site-packages/isaacsim/extscache/omni.kit.scripting-107.3.2+107.3.2/omni/kit`: errno=28/No space left on device
2026-05-23T22:43:59Z [2,629ms] [Error] [carb] Failed to create change watch for `/home/accelerator/miniforge3/envs/env_isaaclab/lib/python3.11/site-packages/isaacsim/extscache/omni.kit.scripting-107.3.2+107.3.2/omni/kit/scripting`: errno=28/No space left on device
2026-05-23T22:43:59Z [2,629ms] [Error] [carb] Failed to create change watch for `/home/accelerator/miniforge3/envs/env_isaaclab/lib/python3.11/site-packages/isaacsim/extscache/omni.kit.scripting-107.3.2+107.3.2/omni/kit/scripting/scripts`: errno=28/No space left on device
2026-05-23T22:43:59Z [2,629ms] [Error] [carb] Failed to create change watch for `/home/accelerator/miniforge3/envs/env_isaaclab/lib/python3.11/site-packages/isaacsim/extscache/omni.kit.scripting-107.3.2+107.3.2/omni/kit/scripting/scripts/loader`: errno=28/No space left on device
2026-05-23T22:43:59Z [2,629ms] [Error] [carb] Failed to create change watch for `/home/accelerator/miniforge3/envs/env_isaaclab/lib/python3.11/site-packages/isaacsim/extscache/omni.kit.scripting-107.3.2+107.3.2/omni/kit/scripting/tests`: errno=28/No space left on device
2026-05-23T22:43:59Z [2,631ms] [Error] [carb] Failed to create change watch for `/home/accelerator/miniforge3/envs/env_isaaclab/lib/python3.11/site-packages/isaacsim/extscache/omni.kit.manipulator.tool.snap-1.5.13+69cbf6ad`: errno=28/No space left on device
2026-05-23T22:43:59Z [2,632ms] [Error] [carb] Failed to create change watch for `/home/accelerator/miniforge3/envs/env_isaaclab/lib/python3.11/site-packages/isaacsim/extscache/omni.kit.manipulator.tool.snap-1.5.13+69cbf6ad/config`: errno=28/No space left on device
2026-05-23T22:43:59Z [2,632ms] [Error] [carb] Failed to create change watch for `/home/accelerator/miniforge3/envs/env_isaaclab/lib/python3.11/site-packages/isaacsim/extscache/omni.kit.manipulator.tool.snap-1.5.13+69cbf6ad/omni`: errno=28/No space left on device
2026-05-23T22:43:59Z [2,632ms] [Error] [carb] Failed to create change watch for `/home/accelerator/miniforge3/envs/env_isaaclab/lib/python3.11/site-packages/isaacsim/extscache/omni.kit.manipulator.tool.snap-1.5.13+69cbf6ad/omni/kit`: errno=28/No space left on device
[2.641s] [ext: omni.kit.manipulator.selector-1.1.3] startup
2026-05-23T22:43:59Z [2,632ms] [Error] [carb] Failed to create change watch for `/home/accelerator/miniforge3/envs/env_isaaclab/lib/python3.11/site-packages/isaacsim/extscache/omni.kit.manipulator.tool.snap-1.5.13+69cbf6ad/omni/kit/manipulator`: errno=28/No space left on device
2026-05-23T22:43:59Z [2,632ms] [Error] [carb] Failed to create change watch for `/home/accelerator/miniforge3/envs/env_isaaclab/lib/python3.11/site-packages/isaacsim/extscache/omni.kit.manipulator.tool.snap-1.5.13+69cbf6ad/omni/kit/manipulator/tool`: errno=28/No space left on device
2026-05-23T22:43:59Z [2,632ms] [Error] [carb] Failed to create change watch for `/home/accelerator/miniforge3/envs/env_isaaclab/lib/python3.11/site-packages/isaacsim/extscache/omni.kit.manipulator.tool.snap-1.5.13+69cbf6ad/omni/kit/manipulator/tool/snap`: errno=28/No space left on device
2026-05-23T22:43:59Z [2,632ms] [Error] [carb] Failed to create change watch for `/home/accelerator/miniforge3/envs/env_isaaclab/lib/python3.11/site-packages/isaacsim/extscache/omni.kit.manipulator.tool.snap-1.5.13+69cbf6ad/omni/kit/manipulator/tool/snap/tests`: errno=28/No space left on device
2026-05-23T22:43:59Z [2,632ms] [Error] [carb] Failed to create change watch for `/home/accelerator/miniforge3/envs/env_isaaclab/lib/python3.11/site-packages/isaacsim/extscache/omni.kit.manipulator.selector-1.1.3+69cbf6ad`: errno=28/No space left on device
2026-05-23T22:43:59Z [2,632ms] [Error] [carb] Failed to create change watch for `/home/accelerator/miniforge3/envs/env_isaaclab/lib/python3.11/site-packages/isaacsim/extscache/omni.kit.manipulator.selector-1.1.3+69cbf6ad/config`: errno=28/No space left on device
[2.642s] [ext: isaacsim.app.about-2.0.11] startup
2026-05-23T22:43:59Z [2,632ms] [Error] [carb] Failed to create change watch for `/home/accelerator/miniforge3/envs/env_isaaclab/lib/python3.11/site-packages/isaacsim/extscache/omni.kit.manipulator.selector-1.1.3+69cbf6ad/omni`: errno=28/No space left on device
2026-05-23T22:43:59Z [2,632ms] [Error] [carb] Failed to create change watch for `/home/accelerator/miniforge3/envs/env_isaaclab/lib/python3.11/site-packages/isaacsim/extscache/omni.kit.manipulator.selector-1.1.3+69cbf6ad/omni/kit`: errno=28/No space left on device
2026-05-23T22:43:59Z [2,632ms] [Error] [carb] Failed to create change watch for `/home/accelerator/miniforge3/envs/env_isaaclab/lib/python3.11/site-packages/isaacsim/extscache/omni.kit.manipulator.selector-1.1.3+69cbf6ad/omni/kit/manipulator`: errno=28/No space left on device
2026-05-23T22:43:59Z [2,632ms] [Error] [carb] Failed to create change watch for `/home/accelerator/miniforge3/envs/env_isaaclab/lib/python3.11/site-packages/isaacsim/extscache/omni.kit.manipulator.selector-1.1.3+69cbf6ad/omni/kit/manipulator/selector`: errno=28/No space left on device
2026-05-23T22:43:59Z [2,633ms] [Error] [carb] Failed to create change watch for `/home/accelerator/miniforge3/envs/env_isaaclab/lib/python3.11/site-packages/isaacsim/extscache/omni.kit.manipulator.selector-1.1.3+69cbf6ad/omni/kit/manipulator/selector/tests`: errno=28/No space left on device
2026-05-23T22:43:59Z [2,635ms] [Error] [carb] Failed to create change watch for `/home/accelerator/miniforge3/envs/env_isaaclab/lib/python3.11/site-packages/isaacsim/exts/isaacsim.app.about`: errno=28/No space left on device
2026-05-23T22:43:59Z [2,635ms] [Error] [carb] Failed to create change watch for `/home/accelerator/miniforge3/envs/env_isaaclab/lib/python3.11/site-packages/isaacsim/exts/isaacsim.app.about/config`: errno=28/No space left on device
[2.644s] [ext: isaacsim.replicator.behavior-1.1.16] startup
2026-05-23T22:43:59Z [2,635ms] [Error] [carb] Failed to create change watch for `/home/accelerator/miniforge3/envs/env_isaaclab/lib/python3.11/site-packages/isaacsim/exts/isaacsim.app.about/isaacsim`: errno=28/No space left on device
2026-05-23T22:43:59Z [2,635ms] [Error] [carb] Failed to create change watch for `/home/accelerator/miniforge3/envs/env_isaaclab/lib/python3.11/site-packages/isaacsim/exts/isaacsim.app.about/isaacsim/app`: errno=28/No space left on device
2026-05-23T22:43:59Z [2,635ms] [Error] [carb] Failed to create change watch for `/home/accelerator/miniforge3/envs/env_isaaclab/lib/python3.11/site-packages/isaacsim/exts/isaacsim.app.about/isaacsim/app/about`: errno=28/No space left on device
2026-05-23T22:43:59Z [2,635ms] [Error] [carb] Failed to create change watch for `/home/accelerator/miniforge3/envs/env_isaaclab/lib/python3.11/site-packages/isaacsim/exts/isaacsim.app.about/isaacsim/app/about/tests`: errno=28/No space left on device
2026-05-23T22:43:59Z [2,636ms] [Error] [carb] Failed to create change watch for `/home/accelerator/miniforge3/envs/env_isaaclab/lib/python3.11/site-packages/isaacsim/exts/isaacsim.replicator.behavior`: errno=28/No space left on device
2026-05-23T22:43:59Z [2,636ms] [Error] [carb] Failed to create change watch for `/home/accelerator/miniforge3/envs/env_isaaclab/lib/python3.11/site-packages/isaacsim/exts/isaacsim.replicator.behavior/config`: errno=28/No space left on device
2026-05-23T22:43:59Z [2,636ms] [Error] [carb] Failed to create change watch for `/home/accelerator/miniforge3/envs/env_isaaclab/lib/python3.11/site-packages/isaacsim/exts/isaacsim.replicator.behavior/isaacsim`: errno=28/No space left on device
[2.645s] [ext: omni.kit.viewport.manipulator.transform-107.0.4] startup
2026-05-23T22:43:59Z [2,636ms] [Error] [carb] Failed to create change watch for `/home/accelerator/miniforge3/envs/env_isaaclab/lib/python3.11/site-packages/isaacsim/exts/isaacsim.replicator.behavior/isaacsim/replicator`: errno=28/No space left on device
2026-05-23T22:43:59Z [2,636ms] [Error] [carb] Failed to create change watch for `/home/accelerator/miniforge3/envs/env_isaaclab/lib/python3.11/site-packages/isaacsim/exts/isaacsim.replicator.behavior/isaacsim/replicator/behavior`: errno=28/No space left on device
2026-05-23T22:43:59Z [2,636ms] [Error] [carb] Failed to create change watch for `/home/accelerator/miniforge3/envs/env_isaaclab/lib/python3.11/site-packages/isaacsim/exts/isaacsim.replicator.behavior/isaacsim/replicator/behavior/behaviors`: errno=28/No space left on device
2026-05-23T22:43:59Z [2,636ms] [Error] [carb] Failed to create change watch for `/home/accelerator/miniforge3/envs/env_isaaclab/lib/python3.11/site-packages/isaacsim/exts/isaacsim.replicator.behavior/isaacsim/replicator/behavior/utils`: errno=28/No space left on device
2026-05-23T22:43:59Z [2,636ms] [Error] [carb] Failed to create change watch for `/home/accelerator/miniforge3/envs/env_isaaclab/lib/python3.11/site-packages/isaacsim/exts/isaacsim.replicator.behavior/isaacsim/replicator/behavior/tests`: errno=28/No space left on device
2026-05-23T22:43:59Z [2,636ms] [Error] [carb] Failed to create change watch for `/home/accelerator/miniforge3/envs/env_isaaclab/lib/python3.11/site-packages/isaacsim/exts/isaacsim.replicator.behavior/isaacsim/replicator/behavior/tests/data`: errno=28/No space left on device
2026-05-23T22:43:59Z [2,636ms] [Error] [carb] Failed to create change watch for `/home/accelerator/miniforge3/envs/env_isaaclab/lib/python3.11/site-packages/isaacsim/exts/isaacsim.replicator.behavior/isaacsim/replicator/behavior/tests/data/golden`: errno=28/No space left on device
2026-05-23T22:43:59Z [2,636ms] [Error] [carb] Failed to create change watch for `/home/accelerator/miniforge3/envs/env_isaaclab/lib/python3.11/site-packages/isaacsim/exts/isaacsim.replicator.behavior/isaacsim/replicator/behavior/tests/data/golden/_out_behaviors_sdg`: errno=28/No space left on device
2026-05-23T22:43:59Z [2,636ms] [Error] [carb] Failed to create change watch for `/home/accelerator/miniforge3/envs/env_isaaclab/lib/python3.11/site-packages/isaacsim/exts/isaacsim.replicator.behavior/isaacsim/replicator/behavior/tests/data/golden/_out_behaviors_sdg/windows`: errno=28/No space left on device
2026-05-23T22:43:59Z [2,636ms] [Error] [carb] Failed to create change watch for `/home/accelerator/miniforge3/envs/env_isaaclab/lib/python3.11/site-packages/isaacsim/exts/isaacsim.replicator.behavior/isaacsim/replicator/behavior/tests/data/golden/_out_behaviors_sdg/linux`: errno=28/No space left on device
2026-05-23T22:43:59Z [2,637ms] [Error] [carb] Failed to create change watch for `/home/accelerator/miniforge3/envs/env_isaaclab/lib/python3.11/site-packages/isaacsim/extscache/omni.kit.viewport.manipulator.transform-107.0.4+69cbf6ad`: errno=28/No space left on device
2026-05-23T22:43:59Z [2,637ms] [Error] [carb] Failed to create change watch for `/home/accelerator/miniforge3/envs/env_isaaclab/lib/python3.11/site-packages/isaacsim/extscache/omni.kit.viewport.manipulator.transform-107.0.4+69cbf6ad/config`: errno=28/No space left on device
2026-05-23T22:43:59Z [2,637ms] [Error] [carb] Failed to create change watch for `/home/accelerator/miniforge3/envs/env_isaaclab/lib/python3.11/site-packages/isaacsim/extscache/omni.kit.viewport.manipulator.transform-107.0.4+69cbf6ad/omni`: errno=28/No space left on device
[2.646s] [ext: omni.isaac.window.about-2.0.7] startup
2026-05-23T22:43:59Z [2,637ms] [Error] [carb] Failed to create change watch for `/home/accelerator/miniforge3/envs/env_isaaclab/lib/python3.11/site-packages/isaacsim/extscache/omni.kit.viewport.manipulator.transform-107.0.4+69cbf6ad/omni/kit`: errno=28/No space left on device
2026-05-23T22:43:59Z [2,637ms] [Error] [carb] Failed to create change watch for `/home/accelerator/miniforge3/envs/env_isaaclab/lib/python3.11/site-packages/isaacsim/extscache/omni.kit.viewport.manipulator.transform-107.0.4+69cbf6ad/omni/kit/viewport`: errno=28/No space left on device
2026-05-23T22:43:59Z [2,637ms] [Error] [carb] Failed to create change watch for `/home/accelerator/miniforge3/envs/env_isaaclab/lib/python3.11/site-packages/isaacsim/extscache/omni.kit.viewport.manipulator.transform-107.0.4+69cbf6ad/omni/kit/viewport/manipulator`: errno=28/No space left on device
2026-05-23T22:43:59Z [2,637ms] [Error] [carb] Failed to create change watch for `/home/accelerator/miniforge3/envs/env_isaaclab/lib/python3.11/site-packages/isaacsim/extscache/omni.kit.viewport.manipulator.transform-107.0.4+69cbf6ad/omni/kit/viewport/manipulator/transform`: errno=28/No space left on device
2026-05-23T22:43:59Z [2,637ms] [Error] [carb] Failed to create change watch for `/home/accelerator/miniforge3/envs/env_isaaclab/lib/python3.11/site-packages/isaacsim/extscache/omni.kit.viewport.manipulator.transform-107.0.4+69cbf6ad/omni/kit/viewport/manipulator/transform/tests`: errno=28/No space left on device
2026-05-23T22:43:59Z [2,638ms] [Warning] [omni.isaac.window.about] omni.isaac.window.about has been deprecated in favor of isaacsim.app.about. Please update your code accordingly.
2026-05-23T22:43:59Z [2,638ms] [Warning] [omni.isaac.window.about.about] omni.isaac.window.about.about has been deprecated in favor of isaacsim.app.about.about. Please update your code accordingly.
2026-05-23T22:43:59Z [2,638ms] [Error] [carb] Failed to create change watch for `/home/accelerator/miniforge3/envs/env_isaaclab/lib/python3.11/site-packages/isaacsim/extsDeprecated/omni.isaac.window.about`: errno=28/No space left on device
2026-05-23T22:43:59Z [2,638ms] [Error] [carb] Failed to create change watch for `/home/accelerator/miniforge3/envs/env_isaaclab/lib/python3.11/site-packages/isaacsim/extsDeprecated/omni.isaac.window.about/config`: errno=28/No space left on device
[2.647s] [ext: omni.fabric.commands-1.1.6] startup
2026-05-23T22:43:59Z [2,638ms] [Error] [carb] Failed to create change watch for `/home/accelerator/miniforge3/envs/env_isaaclab/lib/python3.11/site-packages/isaacsim/extsDeprecated/omni.isaac.window.about/omni`: errno=28/No space left on device
2026-05-23T22:43:59Z [2,638ms] [Error] [carb] Failed to create change watch for `/home/accelerator/miniforge3/envs/env_isaaclab/lib/python3.11/site-packages/isaacsim/extsDeprecated/omni.isaac.window.about/omni/isaac`: errno=28/No space left on device
2026-05-23T22:43:59Z [2,638ms] [Error] [carb] Failed to create change watch for `/home/accelerator/miniforge3/envs/env_isaaclab/lib/python3.11/site-packages/isaacsim/extsDeprecated/omni.isaac.window.about/omni/isaac/window`: errno=28/No space left on device
2026-05-23T22:43:59Z [2,638ms] [Error] [carb] Failed to create change watch for `/home/accelerator/miniforge3/envs/env_isaaclab/lib/python3.11/site-packages/isaacsim/extsDeprecated/omni.isaac.window.about/omni/isaac/window/about`: errno=28/No space left on device
2026-05-23T22:43:59Z [2,638ms] [Error] [carb] Failed to create change watch for `/home/accelerator/miniforge3/envs/env_isaaclab/lib/python3.11/site-packages/isaacsim/extsDeprecated/omni.isaac.window.about/omni/isaac/window/about/tests`: errno=28/No space left on device
2026-05-23T22:43:59Z [2,640ms] [Error] [carb] Failed to create change watch for `/home/accelerator/miniforge3/envs/env_isaaclab/lib/python3.11/site-packages/isaacsim/extscache/omni.fabric.commands-1.1.6+69cbf6ad.lx64.r.cp311`: errno=28/No space left on device
2026-05-23T22:43:59Z [2,640ms] [Error] [carb] Failed to create change watch for `/home/accelerator/miniforge3/envs/env_isaaclab/lib/python3.11/site-packages/isaacsim/extscache/omni.fabric.commands-1.1.6+69cbf6ad.lx64.r.cp311/config`: errno=28/No space left on device
2026-05-23T22:43:59Z [2,640ms] [Error] [carb] Failed to create change watch for `/home/accelerator/miniforge3/envs/env_isaaclab/lib/python3.11/site-packages/isaacsim/extscache/omni.fabric.commands-1.1.6+69cbf6ad.lx64.r.cp311/omni`: errno=28/No space left on device
[2.649s] [ext: omni.kit.manipulator.prim.core-107.0.8] startup
2026-05-23T22:43:59Z [2,640ms] [Error] [carb] Failed to create change watch for `/home/accelerator/miniforge3/envs/env_isaaclab/lib/python3.11/site-packages/isaacsim/extscache/omni.fabric.commands-1.1.6+69cbf6ad.lx64.r.cp311/omni/fabric`: errno=28/No space left on device
2026-05-23T22:43:59Z [2,640ms] [Error] [carb] Failed to create change watch for `/home/accelerator/miniforge3/envs/env_isaaclab/lib/python3.11/site-packages/isaacsim/extscache/omni.fabric.commands-1.1.6+69cbf6ad.lx64.r.cp311/omni/fabric/commands`: errno=28/No space left on device
2026-05-23T22:43:59Z [2,640ms] [Error] [carb] Failed to create change watch for `/home/accelerator/miniforge3/envs/env_isaaclab/lib/python3.11/site-packages/isaacsim/extscache/omni.fabric.commands-1.1.6+69cbf6ad.lx64.r.cp311/omni/fabric/commands/scripts`: errno=28/No space left on device
2026-05-23T22:43:59Z [2,640ms] [Error] [carb] Failed to create change watch for `/home/accelerator/miniforge3/envs/env_isaaclab/lib/python3.11/site-packages/isaacsim/extscache/omni.fabric.commands-1.1.6+69cbf6ad.lx64.r.cp311/omni/fabric/commands/tests`: errno=28/No space left on device
2026-05-23T22:43:59Z [2,643ms] [Error] [carb] Failed to create change watch for `/home/accelerator/miniforge3/envs/env_isaaclab/lib/python3.11/site-packages/isaacsim/extscache/omni.kit.manipulator.prim.core-107.0.8+69cbf6ad`: errno=28/No space left on device
2026-05-23T22:43:59Z [2,643ms] [Error] [carb] Failed to create change watch for `/home/accelerator/miniforge3/envs/env_isaaclab/lib/python3.11/site-packages/isaacsim/extscache/omni.kit.manipulator.prim.core-107.0.8+69cbf6ad/config`: errno=28/No space left on device
2026-05-23T22:43:59Z [2,643ms] [Error] [carb] Failed to create change watch for `/home/accelerator/miniforge3/envs/env_isaaclab/lib/python3.11/site-packages/isaacsim/extscache/omni.kit.manipulator.prim.core-107.0.8+69cbf6ad/omni`: errno=28/No space left on device
2026-05-23T22:43:59Z [2,643ms] [Error] [carb] Failed to create change watch for `/home/accelerator/miniforge3/envs/env_isaaclab/lib/python3.11/site-packages/isaacsim/extscache/omni.kit.manipulator.prim.core-107.0.8+69cbf6ad/omni/kit`: errno=28/No space left on device
2026-05-23T22:43:59Z [2,643ms] [Error] [carb] Failed to create change watch for `/home/accelerator/miniforge3/envs/env_isaaclab/lib/python3.11/site-packages/isaacsim/extscache/omni.kit.manipulator.prim.core-107.0.8+69cbf6ad/omni/kit/manipulator`: errno=28/No space left on device
[2.652s] [ext: omni.kit.property.audio-1.0.16] startup
2026-05-23T22:43:59Z [2,643ms] [Error] [carb] Failed to create change watch for `/home/accelerator/miniforge3/envs/env_isaaclab/lib/python3.11/site-packages/isaacsim/extscache/omni.kit.manipulator.prim.core-107.0.8+69cbf6ad/omni/kit/manipulator/prim`: errno=28/No space left on device
2026-05-23T22:43:59Z [2,643ms] [Error] [carb] Failed to create change watch for `/home/accelerator/miniforge3/envs/env_isaaclab/lib/python3.11/site-packages/isaacsim/extscache/omni.kit.manipulator.prim.core-107.0.8+69cbf6ad/omni/kit/manipulator/prim/core`: errno=28/No space left on device
2026-05-23T22:43:59Z [2,643ms] [Error] [carb] Failed to create change watch for `/home/accelerator/miniforge3/envs/env_isaaclab/lib/python3.11/site-packages/isaacsim/extscache/omni.kit.manipulator.prim.core-107.0.8+69cbf6ad/omni/kit/manipulator/prim/core/tests`: errno=28/No space left on device
2026-05-23T22:43:59Z [2,644ms] [Error] [carb] Failed to create change watch for `/home/accelerator/miniforge3/envs/env_isaaclab/lib/python3.11/site-packages/isaacsim/extscache/omni.kit.property.audio-1.0.16+69cbf6ad`: errno=28/No space left on device
2026-05-23T22:43:59Z [2,644ms] [Error] [carb] Failed to create change watch for `/home/accelerator/miniforge3/envs/env_isaaclab/lib/python3.11/site-packages/isaacsim/extscache/omni.kit.property.audio-1.0.16+69cbf6ad/config`: errno=28/No space left on device
2026-05-23T22:43:59Z [2,644ms] [Error] [carb] Failed to create change watch for `/home/accelerator/miniforge3/envs/env_isaaclab/lib/python3.11/site-packages/isaacsim/extscache/omni.kit.property.audio-1.0.16+69cbf6ad/omni`: errno=28/No space left on device
[2.653s] [ext: omni.kit.property.camera-1.0.10] startup
2026-05-23T22:43:59Z [2,644ms] [Error] [carb] Failed to create change watch for `/home/accelerator/miniforge3/envs/env_isaaclab/lib/python3.11/site-packages/isaacsim/extscache/omni.kit.property.audio-1.0.16+69cbf6ad/omni/kit`: errno=28/No space left on device
2026-05-23T22:43:59Z [2,644ms] [Error] [carb] Failed to create change watch for `/home/accelerator/miniforge3/envs/env_isaaclab/lib/python3.11/site-packages/isaacsim/extscache/omni.kit.property.audio-1.0.16+69cbf6ad/omni/kit/property`: errno=28/No space left on device
2026-05-23T22:43:59Z [2,644ms] [Error] [carb] Failed to create change watch for `/home/accelerator/miniforge3/envs/env_isaaclab/lib/python3.11/site-packages/isaacsim/extscache/omni.kit.property.audio-1.0.16+69cbf6ad/omni/kit/property/audio`: errno=28/No space left on device
2026-05-23T22:43:59Z [2,644ms] [Error] [carb] Failed to create change watch for `/home/accelerator/miniforge3/envs/env_isaaclab/lib/python3.11/site-packages/isaacsim/extscache/omni.kit.property.audio-1.0.16+69cbf6ad/omni/kit/property/audio/scripts`: errno=28/No space left on device
2026-05-23T22:43:59Z [2,644ms] [Error] [carb] Failed to create change watch for `/home/accelerator/miniforge3/envs/env_isaaclab/lib/python3.11/site-packages/isaacsim/extscache/omni.kit.property.audio-1.0.16+69cbf6ad/omni/kit/property/audio/tests`: errno=28/No space left on device
2026-05-23T22:43:59Z [2,645ms] [Error] [carb] Failed to create change watch for `/home/accelerator/miniforge3/envs/env_isaaclab/lib/python3.11/site-packages/isaacsim/extscache/omni.kit.property.camera-1.0.10+69cbf6ad`: errno=28/No space left on device
2026-05-23T22:43:59Z [2,645ms] [Error] [carb] Failed to create change watch for `/home/accelerator/miniforge3/envs/env_isaaclab/lib/python3.11/site-packages/isaacsim/extscache/omni.kit.property.camera-1.0.10+69cbf6ad/config`: errno=28/No space left on device
2026-05-23T22:43:59Z [2,645ms] [Error] [carb] Failed to create change watch for `/home/accelerator/miniforge3/envs/env_isaaclab/lib/python3.11/site-packages/isaacsim/extscache/omni.kit.property.camera-1.0.10+69cbf6ad/omni`: errno=28/No space left on device
[2.654s] [ext: omni.kit.property.geometry-2.0.4] startup
2026-05-23T22:43:59Z [2,645ms] [Error] [carb] Failed to create change watch for `/home/accelerator/miniforge3/envs/env_isaaclab/lib/python3.11/site-packages/isaacsim/extscache/omni.kit.property.camera-1.0.10+69cbf6ad/omni/kit`: errno=28/No space left on device
2026-05-23T22:43:59Z [2,645ms] [Error] [carb] Failed to create change watch for `/home/accelerator/miniforge3/envs/env_isaaclab/lib/python3.11/site-packages/isaacsim/extscache/omni.kit.property.camera-1.0.10+69cbf6ad/omni/kit/property`: errno=28/No space left on device
2026-05-23T22:43:59Z [2,645ms] [Error] [carb] Failed to create change watch for `/home/accelerator/miniforge3/envs/env_isaaclab/lib/python3.11/site-packages/isaacsim/extscache/omni.kit.property.camera-1.0.10+69cbf6ad/omni/kit/property/camera`: errno=28/No space left on device
2026-05-23T22:43:59Z [2,645ms] [Error] [carb] Failed to create change watch for `/home/accelerator/miniforge3/envs/env_isaaclab/lib/python3.11/site-packages/isaacsim/extscache/omni.kit.property.camera-1.0.10+69cbf6ad/omni/kit/property/camera/scripts`: errno=28/No space left on device
2026-05-23T22:43:59Z [2,645ms] [Error] [carb] Failed to create change watch for `/home/accelerator/miniforge3/envs/env_isaaclab/lib/python3.11/site-packages/isaacsim/extscache/omni.kit.property.camera-1.0.10+69cbf6ad/omni/kit/property/camera/tests`: errno=28/No space left on device
2026-05-23T22:43:59Z [2,646ms] [Error] [carb] Failed to create change watch for `/home/accelerator/miniforge3/envs/env_isaaclab/lib/python3.11/site-packages/isaacsim/extscache/omni.kit.property.geometry-2.0.4+69cbf6ad`: errno=28/No space left on device
2026-05-23T22:43:59Z [2,646ms] [Error] [carb] Failed to create change watch for `/home/accelerator/miniforge3/envs/env_isaaclab/lib/python3.11/site-packages/isaacsim/extscache/omni.kit.property.geometry-2.0.4+69cbf6ad/config`: errno=28/No space left on device
2026-05-23T22:43:59Z [2,646ms] [Error] [carb] Failed to create change watch for `/home/accelerator/miniforge3/envs/env_isaaclab/lib/python3.11/site-packages/isaacsim/extscache/omni.kit.property.geometry-2.0.4+69cbf6ad/omni`: errno=28/No space left on device
2026-05-23T22:43:59Z [2,647ms] [Error] [carb] Failed to create change watch for `/home/accelerator/miniforge3/envs/env_isaaclab/lib/python3.11/site-packages/isaacsim/extscache/omni.kit.property.geometry-2.0.4+69cbf6ad/omni/kit`: errno=28/No space left on device
[2.656s] [ext: omni.hydra.scene_api-0.1.2] startup
2026-05-23T22:43:59Z [2,647ms] [Error] [carb] Failed to create change watch for `/home/accelerator/miniforge3/envs/env_isaaclab/lib/python3.11/site-packages/isaacsim/extscache/omni.kit.property.geometry-2.0.4+69cbf6ad/omni/kit/property`: errno=28/No space left on device
2026-05-23T22:43:59Z [2,647ms] [Error] [carb] Failed to create change watch for `/home/accelerator/miniforge3/envs/env_isaaclab/lib/python3.11/site-packages/isaacsim/extscache/omni.kit.property.geometry-2.0.4+69cbf6ad/omni/kit/property/geometry`: errno=28/No space left on device
2026-05-23T22:43:59Z [2,647ms] [Error] [carb] Failed to create change watch for `/home/accelerator/miniforge3/envs/env_isaaclab/lib/python3.11/site-packages/isaacsim/extscache/omni.kit.property.geometry-2.0.4+69cbf6ad/omni/kit/property/geometry/scripts`: errno=28/No space left on device
2026-05-23T22:43:59Z [2,647ms] [Error] [carb] Failed to create change watch for `/home/accelerator/miniforge3/envs/env_isaaclab/lib/python3.11/site-packages/isaacsim/extscache/omni.kit.property.geometry-2.0.4+69cbf6ad/omni/kit/property/geometry/tests`: errno=28/No space left on device
2026-05-23T22:43:59Z [2,649ms] [Error] [carb] Failed to create change watch for `/home/accelerator/miniforge3/envs/env_isaaclab/lib/python3.11/site-packages/isaacsim/extscache/omni.hydra.scene_api-0.1.2+69cbf6ad.lx64.r.cp311`: errno=28/No space left on device
2026-05-23T22:43:59Z [2,649ms] [Error] [carb] Failed to create change watch for `/home/accelerator/miniforge3/envs/env_isaaclab/lib/python3.11/site-packages/isaacsim/extscache/omni.hydra.scene_api-0.1.2+69cbf6ad.lx64.r.cp311/config`: errno=28/No space left on device
[2.658s] [ext: omni.kit.property.light-1.0.12] startup
2026-05-23T22:43:59Z [2,649ms] [Error] [carb] Failed to create change watch for `/home/accelerator/miniforge3/envs/env_isaaclab/lib/python3.11/site-packages/isaacsim/extscache/omni.hydra.scene_api-0.1.2+69cbf6ad.lx64.r.cp311/omni`: errno=28/No space left on device
2026-05-23T22:43:59Z [2,649ms] [Error] [carb] Failed to create change watch for `/home/accelerator/miniforge3/envs/env_isaaclab/lib/python3.11/site-packages/isaacsim/extscache/omni.hydra.scene_api-0.1.2+69cbf6ad.lx64.r.cp311/omni/hydra`: errno=28/No space left on device
2026-05-23T22:43:59Z [2,649ms] [Error] [carb] Failed to create change watch for `/home/accelerator/miniforge3/envs/env_isaaclab/lib/python3.11/site-packages/isaacsim/extscache/omni.hydra.scene_api-0.1.2+69cbf6ad.lx64.r.cp311/omni/hydra/scene_api`: errno=28/No space left on device
2026-05-23T22:43:59Z [2,649ms] [Error] [carb] Failed to create change watch for `/home/accelerator/miniforge3/envs/env_isaaclab/lib/python3.11/site-packages/isaacsim/extscache/omni.hydra.scene_api-0.1.2+69cbf6ad.lx64.r.cp311/omni/hydra/scene_api/bindings`: errno=28/No space left on device
2026-05-23T22:43:59Z [2,649ms] [Error] [carb] Failed to create change watch for `/home/accelerator/miniforge3/envs/env_isaaclab/lib/python3.11/site-packages/isaacsim/extscache/omni.hydra.scene_api-0.1.2+69cbf6ad.lx64.r.cp311/omni/hydra/scene_api/tests`: errno=28/No space left on device
2026-05-23T22:43:59Z [2,649ms] [Error] [carb] Failed to create change watch for `/home/accelerator/miniforge3/envs/env_isaaclab/lib/python3.11/site-packages/isaacsim/extscache/omni.hydra.scene_api-0.1.2+69cbf6ad.lx64.r.cp311/omni/hydra/scene_api/tests/data`: errno=28/No space left on device
2026-05-23T22:43:59Z [2,649ms] [Error] [carb] Failed to create change watch for `/home/accelerator/miniforge3/envs/env_isaaclab/lib/python3.11/site-packages/isaacsim/extscache/omni.hydra.scene_api-0.1.2+69cbf6ad.lx64.r.cp311/omni/hydra/scene_api/tests/data/usd`: errno=28/No space left on device
2026-05-23T22:43:59Z [2,649ms] [Error] [carb] Failed to create change watch for `/home/accelerator/miniforge3/envs/env_isaaclab/lib/python3.11/site-packages/isaacsim/extscache/omni.hydra.scene_api-0.1.2+69cbf6ad.lx64.r.cp311/omni/hydra/scene_api/tests/data/golden`: errno=28/No space left on device
2026-05-23T22:43:59Z [2,668ms] [Error] [carb] Failed to create change watch for `/home/accelerator/miniforge3/envs/env_isaaclab/lib/python3.11/site-packages/isaacsim/extscache/omni.kit.property.light-1.0.12+69cbf6ad`: errno=28/No space left on device
2026-05-23T22:43:59Z [2,668ms] [Error] [carb] Failed to create change watch for `/home/accelerator/miniforge3/envs/env_isaaclab/lib/python3.11/site-packages/isaacsim/extscache/omni.kit.property.light-1.0.12+69cbf6ad/config`: errno=28/No space left on device
2026-05-23T22:43:59Z [2,668ms] [Error] [carb] Failed to create change watch for `/home/accelerator/miniforge3/envs/env_isaaclab/lib/python3.11/site-packages/isaacsim/extscache/omni.kit.property.light-1.0.12+69cbf6ad/omni`: errno=28/No space left on device
[2.677s] [ext: omni.kit.manipulator.prim.fabric-107.0.4] startup
2026-05-23T22:43:59Z [2,668ms] [Error] [carb] Failed to create change watch for `/home/accelerator/miniforge3/envs/env_isaaclab/lib/python3.11/site-packages/isaacsim/extscache/omni.kit.property.light-1.0.12+69cbf6ad/omni/kit`: errno=28/No space left on device
2026-05-23T22:43:59Z [2,668ms] [Error] [carb] Failed to create change watch for `/home/accelerator/miniforge3/envs/env_isaaclab/lib/python3.11/site-packages/isaacsim/extscache/omni.kit.property.light-1.0.12+69cbf6ad/omni/kit/property`: errno=28/No space left on device
2026-05-23T22:43:59Z [2,668ms] [Error] [carb] Failed to create change watch for `/home/accelerator/miniforge3/envs/env_isaaclab/lib/python3.11/site-packages/isaacsim/extscache/omni.kit.property.light-1.0.12+69cbf6ad/omni/kit/property/light`: errno=28/No space left on device
2026-05-23T22:43:59Z [2,668ms] [Error] [carb] Failed to create change watch for `/home/accelerator/miniforge3/envs/env_isaaclab/lib/python3.11/site-packages/isaacsim/extscache/omni.kit.property.light-1.0.12+69cbf6ad/omni/kit/property/light/scripts`: errno=28/No space left on device
2026-05-23T22:43:59Z [2,668ms] [Error] [carb] Failed to create change watch for `/home/accelerator/miniforge3/envs/env_isaaclab/lib/python3.11/site-packages/isaacsim/extscache/omni.kit.property.light-1.0.12+69cbf6ad/omni/kit/property/light/tests`: errno=28/No space left on device
2026-05-23T22:43:59Z [2,669ms] [Error] [carb] Failed to create change watch for `/home/accelerator/miniforge3/envs/env_isaaclab/lib/python3.11/site-packages/isaacsim/extscache/omni.kit.manipulator.prim.fabric-107.0.4+69cbf6ad`: errno=28/No space left on device
2026-05-23T22:43:59Z [2,669ms] [Error] [carb] Failed to create change watch for `/home/accelerator/miniforge3/envs/env_isaaclab/lib/python3.11/site-packages/isaacsim/extscache/omni.kit.manipulator.prim.fabric-107.0.4+69cbf6ad/config`: errno=28/No space left on device
2026-05-23T22:43:59Z [2,669ms] [Error] [carb] Failed to create change watch for `/home/accelerator/miniforge3/envs/env_isaaclab/lib/python3.11/site-packages/isaacsim/extscache/omni.kit.manipulator.prim.fabric-107.0.4+69cbf6ad/omni`: errno=28/No space left on device
[2.678s] [ext: omni.kit.manipulator.prim.usd-107.0.3] startup
2026-05-23T22:43:59Z [2,669ms] [Error] [carb] Failed to create change watch for `/home/accelerator/miniforge3/envs/env_isaaclab/lib/python3.11/site-packages/isaacsim/extscache/omni.kit.manipulator.prim.fabric-107.0.4+69cbf6ad/omni/kit`: errno=28/No space left on device
2026-05-23T22:43:59Z [2,669ms] [Error] [carb] Failed to create change watch for `/home/accelerator/miniforge3/envs/env_isaaclab/lib/python3.11/site-packages/isaacsim/extscache/omni.kit.manipulator.prim.fabric-107.0.4+69cbf6ad/omni/kit/manipulator`: errno=28/No space left on device
2026-05-23T22:43:59Z [2,669ms] [Error] [carb] Failed to create change watch for `/home/accelerator/miniforge3/envs/env_isaaclab/lib/python3.11/site-packages/isaacsim/extscache/omni.kit.manipulator.prim.fabric-107.0.4+69cbf6ad/omni/kit/manipulator/prim`: errno=28/No space left on device
2026-05-23T22:43:59Z [2,669ms] [Error] [carb] Failed to create change watch for `/home/accelerator/miniforge3/envs/env_isaaclab/lib/python3.11/site-packages/isaacsim/extscache/omni.kit.manipulator.prim.fabric-107.0.4+69cbf6ad/omni/kit/manipulator/prim/fabric`: errno=28/No space left on device
2026-05-23T22:43:59Z [2,669ms] [Error] [carb] Failed to create change watch for `/home/accelerator/miniforge3/envs/env_isaaclab/lib/python3.11/site-packages/isaacsim/extscache/omni.kit.manipulator.prim.fabric-107.0.4+69cbf6ad/omni/kit/manipulator/prim/fabric/tests`: errno=28/No space left on device
2026-05-23T22:43:59Z [2,670ms] [Error] [carb] Failed to create change watch for `/home/accelerator/miniforge3/envs/env_isaaclab/lib/python3.11/site-packages/isaacsim/extscache/omni.kit.manipulator.prim.usd-107.0.3+69cbf6ad`: errno=28/No space left on device
2026-05-23T22:43:59Z [2,670ms] [Error] [carb] Failed to create change watch for `/home/accelerator/miniforge3/envs/env_isaaclab/lib/python3.11/site-packages/isaacsim/extscache/omni.kit.manipulator.prim.usd-107.0.3+69cbf6ad/config`: errno=28/No space left on device
[2.679s] [ext: omni.kit.property.material-1.11.9] startup
2026-05-23T22:43:59Z [2,670ms] [Error] [carb] Failed to create change watch for `/home/accelerator/miniforge3/envs/env_isaaclab/lib/python3.11/site-packages/isaacsim/extscache/omni.kit.manipulator.prim.usd-107.0.3+69cbf6ad/omni`: errno=28/No space left on device
2026-05-23T22:43:59Z [2,670ms] [Error] [carb] Failed to create change watch for `/home/accelerator/miniforge3/envs/env_isaaclab/lib/python3.11/site-packages/isaacsim/extscache/omni.kit.manipulator.prim.usd-107.0.3+69cbf6ad/omni/kit`: errno=28/No space left on device
2026-05-23T22:43:59Z [2,670ms] [Error] [carb] Failed to create change watch for `/home/accelerator/miniforge3/envs/env_isaaclab/lib/python3.11/site-packages/isaacsim/extscache/omni.kit.manipulator.prim.usd-107.0.3+69cbf6ad/omni/kit/manipulator`: errno=28/No space left on device
2026-05-23T22:43:59Z [2,670ms] [Error] [carb] Failed to create change watch for `/home/accelerator/miniforge3/envs/env_isaaclab/lib/python3.11/site-packages/isaacsim/extscache/omni.kit.manipulator.prim.usd-107.0.3+69cbf6ad/omni/kit/manipulator/prim`: errno=28/No space left on device
2026-05-23T22:43:59Z [2,670ms] [Error] [carb] Failed to create change watch for `/home/accelerator/miniforge3/envs/env_isaaclab/lib/python3.11/site-packages/isaacsim/extscache/omni.kit.manipulator.prim.usd-107.0.3+69cbf6ad/omni/kit/manipulator/prim/usd`: errno=28/No space left on device
2026-05-23T22:43:59Z [2,670ms] [Error] [carb] Failed to create change watch for `/home/accelerator/miniforge3/envs/env_isaaclab/lib/python3.11/site-packages/isaacsim/extscache/omni.kit.manipulator.prim.usd-107.0.3+69cbf6ad/omni/kit/manipulator/prim/usd/tests`: errno=28/No space left on device
2026-05-23T22:43:59Z [2,673ms] [Error] [carb] Failed to create change watch for `/home/accelerator/miniforge3/envs/env_isaaclab/lib/python3.11/site-packages/isaacsim/extscache/omni.kit.property.material-1.11.9+69cbf6ad`: errno=28/No space left on device
2026-05-23T22:43:59Z [2,673ms] [Error] [carb] Failed to create change watch for `/home/accelerator/miniforge3/envs/env_isaaclab/lib/python3.11/site-packages/isaacsim/extscache/omni.kit.property.material-1.11.9+69cbf6ad/config`: errno=28/No space left on device
[2.682s] [ext: omni.kit.property.render-1.2.1] startup
2026-05-23T22:43:59Z [2,673ms] [Error] [carb] Failed to create change watch for `/home/accelerator/miniforge3/envs/env_isaaclab/lib/python3.11/site-packages/isaacsim/extscache/omni.kit.property.material-1.11.9+69cbf6ad/omni`: errno=28/No space left on device
2026-05-23T22:43:59Z [2,673ms] [Error] [carb] Failed to create change watch for `/home/accelerator/miniforge3/envs/env_isaaclab/lib/python3.11/site-packages/isaacsim/extscache/omni.kit.property.material-1.11.9+69cbf6ad/omni/kit`: errno=28/No space left on device
2026-05-23T22:43:59Z [2,673ms] [Error] [carb] Failed to create change watch for `/home/accelerator/miniforge3/envs/env_isaaclab/lib/python3.11/site-packages/isaacsim/extscache/omni.kit.property.material-1.11.9+69cbf6ad/omni/kit/property`: errno=28/No space left on device
2026-05-23T22:43:59Z [2,673ms] [Error] [carb] Failed to create change watch for `/home/accelerator/miniforge3/envs/env_isaaclab/lib/python3.11/site-packages/isaacsim/extscache/omni.kit.property.material-1.11.9+69cbf6ad/omni/kit/property/material`: errno=28/No space left on device
2026-05-23T22:43:59Z [2,673ms] [Error] [carb] Failed to create change watch for `/home/accelerator/miniforge3/envs/env_isaaclab/lib/python3.11/site-packages/isaacsim/extscache/omni.kit.property.material-1.11.9+69cbf6ad/omni/kit/property/material/scripts`: errno=28/No space left on device
2026-05-23T22:43:59Z [2,673ms] [Error] [carb] Failed to create change watch for `/home/accelerator/miniforge3/envs/env_isaaclab/lib/python3.11/site-packages/isaacsim/extscache/omni.kit.property.material-1.11.9+69cbf6ad/omni/kit/property/material/scripts/commands`: errno=28/No space left on device
2026-05-23T22:43:59Z [2,673ms] [Error] [carb] Failed to create change watch for `/home/accelerator/miniforge3/envs/env_isaaclab/lib/python3.11/site-packages/isaacsim/extscache/omni.kit.property.material-1.11.9+69cbf6ad/omni/kit/property/material/scripts/widgets`: errno=28/No space left on device
2026-05-23T22:43:59Z [2,673ms] [Error] [carb] Failed to create change watch for `/home/accelerator/miniforge3/envs/env_isaaclab/lib/python3.11/site-packages/isaacsim/extscache/omni.kit.property.material-1.11.9+69cbf6ad/omni/kit/property/material/scripts/widgets/usdshade`: errno=28/No space left on device
2026-05-23T22:43:59Z [2,673ms] [Error] [carb] Failed to create change watch for `/home/accelerator/miniforge3/envs/env_isaaclab/lib/python3.11/site-packages/isaacsim/extscache/omni.kit.property.material-1.11.9+69cbf6ad/omni/kit/property/material/scripts/widgets/usdshade/models`: errno=28/No space left on device
2026-05-23T22:43:59Z [2,673ms] [Error] [carb] Failed to create change watch for `/home/accelerator/miniforge3/envs/env_isaaclab/lib/python3.11/site-packages/isaacsim/extscache/omni.kit.property.material-1.11.9+69cbf6ad/omni/kit/property/material/scripts/widgets/usdshade/placeholder`: errno=28/No space left on device
2026-05-23T22:43:59Z [2,673ms] [Error] [carb] Failed to create change watch for `/home/accelerator/miniforge3/envs/env_isaaclab/lib/python3.11/site-packages/isaacsim/extscache/omni.kit.property.material-1.11.9+69cbf6ad/omni/kit/property/material/scripts/widgets/material_binding`: errno=28/No space left on device
2026-05-23T22:43:59Z [2,673ms] [Error] [carb] Failed to create change watch for `/home/accelerator/miniforge3/envs/env_isaaclab/lib/python3.11/site-packages/isaacsim/extscache/omni.kit.property.material-1.11.9+69cbf6ad/omni/kit/property/material/tests`: errno=28/No space left on device
2026-05-23T22:43:59Z [2,674ms] [Error] [carb] Failed to create change watch for `/home/accelerator/miniforge3/envs/env_isaaclab/lib/python3.11/site-packages/isaacsim/extscache/omni.kit.property.render-1.2.1+69cbf6ad`: errno=28/No space left on device
2026-05-23T22:43:59Z [2,674ms] [Error] [carb] Failed to create change watch for `/home/accelerator/miniforge3/envs/env_isaaclab/lib/python3.11/site-packages/isaacsim/extscache/omni.kit.property.render-1.2.1+69cbf6ad/config`: errno=28/No space left on device
2026-05-23T22:43:59Z [2,674ms] [Error] [carb] Failed to create change watch for `/home/accelerator/miniforge3/envs/env_isaaclab/lib/python3.11/site-packages/isaacsim/extscache/omni.kit.property.render-1.2.1+69cbf6ad/omni`: errno=28/No space left on device
[2.683s] [ext: omni.kit.property.transform-1.5.13] startup
2026-05-23T22:43:59Z [2,674ms] [Error] [carb] Failed to create change watch for `/home/accelerator/miniforge3/envs/env_isaaclab/lib/python3.11/site-packages/isaacsim/extscache/omni.kit.property.render-1.2.1+69cbf6ad/omni/kit`: errno=28/No space left on device
2026-05-23T22:43:59Z [2,674ms] [Error] [carb] Failed to create change watch for `/home/accelerator/miniforge3/envs/env_isaaclab/lib/python3.11/site-packages/isaacsim/extscache/omni.kit.property.render-1.2.1+69cbf6ad/omni/kit/property`: errno=28/No space left on device
2026-05-23T22:43:59Z [2,674ms] [Error] [carb] Failed to create change watch for `/home/accelerator/miniforge3/envs/env_isaaclab/lib/python3.11/site-packages/isaacsim/extscache/omni.kit.property.render-1.2.1+69cbf6ad/omni/kit/property/render`: errno=28/No space left on device
2026-05-23T22:43:59Z [2,674ms] [Error] [carb] Failed to create change watch for `/home/accelerator/miniforge3/envs/env_isaaclab/lib/python3.11/site-packages/isaacsim/extscache/omni.kit.property.render-1.2.1+69cbf6ad/omni/kit/property/render/tests`: errno=28/No space left on device
2026-05-23T22:43:59Z [2,676ms] [Error] [carb] Failed to create change watch for `/home/accelerator/miniforge3/envs/env_isaaclab/lib/python3.11/site-packages/isaacsim/extscache/omni.kit.property.transform-1.5.13+69cbf6ad`: errno=28/No space left on device
[2.685s] [ext: isaacsim.gui.property-1.1.3] startup
2026-05-23T22:43:59Z [2,676ms] [Error] [carb] Failed to create change watch for `/home/accelerator/miniforge3/envs/env_isaaclab/lib/python3.11/site-packages/isaacsim/extscache/omni.kit.property.transform-1.5.13+69cbf6ad/config`: errno=28/No space left on device
2026-05-23T22:43:59Z [2,676ms] [Error] [carb] Failed to create change watch for `/home/accelerator/miniforge3/envs/env_isaaclab/lib/python3.11/site-packages/isaacsim/extscache/omni.kit.property.transform-1.5.13+69cbf6ad/omni`: errno=28/No space left on device
2026-05-23T22:43:59Z [2,676ms] [Error] [carb] Failed to create change watch for `/home/accelerator/miniforge3/envs/env_isaaclab/lib/python3.11/site-packages/isaacsim/extscache/omni.kit.property.transform-1.5.13+69cbf6ad/omni/kit`: errno=28/No space left on device
2026-05-23T22:43:59Z [2,676ms] [Error] [carb] Failed to create change watch for `/home/accelerator/miniforge3/envs/env_isaaclab/lib/python3.11/site-packages/isaacsim/extscache/omni.kit.property.transform-1.5.13+69cbf6ad/omni/kit/property`: errno=28/No space left on device
2026-05-23T22:43:59Z [2,676ms] [Error] [carb] Failed to create change watch for `/home/accelerator/miniforge3/envs/env_isaaclab/lib/python3.11/site-packages/isaacsim/extscache/omni.kit.property.transform-1.5.13+69cbf6ad/omni/kit/property/transform`: errno=28/No space left on device
2026-05-23T22:43:59Z [2,676ms] [Error] [carb] Failed to create change watch for `/home/accelerator/miniforge3/envs/env_isaaclab/lib/python3.11/site-packages/isaacsim/extscache/omni.kit.property.transform-1.5.13+69cbf6ad/omni/kit/property/transform/scripts`: errno=28/No space left on device
2026-05-23T22:43:59Z [2,676ms] [Error] [carb] Failed to create change watch for `/home/accelerator/miniforge3/envs/env_isaaclab/lib/python3.11/site-packages/isaacsim/extscache/omni.kit.property.transform-1.5.13+69cbf6ad/omni/kit/property/transform/tests`: errno=28/No space left on device
2026-05-23T22:43:59Z [2,677ms] [Error] [carb] Failed to create change watch for `/home/accelerator/miniforge3/envs/env_isaaclab/lib/python3.11/site-packages/isaacsim/exts/isaacsim.gui.property`: errno=28/No space left on device
2026-05-23T22:43:59Z [2,677ms] [Error] [carb] Failed to create change watch for `/home/accelerator/miniforge3/envs/env_isaaclab/lib/python3.11/site-packages/isaacsim/exts/isaacsim.gui.property/config`: errno=28/No space left on device
[2.686s] [ext: omni.kit.manipulator.camera-106.0.4] startup
2026-05-23T22:43:59Z [2,677ms] [Error] [carb] Failed to create change watch for `/home/accelerator/miniforge3/envs/env_isaaclab/lib/python3.11/site-packages/isaacsim/exts/isaacsim.gui.property/isaacsim`: errno=28/No space left on device
2026-05-23T22:43:59Z [2,677ms] [Error] [carb] Failed to create change watch for `/home/accelerator/miniforge3/envs/env_isaaclab/lib/python3.11/site-packages/isaacsim/exts/isaacsim.gui.property/isaacsim/gui`: errno=28/No space left on device
2026-05-23T22:43:59Z [2,677ms] [Error] [carb] Failed to create change watch for `/home/accelerator/miniforge3/envs/env_isaaclab/lib/python3.11/site-packages/isaacsim/exts/isaacsim.gui.property/isaacsim/gui/property`: errno=28/No space left on device
2026-05-23T22:43:59Z [2,679ms] [Error] [carb] Failed to create change watch for `/home/accelerator/miniforge3/envs/env_isaaclab/lib/python3.11/site-packages/isaacsim/extscache/omni.kit.manipulator.camera-106.0.4+69cbf6ad`: errno=28/No space left on device
2026-05-23T22:43:59Z [2,679ms] [Error] [carb] Failed to create change watch for `/home/accelerator/miniforge3/envs/env_isaaclab/lib/python3.11/site-packages/isaacsim/extscache/omni.kit.manipulator.camera-106.0.4+69cbf6ad/config`: errno=28/No space left on device
2026-05-23T22:43:59Z [2,679ms] [Error] [carb] Failed to create change watch for `/home/accelerator/miniforge3/envs/env_isaaclab/lib/python3.11/site-packages/isaacsim/extscache/omni.kit.manipulator.camera-106.0.4+69cbf6ad/omni`: errno=28/No space left on device
2026-05-23T22:43:59Z [2,679ms] [Error] [carb] Failed to create change watch for `/home/accelerator/miniforge3/envs/env_isaaclab/lib/python3.11/site-packages/isaacsim/extscache/omni.kit.manipulator.camera-106.0.4+69cbf6ad/omni/kit`: errno=28/No space left on device
2026-05-23T22:43:59Z [2,679ms] [Error] [carb] Failed to create change watch for `/home/accelerator/miniforge3/envs/env_isaaclab/lib/python3.11/site-packages/isaacsim/extscache/omni.kit.manipulator.camera-106.0.4+69cbf6ad/omni/kit/manipulator`: errno=28/No space left on device
2026-05-23T22:43:59Z [2,679ms] [Error] [carb] Failed to create change watch for `/home/accelerator/miniforge3/envs/env_isaaclab/lib/python3.11/site-packages/isaacsim/extscache/omni.kit.manipulator.camera-106.0.4+69cbf6ad/omni/kit/manipulator/camera`: errno=28/No space left on device
2026-05-23T22:43:59Z [2,679ms] [Error] [carb] Failed to create change watch for `/home/accelerator/miniforge3/envs/env_isaaclab/lib/python3.11/site-packages/isaacsim/extscache/omni.kit.manipulator.camera-106.0.4+69cbf6ad/omni/kit/manipulator/camera/tests`: errno=28/No space left on device
[2.688s] [ext: omni.kit.manipulator.prim-107.0.0] startup
[2.688s] [ext: omni.isaac.surface_gripper-2.0.6] startup
2026-05-23T22:43:59Z [2,679ms] [Warning] [omni.isaac.surface_gripper] omni.isaac.surface_gripper has been deprecated in favor of isaacsim.robot.surface_gripper. Please update your code accordingly.
2026-05-23T22:43:59Z [2,680ms] [Error] [carb] Failed to create change watch for `/home/accelerator/miniforge3/envs/env_isaaclab/lib/python3.11/site-packages/isaacsim/extsDeprecated/omni.isaac.surface_gripper`: errno=28/No space left on device
2026-05-23T22:43:59Z [2,680ms] [Error] [carb] Failed to create change watch for `/home/accelerator/miniforge3/envs/env_isaaclab/lib/python3.11/site-packages/isaacsim/extsDeprecated/omni.isaac.surface_gripper/config`: errno=28/No space left on device
[2.689s] [ext: omni.kit.manipulator.selection-106.0.1] startup
2026-05-23T22:43:59Z [2,680ms] [Error] [carb] Failed to create change watch for `/home/accelerator/miniforge3/envs/env_isaaclab/lib/python3.11/site-packages/isaacsim/extsDeprecated/omni.isaac.surface_gripper/omni`: errno=28/No space left on device
2026-05-23T22:43:59Z [2,680ms] [Error] [carb] Failed to create change watch for `/home/accelerator/miniforge3/envs/env_isaaclab/lib/python3.11/site-packages/isaacsim/extsDeprecated/omni.isaac.surface_gripper/omni/isaac`: errno=28/No space left on device
2026-05-23T22:43:59Z [2,680ms] [Error] [carb] Failed to create change watch for `/home/accelerator/miniforge3/envs/env_isaaclab/lib/python3.11/site-packages/isaacsim/extsDeprecated/omni.isaac.surface_gripper/omni/isaac/surface_gripper`: errno=28/No space left on device
2026-05-23T22:43:59Z [2,680ms] [Error] [carb] Failed to create change watch for `/home/accelerator/miniforge3/envs/env_isaaclab/lib/python3.11/site-packages/isaacsim/extsDeprecated/omni.isaac.surface_gripper/omni/isaac/surface_gripper/impl`: errno=28/No space left on device
2026-05-23T22:43:59Z [2,680ms] [Error] [carb] Failed to create change watch for `/home/accelerator/miniforge3/envs/env_isaaclab/lib/python3.11/site-packages/isaacsim/extsDeprecated/omni.isaac.surface_gripper/omni/isaac/surface_gripper/tests`: errno=28/No space left on device
2026-05-23T22:43:59Z [2,681ms] [Error] [carb] Failed to create change watch for `/home/accelerator/miniforge3/envs/env_isaaclab/lib/python3.11/site-packages/isaacsim/extscache/omni.kit.manipulator.selection-106.0.1+69cbf6ad`: errno=28/No space left on device
2026-05-23T22:43:59Z [2,681ms] [Error] [carb] Failed to create change watch for `/home/accelerator/miniforge3/envs/env_isaaclab/lib/python3.11/site-packages/isaacsim/extscache/omni.kit.manipulator.selection-106.0.1+69cbf6ad/config`: errno=28/No space left on device
2026-05-23T22:43:59Z [2,681ms] [Error] [carb] Failed to create change watch for `/home/accelerator/miniforge3/envs/env_isaaclab/lib/python3.11/site-packages/isaacsim/extscache/omni.kit.manipulator.selection-106.0.1+69cbf6ad/omni`: errno=28/No space left on device
2026-05-23T22:43:59Z [2,681ms] [Error] [carb] Failed to create change watch for `/home/accelerator/miniforge3/envs/env_isaaclab/lib/python3.11/site-packages/isaacsim/extscache/omni.kit.manipulator.selection-106.0.1+69cbf6ad/omni/kit`: errno=28/No space left on device
2026-05-23T22:43:59Z [2,681ms] [Error] [carb] Failed to create change watch for `/home/accelerator/miniforge3/envs/env_isaaclab/lib/python3.11/site-packages/isaacsim/extscache/omni.kit.manipulator.selection-106.0.1+69cbf6ad/omni/kit/manipulator`: errno=28/No space left on device
2026-05-23T22:43:59Z [2,681ms] [Error] [carb] Failed to create change watch for `/home/accelerator/miniforge3/envs/env_isaaclab/lib/python3.11/site-packages/isaacsim/extscache/omni.kit.manipulator.selection-106.0.1+69cbf6ad/omni/kit/manipulator/selection`: errno=28/No space left on device
2026-05-23T22:43:59Z [2,681ms] [Error] [carb] Failed to create change watch for `/home/accelerator/miniforge3/envs/env_isaaclab/lib/python3.11/site-packages/isaacsim/extscache/omni.kit.manipulator.selection-106.0.1+69cbf6ad/omni/kit/manipulator/selection/tests`: errno=28/No space left on device
[2.690s] [ext: omni.kit.property.bundle-1.4.1] startup
2026-05-23T22:43:59Z [2,682ms] [Error] [carb] Failed to create change watch for `/home/accelerator/miniforge3/envs/env_isaaclab/lib/python3.11/site-packages/isaacsim/extscache/omni.kit.property.bundle-1.4.1+69cbf6ad`: errno=28/No space left on device
[2.691s] [ext: omni.kit.property.isaac-1.0.6] startup
2026-05-23T22:43:59Z [2,682ms] [Error] [carb] Failed to create change watch for `/home/accelerator/miniforge3/envs/env_isaaclab/lib/python3.11/site-packages/isaacsim/extscache/omni.kit.property.bundle-1.4.1+69cbf6ad/config`: errno=28/No space left on device
2026-05-23T22:43:59Z [2,682ms] [Error] [carb] Failed to create change watch for `/home/accelerator/miniforge3/envs/env_isaaclab/lib/python3.11/site-packages/isaacsim/extscache/omni.kit.property.bundle-1.4.1+69cbf6ad/omni`: errno=28/No space left on device
2026-05-23T22:43:59Z [2,682ms] [Error] [carb] Failed to create change watch for `/home/accelerator/miniforge3/envs/env_isaaclab/lib/python3.11/site-packages/isaacsim/extscache/omni.kit.property.bundle-1.4.1+69cbf6ad/omni/kit`: errno=28/No space left on device
2026-05-23T22:43:59Z [2,682ms] [Error] [carb] Failed to create change watch for `/home/accelerator/miniforge3/envs/env_isaaclab/lib/python3.11/site-packages/isaacsim/extscache/omni.kit.property.bundle-1.4.1+69cbf6ad/omni/kit/property`: errno=28/No space left on device
2026-05-23T22:43:59Z [2,682ms] [Error] [carb] Failed to create change watch for `/home/accelerator/miniforge3/envs/env_isaaclab/lib/python3.11/site-packages/isaacsim/extscache/omni.kit.property.bundle-1.4.1+69cbf6ad/omni/kit/property/bundle`: errno=28/No space left on device
2026-05-23T22:43:59Z [2,682ms] [Error] [carb] Failed to create change watch for `/home/accelerator/miniforge3/envs/env_isaaclab/lib/python3.11/site-packages/isaacsim/extscache/omni.kit.property.bundle-1.4.1+69cbf6ad/omni/kit/property/bundle/tests`: errno=28/No space left on device
2026-05-23T22:43:59Z [2,683ms] [Warning] [omni.kit.property.isaac] omni.kit.property.isaac has been deprecated in favor of isaacsim.gui.property. Please update your code accordingly.
2026-05-23T22:43:59Z [2,683ms] [Warning] [omni.kit.property.isaac.widgets] omni.kit.property.isaac.widgets has been deprecated in favor of isaacsim.gui.property.widgets. Please update your code accordingly.
2026-05-23T22:43:59Z [2,683ms] [Error] [carb] Failed to create change watch for `/home/accelerator/miniforge3/envs/env_isaaclab/lib/python3.11/site-packages/isaacsim/extsDeprecated/omni.kit.property.isaac`: errno=28/No space left on device
2026-05-23T22:43:59Z [2,683ms] [Error] [carb] Failed to create change watch for `/home/accelerator/miniforge3/envs/env_isaaclab/lib/python3.11/site-packages/isaacsim/extsDeprecated/omni.kit.property.isaac/config`: errno=28/No space left on device
[2.692s] [ext: omni.isaac.universal_robots-1.0.6] startup
2026-05-23T22:43:59Z [2,683ms] [Error] [carb] Failed to create change watch for `/home/accelerator/miniforge3/envs/env_isaaclab/lib/python3.11/site-packages/isaacsim/extsDeprecated/omni.kit.property.isaac/omni`: errno=28/No space left on device
2026-05-23T22:43:59Z [2,683ms] [Error] [carb] Failed to create change watch for `/home/accelerator/miniforge3/envs/env_isaaclab/lib/python3.11/site-packages/isaacsim/extsDeprecated/omni.kit.property.isaac/omni/kit`: errno=28/No space left on device
2026-05-23T22:43:59Z [2,683ms] [Error] [carb] Failed to create change watch for `/home/accelerator/miniforge3/envs/env_isaaclab/lib/python3.11/site-packages/isaacsim/extsDeprecated/omni.kit.property.isaac/omni/kit/property`: errno=28/No space left on device
2026-05-23T22:43:59Z [2,683ms] [Error] [carb] Failed to create change watch for `/home/accelerator/miniforge3/envs/env_isaaclab/lib/python3.11/site-packages/isaacsim/extsDeprecated/omni.kit.property.isaac/omni/kit/property/isaac`: errno=28/No space left on device
2026-05-23T22:43:59Z [2,683ms] [Warning] [omni.isaac.universal_robots] omni.isaac.universal_robots has been deprecated in favor of isaacsim.robot.manipulators.examples.universal_robots. Please update your code accordingly.
2026-05-23T22:43:59Z [2,683ms] [Warning] [omni.isaac.universal_robots.kinematics_solver] omni.isaac.franka has been deprecated in favor of isaacsim.robot.manipulators.examples.universal_robots. Please update your code accordingly.
2026-05-23T22:43:59Z [2,684ms] [Warning] [omni.isaac.universal_robots.ur10] omni.isaac.franka has been deprecated in favor of isaacsim.robot.manipulators.examples.universal_robots. Please update your code accordingly.
2026-05-23T22:43:59Z [2,684ms] [Error] [carb] Failed to create change watch for `/home/accelerator/miniforge3/envs/env_isaaclab/lib/python3.11/site-packages/isaacsim/extsDeprecated/omni.isaac.universal_robots`: errno=28/No space left on device
2026-05-23T22:43:59Z [2,684ms] [Error] [carb] Failed to create change watch for `/home/accelerator/miniforge3/envs/env_isaaclab/lib/python3.11/site-packages/isaacsim/extsDeprecated/omni.isaac.universal_robots/config`: errno=28/No space left on device
[2.693s] [ext: omni.isaac.core_nodes-2.0.6] startup
2026-05-23T22:43:59Z [2,684ms] [Error] [carb] Failed to create change watch for `/home/accelerator/miniforge3/envs/env_isaaclab/lib/python3.11/site-packages/isaacsim/extsDeprecated/omni.isaac.universal_robots/omni`: errno=28/No space left on device
2026-05-23T22:43:59Z [2,684ms] [Error] [carb] Failed to create change watch for `/home/accelerator/miniforge3/envs/env_isaaclab/lib/python3.11/site-packages/isaacsim/extsDeprecated/omni.isaac.universal_robots/omni/isaac`: errno=28/No space left on device
2026-05-23T22:43:59Z [2,684ms] [Error] [carb] Failed to create change watch for `/home/accelerator/miniforge3/envs/env_isaaclab/lib/python3.11/site-packages/isaacsim/extsDeprecated/omni.isaac.universal_robots/omni/isaac/universal_robots`: errno=28/No space left on device
2026-05-23T22:43:59Z [2,684ms] [Error] [carb] Failed to create change watch for `/home/accelerator/miniforge3/envs/env_isaaclab/lib/python3.11/site-packages/isaacsim/extsDeprecated/omni.isaac.universal_robots/omni/isaac/universal_robots/tasks`: errno=28/No space left on device
2026-05-23T22:43:59Z [2,684ms] [Error] [carb] Failed to create change watch for `/home/accelerator/miniforge3/envs/env_isaaclab/lib/python3.11/site-packages/isaacsim/extsDeprecated/omni.isaac.universal_robots/omni/isaac/universal_robots/controllers`: errno=28/No space left on device
2026-05-23T22:43:59Z [2,685ms] [Warning] [omni.isaac.core_nodes] omni.isaac.core_nodes has been deprecated in favor of isaacsim.core.nodes. Please update your code accordingly.
2026-05-23T22:43:59Z [2,685ms] [Error] [carb] Failed to create change watch for `/home/accelerator/miniforge3/envs/env_isaaclab/lib/python3.11/site-packages/isaacsim/extsDeprecated/omni.isaac.core_nodes`: errno=28/No space left on device
2026-05-23T22:43:59Z [2,685ms] [Error] [carb] Failed to create change watch for `/home/accelerator/miniforge3/envs/env_isaaclab/lib/python3.11/site-packages/isaacsim/extsDeprecated/omni.isaac.core_nodes/config`: errno=28/No space left on device
[2.694s] [ext: omni.kit.viewport.menubar.camera-107.0.6] startup
2026-05-23T22:43:59Z [2,685ms] [Error] [carb] Failed to create change watch for `/home/accelerator/miniforge3/envs/env_isaaclab/lib/python3.11/site-packages/isaacsim/extsDeprecated/omni.isaac.core_nodes/omni`: errno=28/No space left on device
2026-05-23T22:43:59Z [2,685ms] [Error] [carb] Failed to create change watch for `/home/accelerator/miniforge3/envs/env_isaaclab/lib/python3.11/site-packages/isaacsim/extsDeprecated/omni.isaac.core_nodes/omni/isaac`: errno=28/No space left on device
2026-05-23T22:43:59Z [2,685ms] [Error] [carb] Failed to create change watch for `/home/accelerator/miniforge3/envs/env_isaaclab/lib/python3.11/site-packages/isaacsim/extsDeprecated/omni.isaac.core_nodes/omni/isaac/core_nodes`: errno=28/No space left on device
2026-05-23T22:43:59Z [2,685ms] [Error] [carb] Failed to create change watch for `/home/accelerator/miniforge3/envs/env_isaaclab/lib/python3.11/site-packages/isaacsim/extsDeprecated/omni.isaac.core_nodes/omni/isaac/core_nodes/scripts`: errno=28/No space left on device
2026-05-23T22:43:59Z [2,685ms] [Error] [carb] Failed to create change watch for `/home/accelerator/miniforge3/envs/env_isaaclab/lib/python3.11/site-packages/isaacsim/extsDeprecated/omni.isaac.core_nodes/omni/isaac/core_nodes/impl`: errno=28/No space left on device
2026-05-23T22:43:59Z [2,685ms] [Error] [carb] Failed to create change watch for `/home/accelerator/miniforge3/envs/env_isaaclab/lib/python3.11/site-packages/isaacsim/extsDeprecated/omni.isaac.core_nodes/omni/isaac/core_nodes/tests`: errno=28/No space left on device
2026-05-23T22:43:59Z [2,689ms] [Error] [carb] Failed to create change watch for `/home/accelerator/miniforge3/envs/env_isaaclab/lib/python3.11/site-packages/isaacsim/extscache/omni.kit.viewport.menubar.camera-107.0.6+69cbf6ad`: errno=28/No space left on device
2026-05-23T22:43:59Z [2,689ms] [Error] [carb] Failed to create change watch for `/home/accelerator/miniforge3/envs/env_isaaclab/lib/python3.11/site-packages/isaacsim/extscache/omni.kit.viewport.menubar.camera-107.0.6+69cbf6ad/config`: errno=28/No space left on device
[2.698s] [ext: omni.kit.viewport.menubar.lighting-107.3.1] startup
2026-05-23T22:43:59Z [2,689ms] [Error] [carb] Failed to create change watch for `/home/accelerator/miniforge3/envs/env_isaaclab/lib/python3.11/site-packages/isaacsim/extscache/omni.kit.viewport.menubar.camera-107.0.6+69cbf6ad/omni`: errno=28/No space left on device
2026-05-23T22:43:59Z [2,689ms] [Error] [carb] Failed to create change watch for `/home/accelerator/miniforge3/envs/env_isaaclab/lib/python3.11/site-packages/isaacsim/extscache/omni.kit.viewport.menubar.camera-107.0.6+69cbf6ad/omni/kit`: errno=28/No space left on device
2026-05-23T22:43:59Z [2,689ms] [Error] [carb] Failed to create change watch for `/home/accelerator/miniforge3/envs/env_isaaclab/lib/python3.11/site-packages/isaacsim/extscache/omni.kit.viewport.menubar.camera-107.0.6+69cbf6ad/omni/kit/viewport`: errno=28/No space left on device
2026-05-23T22:43:59Z [2,689ms] [Error] [carb] Failed to create change watch for `/home/accelerator/miniforge3/envs/env_isaaclab/lib/python3.11/site-packages/isaacsim/extscache/omni.kit.viewport.menubar.camera-107.0.6+69cbf6ad/omni/kit/viewport/menubar`: errno=28/No space left on device
2026-05-23T22:43:59Z [2,689ms] [Error] [carb] Failed to create change watch for `/home/accelerator/miniforge3/envs/env_isaaclab/lib/python3.11/site-packages/isaacsim/extscache/omni.kit.viewport.menubar.camera-107.0.6+69cbf6ad/omni/kit/viewport/menubar/camera`: errno=28/No space left on device
2026-05-23T22:43:59Z [2,689ms] [Error] [carb] Failed to create change watch for `/home/accelerator/miniforge3/envs/env_isaaclab/lib/python3.11/site-packages/isaacsim/extscache/omni.kit.viewport.menubar.camera-107.0.6+69cbf6ad/omni/kit/viewport/menubar/camera/menu_item`: errno=28/No space left on device
2026-05-23T22:43:59Z [2,689ms] [Error] [carb] Failed to create change watch for `/home/accelerator/miniforge3/envs/env_isaaclab/lib/python3.11/site-packages/isaacsim/extscache/omni.kit.viewport.menubar.camera-107.0.6+69cbf6ad/omni/kit/viewport/menubar/camera/tests`: errno=28/No space left on device
2026-05-23T22:43:59Z [2,690ms] [Error] [carb] Failed to create change watch for `/home/accelerator/miniforge3/envs/env_isaaclab/lib/python3.11/site-packages/isaacsim/extscache/omni.kit.viewport.menubar.lighting-107.3.1+107.3.0`: errno=28/No space left on device
2026-05-23T22:43:59Z [2,690ms] [Error] [carb] Failed to create change watch for `/home/accelerator/miniforge3/envs/env_isaaclab/lib/python3.11/site-packages/isaacsim/extscache/omni.kit.viewport.menubar.lighting-107.3.1+107.3.0/config`: errno=28/No space left on device
2026-05-23T22:43:59Z [2,690ms] [Error] [carb] Failed to create change watch for `/home/accelerator/miniforge3/envs/env_isaaclab/lib/python3.11/site-packages/isaacsim/extscache/omni.kit.viewport.menubar.lighting-107.3.1+107.3.0/omni`: errno=28/No space left on device
2026-05-23T22:43:59Z [2,690ms] [Error] [carb] Failed to create change watch for `/home/accelerator/miniforge3/envs/env_isaaclab/lib/python3.11/site-packages/isaacsim/extscache/omni.kit.viewport.menubar.lighting-107.3.1+107.3.0/omni/kit`: errno=28/No space left on device
[2.700s] [ext: isaacsim.replicator.writers-1.0.17] startup
2026-05-23T22:43:59Z [2,690ms] [Error] [carb] Failed to create change watch for `/home/accelerator/miniforge3/envs/env_isaaclab/lib/python3.11/site-packages/isaacsim/extscache/omni.kit.viewport.menubar.lighting-107.3.1+107.3.0/omni/kit/viewport`: errno=28/No space left on device
2026-05-23T22:43:59Z [2,691ms] [Error] [carb] Failed to create change watch for `/home/accelerator/miniforge3/envs/env_isaaclab/lib/python3.11/site-packages/isaacsim/extscache/omni.kit.viewport.menubar.lighting-107.3.1+107.3.0/omni/kit/viewport/menubar`: errno=28/No space left on device
2026-05-23T22:43:59Z [2,691ms] [Error] [carb] Failed to create change watch for `/home/accelerator/miniforge3/envs/env_isaaclab/lib/python3.11/site-packages/isaacsim/extscache/omni.kit.viewport.menubar.lighting-107.3.1+107.3.0/omni/kit/viewport/menubar/lighting`: errno=28/No space left on device
2026-05-23T22:43:59Z [2,691ms] [Error] [carb] Failed to create change watch for `/home/accelerator/miniforge3/envs/env_isaaclab/lib/python3.11/site-packages/isaacsim/extscache/omni.kit.viewport.menubar.lighting-107.3.1+107.3.0/omni/kit/viewport/menubar/lighting/tests`: errno=28/No space left on device
2026-05-23T22:43:59Z [2,697ms] [Error] [carb] Failed to create change watch for `/home/accelerator/miniforge3/envs/env_isaaclab/lib/python3.11/site-packages/isaacsim/exts/isaacsim.replicator.writers`: errno=28/No space left on device
2026-05-23T22:43:59Z [2,698ms] [Error] [carb] Failed to create change watch for `/home/accelerator/miniforge3/envs/env_isaaclab/lib/python3.11/site-packages/isaacsim/exts/isaacsim.replicator.writers/config`: errno=28/No space left on device
2026-05-23T22:43:59Z [2,698ms] [Error] [carb] Failed to create change watch for `/home/accelerator/miniforge3/envs/env_isaaclab/lib/python3.11/site-packages/isaacsim/exts/isaacsim.replicator.writers/isaacsim`: errno=28/No space left on device
2026-05-23T22:43:59Z [2,698ms] [Error] [carb] Failed to create change watch for `/home/accelerator/miniforge3/envs/env_isaaclab/lib/python3.11/site-packages/isaacsim/exts/isaacsim.replicator.writers/isaacsim/replicator`: errno=28/No space left on device
[2.707s] [ext: omni.kit.viewport.menubar.render-107.0.10] startup
2026-05-23T22:43:59Z [2,698ms] [Error] [carb] Failed to create change watch for `/home/accelerator/miniforge3/envs/env_isaaclab/lib/python3.11/site-packages/isaacsim/exts/isaacsim.replicator.writers/isaacsim/replicator/writers`: errno=28/No space left on device
2026-05-23T22:43:59Z [2,698ms] [Error] [carb] Failed to create change watch for `/home/accelerator/miniforge3/envs/env_isaaclab/lib/python3.11/site-packages/isaacsim/exts/isaacsim.replicator.writers/isaacsim/replicator/writers/scripts`: errno=28/No space left on device
2026-05-23T22:43:59Z [2,698ms] [Error] [carb] Failed to create change watch for `/home/accelerator/miniforge3/envs/env_isaaclab/lib/python3.11/site-packages/isaacsim/exts/isaacsim.replicator.writers/isaacsim/replicator/writers/scripts/writers`: errno=28/No space left on device
2026-05-23T22:43:59Z [2,698ms] [Error] [carb] Failed to create change watch for `/home/accelerator/miniforge3/envs/env_isaaclab/lib/python3.11/site-packages/isaacsim/exts/isaacsim.replicator.writers/isaacsim/replicator/writers/impl`: errno=28/No space left on device
2026-05-23T22:43:59Z [2,698ms] [Error] [carb] Failed to create change watch for `/home/accelerator/miniforge3/envs/env_isaaclab/lib/python3.11/site-packages/isaacsim/exts/isaacsim.replicator.writers/isaacsim/replicator/writers/ogn`: errno=28/No space left on device
2026-05-23T22:43:59Z [2,698ms] [Error] [carb] Failed to create change watch for `/home/accelerator/miniforge3/envs/env_isaaclab/lib/python3.11/site-packages/isaacsim/exts/isaacsim.replicator.writers/isaacsim/replicator/writers/ogn/python`: errno=28/No space left on device
2026-05-23T22:43:59Z [2,698ms] [Error] [carb] Failed to create change watch for `/home/accelerator/miniforge3/envs/env_isaaclab/lib/python3.11/site-packages/isaacsim/exts/isaacsim.replicator.writers/isaacsim/replicator/writers/ogn/python/nodes`: errno=28/No space left on device
2026-05-23T22:43:59Z [2,698ms] [Error] [carb] Failed to create change watch for `/home/accelerator/miniforge3/envs/env_isaaclab/lib/python3.11/site-packages/isaacsim/exts/isaacsim.replicator.writers/isaacsim/replicator/writers/ogn/python/nodes/config`: errno=28/No space left on device
2026-05-23T22:43:59Z [2,698ms] [Error] [carb] Failed to create change watch for `/home/accelerator/miniforge3/envs/env_isaaclab/lib/python3.11/site-packages/isaacsim/exts/isaacsim.replicator.writers/isaacsim/replicator/writers/ogn/python/nodes/icons`: errno=28/No space left on device
2026-05-23T22:43:59Z [2,698ms] [Error] [carb] Failed to create change watch for `/home/accelerator/miniforge3/envs/env_isaaclab/lib/python3.11/site-packages/isaacsim/exts/isaacsim.replicator.writers/isaacsim/replicator/writers/ogn/tests`: errno=28/No space left on device
2026-05-23T22:43:59Z [2,698ms] [Error] [carb] Failed to create change watch for `/home/accelerator/miniforge3/envs/env_isaaclab/lib/python3.11/site-packages/isaacsim/exts/isaacsim.replicator.writers/isaacsim/replicator/writers/ogn/tests/usd`: errno=28/No space left on device
2026-05-23T22:43:59Z [2,698ms] [Error] [carb] Failed to create change watch for `/home/accelerator/miniforge3/envs/env_isaaclab/lib/python3.11/site-packages/isaacsim/exts/isaacsim.replicator.writers/isaacsim/replicator/writers/tests`: errno=28/No space left on device
2026-05-23T22:43:59Z [2,698ms] [Error] [carb] Failed to create change watch for `/home/accelerator/miniforge3/envs/env_isaaclab/lib/python3.11/site-packages/isaacsim/exts/isaacsim.replicator.writers/isaacsim/replicator/writers/tests/data`: errno=28/No space left on device
2026-05-23T22:43:59Z [2,698ms] [Error] [carb] Failed to create change watch for `/home/accelerator/miniforge3/envs/env_isaaclab/lib/python3.11/site-packages/isaacsim/exts/isaacsim.replicator.writers/isaacsim/replicator/writers/tests/data/golden`: errno=28/No space left on device
2026-05-23T22:43:59Z [2,698ms] [Error] [carb] Failed to create change watch for `/home/accelerator/miniforge3/envs/env_isaaclab/lib/python3.11/site-packages/isaacsim/exts/isaacsim.replicator.writers/isaacsim/replicator/writers/tests/data/golden/out_pose_writer`: errno=28/No space left on device
2026-05-23T22:43:59Z [2,698ms] [Error] [carb] Failed to create change watch for `/home/accelerator/miniforge3/envs/env_isaaclab/lib/python3.11/site-packages/isaacsim/exts/isaacsim.replicator.writers/isaacsim/replicator/writers/tests/data/golden/out_pose_writer/rp1`: errno=28/No space left on device
2026-05-23T22:43:59Z [2,698ms] [Error] [carb] Failed to create change watch for `/home/accelerator/miniforge3/envs/env_isaaclab/lib/python3.11/site-packages/isaacsim/exts/isaacsim.replicator.writers/isaacsim/replicator/writers/tests/data/golden/out_pose_writer/rp2`: errno=28/No space left on device
2026-05-23T22:43:59Z [2,700ms] [Error] [carb] Failed to create change watch for `/home/accelerator/miniforge3/envs/env_isaaclab/lib/python3.11/site-packages/isaacsim/extscache/omni.kit.viewport.menubar.render-107.0.10+69cbf6ad`: errno=28/No space left on device
2026-05-23T22:43:59Z [2,700ms] [Error] [carb] Failed to create change watch for `/home/accelerator/miniforge3/envs/env_isaaclab/lib/python3.11/site-packages/isaacsim/extscache/omni.kit.viewport.menubar.render-107.0.10+69cbf6ad/config`: errno=28/No space left on device
2026-05-23T22:43:59Z [2,700ms] [Error] [carb] Failed to create change watch for `/home/accelerator/miniforge3/envs/env_isaaclab/lib/python3.11/site-packages/isaacsim/extscache/omni.kit.viewport.menubar.render-107.0.10+69cbf6ad/omni`: errno=28/No space left on device
[2.710s] [ext: omni.kit.viewport.menubar.settings-107.0.3] startup
2026-05-23T22:43:59Z [2,700ms] [Error] [carb] Failed to create change watch for `/home/accelerator/miniforge3/envs/env_isaaclab/lib/python3.11/site-packages/isaacsim/extscache/omni.kit.viewport.menubar.render-107.0.10+69cbf6ad/omni/kit`: errno=28/No space left on device
2026-05-23T22:43:59Z [2,701ms] [Error] [carb] Failed to create change watch for `/home/accelerator/miniforge3/envs/env_isaaclab/lib/python3.11/site-packages/isaacsim/extscache/omni.kit.viewport.menubar.render-107.0.10+69cbf6ad/omni/kit/viewport`: errno=28/No space left on device
2026-05-23T22:43:59Z [2,701ms] [Error] [carb] Failed to create change watch for `/home/accelerator/miniforge3/envs/env_isaaclab/lib/python3.11/site-packages/isaacsim/extscache/omni.kit.viewport.menubar.render-107.0.10+69cbf6ad/omni/kit/viewport/menubar`: errno=28/No space left on device
2026-05-23T22:43:59Z [2,701ms] [Error] [carb] Failed to create change watch for `/home/accelerator/miniforge3/envs/env_isaaclab/lib/python3.11/site-packages/isaacsim/extscache/omni.kit.viewport.menubar.render-107.0.10+69cbf6ad/omni/kit/viewport/menubar/render`: errno=28/No space left on device
2026-05-23T22:43:59Z [2,701ms] [Error] [carb] Failed to create change watch for `/home/accelerator/miniforge3/envs/env_isaaclab/lib/python3.11/site-packages/isaacsim/extscache/omni.kit.viewport.menubar.render-107.0.10+69cbf6ad/omni/kit/viewport/menubar/render/menu_item`: errno=28/No space left on device
2026-05-23T22:43:59Z [2,701ms] [Error] [carb] Failed to create change watch for `/home/accelerator/miniforge3/envs/env_isaaclab/lib/python3.11/site-packages/isaacsim/extscache/omni.kit.viewport.menubar.render-107.0.10+69cbf6ad/omni/kit/viewport/menubar/render/tests`: errno=28/No space left on device
2026-05-23T22:43:59Z [2,705ms] [Error] [carb] Failed to create change watch for `/home/accelerator/miniforge3/envs/env_isaaclab/lib/python3.11/site-packages/isaacsim/extscache/omni.kit.viewport.menubar.settings-107.0.3+69cbf6ad`: errno=28/No space left on device
2026-05-23T22:43:59Z [2,705ms] [Error] [carb] Failed to create change watch for `/home/accelerator/miniforge3/envs/env_isaaclab/lib/python3.11/site-packages/isaacsim/extscache/omni.kit.viewport.menubar.settings-107.0.3+69cbf6ad/config`: errno=28/No space left on device
2026-05-23T22:43:59Z [2,705ms] [Error] [carb] Failed to create change watch for `/home/accelerator/miniforge3/envs/env_isaaclab/lib/python3.11/site-packages/isaacsim/extscache/omni.kit.viewport.menubar.settings-107.0.3+69cbf6ad/omni`: errno=28/No space left on device
2026-05-23T22:43:59Z [2,705ms] [Error] [carb] Failed to create change watch for `/home/accelerator/miniforge3/envs/env_isaaclab/lib/python3.11/site-packages/isaacsim/extscache/omni.kit.viewport.menubar.settings-107.0.3+69cbf6ad/omni/kit`: errno=28/No space left on device
2026-05-23T22:43:59Z [2,705ms] [Error] [carb] Failed to create change watch for `/home/accelerator/miniforge3/envs/env_isaaclab/lib/python3.11/site-packages/isaacsim/extscache/omni.kit.viewport.menubar.settings-107.0.3+69cbf6ad/omni/kit/viewport`: errno=28/No space left on device
2026-05-23T22:43:59Z [2,706ms] [Error] [carb] Failed to create change watch for `/home/accelerator/miniforge3/envs/env_isaaclab/lib/python3.11/site-packages/isaacsim/extscache/omni.kit.viewport.menubar.settings-107.0.3+69cbf6ad/omni/kit/viewport/menubar`: errno=28/No space left on device
2026-05-23T22:43:59Z [2,706ms] [Error] [carb] Failed to create change watch for `/home/accelerator/miniforge3/envs/env_isaaclab/lib/python3.11/site-packages/isaacsim/extscache/omni.kit.viewport.menubar.settings-107.0.3+69cbf6ad/omni/kit/viewport/menubar/settings`: errno=28/No space left on device
2026-05-23T22:43:59Z [2,706ms] [Error] [carb] Failed to create change watch for `/home/accelerator/miniforge3/envs/env_isaaclab/lib/python3.11/site-packages/isaacsim/extscache/omni.kit.viewport.menubar.settings-107.0.3+69cbf6ad/omni/kit/viewport/menubar/settings/menu_item`: errno=28/No space left on device
2026-05-23T22:43:59Z [2,706ms] [Error] [carb] Failed to create change watch for `/home/accelerator/miniforge3/envs/env_isaaclab/lib/python3.11/site-packages/isaacsim/extscache/omni.kit.viewport.menubar.settings-107.0.3+69cbf6ad/omni/kit/viewport/menubar/settings/menu_item/custom_resolution`: errno=28/No space left on device
2026-05-23T22:43:59Z [2,706ms] [Error] [carb] Failed to create change watch for `/home/accelerator/miniforge3/envs/env_isaaclab/lib/python3.11/site-packages/isaacsim/extscache/omni.kit.viewport.menubar.settings-107.0.3+69cbf6ad/omni/kit/viewport/menubar/settings/menu_item/resolution_collection`: errno=28/No space left on device
2026-05-23T22:43:59Z [2,706ms] [Error] [carb] Failed to create change watch for `/home/accelerator/miniforge3/envs/env_isaaclab/lib/python3.11/site-packages/isaacsim/extscache/omni.kit.viewport.menubar.settings-107.0.3+69cbf6ad/omni/kit/viewport/menubar/settings/tests`: errno=28/No space left on device
[2.715s] [ext: omni.kit.window.console-1.1.4] startup
2026-05-23T22:43:59Z [2,708ms] [Error] [carb] Failed to create change watch for `/home/accelerator/miniforge3/envs/env_isaaclab/lib/python3.11/site-packages/isaacsim/extscache/omni.kit.window.console-1.1.4+69cbf6ad.lx64.r.cp311`: errno=28/No space left on device
2026-05-23T22:43:59Z [2,708ms] [Error] [carb] Failed to create change watch for `/home/accelerator/miniforge3/envs/env_isaaclab/lib/python3.11/site-packages/isaacsim/extscache/omni.kit.window.console-1.1.4+69cbf6ad.lx64.r.cp311/config`: errno=28/No space left on device
2026-05-23T22:43:59Z [2,708ms] [Error] [carb] Failed to create change watch for `/home/accelerator/miniforge3/envs/env_isaaclab/lib/python3.11/site-packages/isaacsim/extscache/omni.kit.window.console-1.1.4+69cbf6ad.lx64.r.cp311/omni`: errno=28/No space left on device
2026-05-23T22:43:59Z [2,708ms] [Error] [carb] Failed to create change watch for `/home/accelerator/miniforge3/envs/env_isaaclab/lib/python3.11/site-packages/isaacsim/extscache/omni.kit.window.console-1.1.4+69cbf6ad.lx64.r.cp311/omni/kit`: errno=28/No space left on device
[2.717s] [ext: isaacsim.replicator.domain_randomization-1.0.16] startup
2026-05-23T22:43:59Z [2,708ms] [Error] [carb] Failed to create change watch for `/home/accelerator/miniforge3/envs/env_isaaclab/lib/python3.11/site-packages/isaacsim/extscache/omni.kit.window.console-1.1.4+69cbf6ad.lx64.r.cp311/omni/kit/window`: errno=28/No space left on device
2026-05-23T22:43:59Z [2,708ms] [Error] [carb] Failed to create change watch for `/home/accelerator/miniforge3/envs/env_isaaclab/lib/python3.11/site-packages/isaacsim/extscache/omni.kit.window.console-1.1.4+69cbf6ad.lx64.r.cp311/omni/kit/window/console`: errno=28/No space left on device
2026-05-23T22:43:59Z [2,708ms] [Error] [carb] Failed to create change watch for `/home/accelerator/miniforge3/envs/env_isaaclab/lib/python3.11/site-packages/isaacsim/extscache/omni.kit.window.console-1.1.4+69cbf6ad.lx64.r.cp311/omni/kit/window/console/scripts`: errno=28/No space left on device
2026-05-23T22:43:59Z [2,708ms] [Error] [carb] Failed to create change watch for `/home/accelerator/miniforge3/envs/env_isaaclab/lib/python3.11/site-packages/isaacsim/extscache/omni.kit.window.console-1.1.4+69cbf6ad.lx64.r.cp311/omni/kit/window/console/tests`: errno=28/No space left on device
2026-05-23T22:43:59Z [2,709ms] [Error] [carb] Failed to create change watch for `/home/accelerator/miniforge3/envs/env_isaaclab/lib/python3.11/site-packages/isaacsim/exts/isaacsim.replicator.domain_randomization`: errno=28/No space left on device
2026-05-23T22:43:59Z [2,709ms] [Error] [carb] Failed to create change watch for `/home/accelerator/miniforge3/envs/env_isaaclab/lib/python3.11/site-packages/isaacsim/exts/isaacsim.replicator.domain_randomization/config`: errno=28/No space left on device
2026-05-23T22:43:59Z [2,709ms] [Error] [carb] Failed to create change watch for `/home/accelerator/miniforge3/envs/env_isaaclab/lib/python3.11/site-packages/isaacsim/exts/isaacsim.replicator.domain_randomization/isaacsim`: errno=28/No space left on device
[2.718s] [ext: isaacsim.replicator.examples-1.3.6] startup
2026-05-23T22:43:59Z [2,709ms] [Error] [carb] Failed to create change watch for `/home/accelerator/miniforge3/envs/env_isaaclab/lib/python3.11/site-packages/isaacsim/exts/isaacsim.replicator.domain_randomization/isaacsim/replicator`: errno=28/No space left on device
2026-05-23T22:43:59Z [2,709ms] [Error] [carb] Failed to create change watch for `/home/accelerator/miniforge3/envs/env_isaaclab/lib/python3.11/site-packages/isaacsim/exts/isaacsim.replicator.domain_randomization/isaacsim/replicator/domain_randomization`: errno=28/No space left on device
2026-05-23T22:43:59Z [2,709ms] [Error] [carb] Failed to create change watch for `/home/accelerator/miniforge3/envs/env_isaaclab/lib/python3.11/site-packages/isaacsim/exts/isaacsim.replicator.domain_randomization/isaacsim/replicator/domain_randomization/scripts`: errno=28/No space left on device
2026-05-23T22:43:59Z [2,709ms] [Error] [carb] Failed to create change watch for `/home/accelerator/miniforge3/envs/env_isaaclab/lib/python3.11/site-packages/isaacsim/exts/isaacsim.replicator.domain_randomization/isaacsim/replicator/domain_randomization/impl`: errno=28/No space left on device
2026-05-23T22:43:59Z [2,709ms] [Error] [carb] Failed to create change watch for `/home/accelerator/miniforge3/envs/env_isaaclab/lib/python3.11/site-packages/isaacsim/exts/isaacsim.replicator.domain_randomization/isaacsim/replicator/domain_randomization/ogn`: errno=28/No space left on device
2026-05-23T22:43:59Z [2,709ms] [Error] [carb] Failed to create change watch for `/home/accelerator/miniforge3/envs/env_isaaclab/lib/python3.11/site-packages/isaacsim/exts/isaacsim.replicator.domain_randomization/isaacsim/replicator/domain_randomization/ogn/python`: errno=28/No space left on device
2026-05-23T22:43:59Z [2,709ms] [Error] [carb] Failed to create change watch for `/home/accelerator/miniforge3/envs/env_isaaclab/lib/python3.11/site-packages/isaacsim/exts/isaacsim.replicator.domain_randomization/isaacsim/replicator/domain_randomization/ogn/python/nodes`: errno=28/No space left on device
2026-05-23T22:43:59Z [2,709ms] [Error] [carb] Failed to create change watch for `/home/accelerator/miniforge3/envs/env_isaaclab/lib/python3.11/site-packages/isaacsim/exts/isaacsim.replicator.domain_randomization/isaacsim/replicator/domain_randomization/ogn/tests`: errno=28/No space left on device
2026-05-23T22:43:59Z [2,709ms] [Error] [carb] Failed to create change watch for `/home/accelerator/miniforge3/envs/env_isaaclab/lib/python3.11/site-packages/isaacsim/exts/isaacsim.replicator.domain_randomization/isaacsim/replicator/domain_randomization/ogn/tests/usd`: errno=28/No space left on device
2026-05-23T22:43:59Z [2,709ms] [Error] [carb] Failed to create change watch for `/home/accelerator/miniforge3/envs/env_isaaclab/lib/python3.11/site-packages/isaacsim/exts/isaacsim.replicator.domain_randomization/isaacsim/replicator/domain_randomization/tests`: errno=28/No space left on device
2026-05-23T22:43:59Z [2,710ms] [Error] [carb] Failed to create change watch for `/home/accelerator/miniforge3/envs/env_isaaclab/lib/python3.11/site-packages/isaacsim/exts/isaacsim.replicator.examples`: errno=28/No space left on device
2026-05-23T22:43:59Z [2,710ms] [Error] [carb] Failed to create change watch for `/home/accelerator/miniforge3/envs/env_isaaclab/lib/python3.11/site-packages/isaacsim/exts/isaacsim.replicator.examples/config`: errno=28/No space left on device
2026-05-23T22:43:59Z [2,710ms] [Error] [carb] Failed to create change watch for `/home/accelerator/miniforge3/envs/env_isaaclab/lib/python3.11/site-packages/isaacsim/exts/isaacsim.replicator.examples/isaacsim`: errno=28/No space left on device
2026-05-23T22:43:59Z [2,710ms] [Error] [carb] Failed to create change watch for `/home/accelerator/miniforge3/envs/env_isaaclab/lib/python3.11/site-packages/isaacsim/exts/isaacsim.replicator.examples/isaacsim/replicator`: errno=28/No space left on device
2026-05-23T22:43:59Z [2,710ms] [Error] [carb] Failed to create change watch for `/home/accelerator/miniforge3/envs/env_isaaclab/lib/python3.11/site-packages/isaacsim/exts/isaacsim.replicator.examples/isaacsim/replicator/examples`: errno=28/No space left on device
2026-05-23T22:43:59Z [2,710ms] [Error] [carb] Failed to create change watch for `/home/accelerator/miniforge3/envs/env_isaaclab/lib/python3.11/site-packages/isaacsim/exts/isaacsim.replicator.examples/isaacsim/replicator/examples/impl`: errno=28/No space left on device
[2.719s] [ext: omni.ocio-0.1.1] startup
2026-05-23T22:43:59Z [2,710ms] [Error] [carb] Failed to create change watch for `/home/accelerator/miniforge3/envs/env_isaaclab/lib/python3.11/site-packages/isaacsim/exts/isaacsim.replicator.examples/isaacsim/replicator/examples/ogn`: errno=28/No space left on device
2026-05-23T22:43:59Z [2,710ms] [Error] [carb] Failed to create change watch for `/home/accelerator/miniforge3/envs/env_isaaclab/lib/python3.11/site-packages/isaacsim/exts/isaacsim.replicator.examples/isaacsim/replicator/examples/ogn/python`: errno=28/No space left on device
2026-05-23T22:43:59Z [2,710ms] [Error] [carb] Failed to create change watch for `/home/accelerator/miniforge3/envs/env_isaaclab/lib/python3.11/site-packages/isaacsim/exts/isaacsim.replicator.examples/isaacsim/replicator/examples/ogn/python/nodes`: errno=28/No space left on device
2026-05-23T22:43:59Z [2,710ms] [Error] [carb] Failed to create change watch for `/home/accelerator/miniforge3/envs/env_isaaclab/lib/python3.11/site-packages/isaacsim/exts/isaacsim.replicator.examples/isaacsim/replicator/examples/ogn/python/nodes/config`: errno=28/No space left on device
2026-05-23T22:43:59Z [2,710ms] [Error] [carb] Failed to create change watch for `/home/accelerator/miniforge3/envs/env_isaaclab/lib/python3.11/site-packages/isaacsim/exts/isaacsim.replicator.examples/isaacsim/replicator/examples/ogn/python/nodes/icons`: errno=28/No space left on device
2026-05-23T22:43:59Z [2,710ms] [Error] [carb] Failed to create change watch for `/home/accelerator/miniforge3/envs/env_isaaclab/lib/python3.11/site-packages/isaacsim/exts/isaacsim.replicator.examples/isaacsim/replicator/examples/ogn/tests`: errno=28/No space left on device
2026-05-23T22:43:59Z [2,710ms] [Error] [carb] Failed to create change watch for `/home/accelerator/miniforge3/envs/env_isaaclab/lib/python3.11/site-packages/isaacsim/exts/isaacsim.replicator.examples/isaacsim/replicator/examples/ogn/tests/usd`: errno=28/No space left on device
2026-05-23T22:43:59Z [2,710ms] [Error] [carb] Failed to create change watch for `/home/accelerator/miniforge3/envs/env_isaaclab/lib/python3.11/site-packages/isaacsim/exts/isaacsim.replicator.examples/isaacsim/replicator/examples/tests`: errno=28/No space left on device
2026-05-23T22:43:59Z [2,710ms] [Error] [carb] Failed to create change watch for `/home/accelerator/miniforge3/envs/env_isaaclab/lib/python3.11/site-packages/isaacsim/exts/isaacsim.replicator.examples/isaacsim/replicator/examples/tests/data`: errno=28/No space left on device
2026-05-23T22:43:59Z [2,710ms] [Error] [carb] Failed to create change watch for `/home/accelerator/miniforge3/envs/env_isaaclab/lib/python3.11/site-packages/isaacsim/exts/isaacsim.replicator.examples/isaacsim/replicator/examples/tests/data/golden`: errno=28/No space left on device
2026-05-23T22:43:59Z [2,710ms] [Error] [carb] Failed to create change watch for `/home/accelerator/miniforge3/envs/env_isaaclab/lib/python3.11/site-packages/isaacsim/exts/isaacsim.replicator.examples/isaacsim/replicator/examples/tests/data/golden/_out_augm_annot_warp_False`: errno=28/No space left on device
2026-05-23T22:43:59Z [2,710ms] [Error] [carb] Failed to create change watch for `/home/accelerator/miniforge3/envs/env_isaaclab/lib/python3.11/site-packages/isaacsim/exts/isaacsim.replicator.examples/isaacsim/replicator/examples/tests/data/golden/_out_augm_writer_warp_True`: errno=28/No space left on device
2026-05-23T22:43:59Z [2,710ms] [Error] [carb] Failed to create change watch for `/home/accelerator/miniforge3/envs/env_isaaclab/lib/python3.11/site-packages/isaacsim/exts/isaacsim.replicator.examples/isaacsim/replicator/examples/tests/data/golden/_out_augm_annot_warp_True`: errno=28/No space left on device
2026-05-23T22:43:59Z [2,710ms] [Error] [carb] Failed to create change watch for `/home/accelerator/miniforge3/envs/env_isaaclab/lib/python3.11/site-packages/isaacsim/exts/isaacsim.replicator.examples/isaacsim/replicator/examples/tests/data/golden/_out_augm_writer_warp_False`: errno=28/No space left on device
2026-05-23T22:43:59Z [2,712ms] [Error] [carb] Failed to create change watch for `/home/accelerator/miniforge3/envs/env_isaaclab/lib/python3.11/site-packages/isaacsim/extscache/omni.ocio-0.1.1+69cbf6ad.lx64.r.cp311`: errno=28/No space left on device
2026-05-23T22:43:59Z [2,712ms] [Error] [carb] Failed to create change watch for `/home/accelerator/miniforge3/envs/env_isaaclab/lib/python3.11/site-packages/isaacsim/extscache/omni.ocio-0.1.1+69cbf6ad.lx64.r.cp311/config`: errno=28/No space left on device
2026-05-23T22:43:59Z [2,712ms] [Error] [carb] Failed to create change watch for `/home/accelerator/miniforge3/envs/env_isaaclab/lib/python3.11/site-packages/isaacsim/extscache/omni.ocio-0.1.1+69cbf6ad.lx64.r.cp311/omni`: errno=28/No space left on device
2026-05-23T22:43:59Z [2,712ms] [Error] [carb] Failed to create change watch for `/home/accelerator/miniforge3/envs/env_isaaclab/lib/python3.11/site-packages/isaacsim/extscache/omni.ocio-0.1.1+69cbf6ad.lx64.r.cp311/omni/ocio`: errno=28/No space left on device
2026-05-23T22:43:59Z [2,712ms] [Error] [carb] Failed to create change watch for `/home/accelerator/miniforge3/envs/env_isaaclab/lib/python3.11/site-packages/isaacsim/extscache/omni.ocio-0.1.1+69cbf6ad.lx64.r.cp311/omni/ocio/tests`: errno=28/No space left on device
[2.721s] [ext: omni.rtx.window.settings-0.6.19] startup
2026-05-23T22:43:59Z [2,717ms] [Error] [carb] Failed to create change watch for `/home/accelerator/miniforge3/envs/env_isaaclab/lib/python3.11/site-packages/isaacsim/extscache/omni.rtx.window.settings-0.6.19+69cbf6ad.lx64.r.cp311`: errno=28/No space left on device
2026-05-23T22:43:59Z [2,717ms] [Error] [carb] Failed to create change watch for `/home/accelerator/miniforge3/envs/env_isaaclab/lib/python3.11/site-packages/isaacsim/extscache/omni.rtx.window.settings-0.6.19+69cbf6ad.lx64.r.cp311/rtx`: errno=28/No space left on device
2026-05-23T22:43:59Z [2,717ms] [Error] [carb] Failed to create change watch for `/home/accelerator/miniforge3/envs/env_isaaclab/lib/python3.11/site-packages/isaacsim/extscache/omni.rtx.window.settings-0.6.19+69cbf6ad.lx64.r.cp311/config`: errno=28/No space left on device
2026-05-23T22:43:59Z [2,717ms] [Error] [carb] Failed to create change watch for `/home/accelerator/miniforge3/envs/env_isaaclab/lib/python3.11/site-packages/isaacsim/extscache/omni.rtx.window.settings-0.6.19+69cbf6ad.lx64.r.cp311/omni`: errno=28/No space left on device
2026-05-23T22:43:59Z [2,717ms] [Error] [carb] Failed to create change watch for `/home/accelerator/miniforge3/envs/env_isaaclab/lib/python3.11/site-packages/isaacsim/extscache/omni.rtx.window.settings-0.6.19+69cbf6ad.lx64.r.cp311/omni/rtx`: errno=28/No space left on device
2026-05-23T22:43:59Z [2,717ms] [Error] [carb] Failed to create change watch for `/home/accelerator/miniforge3/envs/env_isaaclab/lib/python3.11/site-packages/isaacsim/extscache/omni.rtx.window.settings-0.6.19+69cbf6ad.lx64.r.cp311/omni/rtx/window`: errno=28/No space left on device
[2.726s] [ext: omni.kit.window.status_bar-0.1.9] startup
2026-05-23T22:43:59Z [2,717ms] [Error] [carb] Failed to create change watch for `/home/accelerator/miniforge3/envs/env_isaaclab/lib/python3.11/site-packages/isaacsim/extscache/omni.rtx.window.settings-0.6.19+69cbf6ad.lx64.r.cp311/omni/rtx/window/settings`: errno=28/No space left on device
2026-05-23T22:43:59Z [2,717ms] [Error] [carb] Failed to create change watch for `/home/accelerator/miniforge3/envs/env_isaaclab/lib/python3.11/site-packages/isaacsim/extscache/omni.rtx.window.settings-0.6.19+69cbf6ad.lx64.r.cp311/omni/rtx/window/settings/tests`: errno=28/No space left on device
2026-05-23T22:43:59Z [2,724ms] [Error] [carb] Failed to create change watch for `/home/accelerator/miniforge3/envs/env_isaaclab/lib/python3.11/site-packages/isaacsim/extscache/omni.kit.window.status_bar-0.1.9+69cbf6ad.lx64.r.cp311`: errno=28/No space left on device
2026-05-23T22:43:59Z [2,724ms] [Error] [carb] Failed to create change watch for `/home/accelerator/miniforge3/envs/env_isaaclab/lib/python3.11/site-packages/isaacsim/extscache/omni.kit.window.status_bar-0.1.9+69cbf6ad.lx64.r.cp311/config`: errno=28/No space left on device
[2.733s] [ext: omni.kit.window.toolbar-2.0.0] startup
2026-05-23T22:43:59Z [2,724ms] [Error] [carb] Failed to create change watch for `/home/accelerator/miniforge3/envs/env_isaaclab/lib/python3.11/site-packages/isaacsim/extscache/omni.kit.window.status_bar-0.1.9+69cbf6ad.lx64.r.cp311/omni`: errno=28/No space left on device
2026-05-23T22:43:59Z [2,724ms] [Error] [carb] Failed to create change watch for `/home/accelerator/miniforge3/envs/env_isaaclab/lib/python3.11/site-packages/isaacsim/extscache/omni.kit.window.status_bar-0.1.9+69cbf6ad.lx64.r.cp311/omni/kit`: errno=28/No space left on device
2026-05-23T22:43:59Z [2,724ms] [Error] [carb] Failed to create change watch for `/home/accelerator/miniforge3/envs/env_isaaclab/lib/python3.11/site-packages/isaacsim/extscache/omni.kit.window.status_bar-0.1.9+69cbf6ad.lx64.r.cp311/omni/kit/window`: errno=28/No space left on device
2026-05-23T22:43:59Z [2,724ms] [Error] [carb] Failed to create change watch for `/home/accelerator/miniforge3/envs/env_isaaclab/lib/python3.11/site-packages/isaacsim/extscache/omni.kit.window.status_bar-0.1.9+69cbf6ad.lx64.r.cp311/omni/kit/window/status_bar`: errno=28/No space left on device
2026-05-23T22:43:59Z [2,724ms] [Error] [carb] Failed to create change watch for `/home/accelerator/miniforge3/envs/env_isaaclab/lib/python3.11/site-packages/isaacsim/extscache/omni.kit.window.status_bar-0.1.9+69cbf6ad.lx64.r.cp311/omni/kit/window/status_bar/tests`: errno=28/No space left on device
2026-05-23T22:43:59Z [2,726ms] [Error] [carb] Failed to create change watch for `/home/accelerator/miniforge3/envs/env_isaaclab/lib/python3.11/site-packages/isaacsim/extscache/omni.kit.window.toolbar-2.0.0+69cbf6ad`: errno=28/No space left on device
2026-05-23T22:43:59Z [2,726ms] [Error] [carb] Failed to create change watch for `/home/accelerator/miniforge3/envs/env_isaaclab/lib/python3.11/site-packages/isaacsim/extscache/omni.kit.window.toolbar-2.0.0+69cbf6ad/config`: errno=28/No space left on device
2026-05-23T22:43:59Z [2,726ms] [Error] [carb] Failed to create change watch for `/home/accelerator/miniforge3/envs/env_isaaclab/lib/python3.11/site-packages/isaacsim/extscache/omni.kit.window.toolbar-2.0.0+69cbf6ad/omni`: errno=28/No space left on device
[2.735s] [ext: omni.replicator.isaac-2.0.8] startup
2026-05-23T22:43:59Z [2,726ms] [Error] [carb] Failed to create change watch for `/home/accelerator/miniforge3/envs/env_isaaclab/lib/python3.11/site-packages/isaacsim/extscache/omni.kit.window.toolbar-2.0.0+69cbf6ad/omni/kit`: errno=28/No space left on device
2026-05-23T22:43:59Z [2,726ms] [Error] [carb] Failed to create change watch for `/home/accelerator/miniforge3/envs/env_isaaclab/lib/python3.11/site-packages/isaacsim/extscache/omni.kit.window.toolbar-2.0.0+69cbf6ad/omni/kit/window`: errno=28/No space left on device
2026-05-23T22:43:59Z [2,726ms] [Error] [carb] Failed to create change watch for `/home/accelerator/miniforge3/envs/env_isaaclab/lib/python3.11/site-packages/isaacsim/extscache/omni.kit.window.toolbar-2.0.0+69cbf6ad/omni/kit/window/toolbar`: errno=28/No space left on device
2026-05-23T22:43:59Z [2,726ms] [Error] [carb] Failed to create change watch for `/home/accelerator/miniforge3/envs/env_isaaclab/lib/python3.11/site-packages/isaacsim/extscache/omni.kit.window.toolbar-2.0.0+69cbf6ad/omni/kit/window/toolbar/builtin_tools`: errno=28/No space left on device
2026-05-23T22:43:59Z [2,726ms] [Error] [carb] Failed to create change watch for `/home/accelerator/miniforge3/envs/env_isaaclab/lib/python3.11/site-packages/isaacsim/extscache/omni.kit.window.toolbar-2.0.0+69cbf6ad/omni/kit/window/toolbar/builtin_tools/models`: errno=28/No space left on device
2026-05-23T22:43:59Z [2,726ms] [Error] [carb] Failed to create change watch for `/home/accelerator/miniforge3/envs/env_isaaclab/lib/python3.11/site-packages/isaacsim/extscache/omni.kit.window.toolbar-2.0.0+69cbf6ad/omni/kit/window/toolbar/tests`: errno=28/No space left on device
2026-05-23T22:43:59Z [2,727ms] [Warning] [omni.replicator.isaac] omni.replicator.isaac has been deprecated in favor of isaacsim.replicator.domain_randomization, isaacsim.replicator.examples, isaacsim.replicator.writers. Please update your code accordingly.
2026-05-23T22:43:59Z [2,727ms] [Error] [carb] Failed to create change watch for `/home/accelerator/miniforge3/envs/env_isaaclab/lib/python3.11/site-packages/isaacsim/extsDeprecated/omni.replicator.isaac`: errno=28/No space left on device
2026-05-23T22:43:59Z [2,727ms] [Error] [carb] Failed to create change watch for `/home/accelerator/miniforge3/envs/env_isaaclab/lib/python3.11/site-packages/isaacsim/extsDeprecated/omni.replicator.isaac/config`: errno=28/No space left on device
2026-05-23T22:43:59Z [2,727ms] [Error] [carb] Failed to create change watch for `/home/accelerator/miniforge3/envs/env_isaaclab/lib/python3.11/site-packages/isaacsim/extsDeprecated/omni.replicator.isaac/omni`: errno=28/No space left on device
2026-05-23T22:43:59Z [2,727ms] [Error] [carb] Failed to create change watch for `/home/accelerator/miniforge3/envs/env_isaaclab/lib/python3.11/site-packages/isaacsim/extsDeprecated/omni.replicator.isaac/omni/replicator`: errno=28/No space left on device
2026-05-23T22:43:59Z [2,727ms] [Error] [carb] Failed to create change watch for `/home/accelerator/miniforge3/envs/env_isaaclab/lib/python3.11/site-packages/isaacsim/extsDeprecated/omni.replicator.isaac/omni/replicator/isaac`: errno=28/No space left on device
2026-05-23T22:43:59Z [2,727ms] [Error] [carb] Failed to create change watch for `/home/accelerator/miniforge3/envs/env_isaaclab/lib/python3.11/site-packages/isaacsim/extsDeprecated/omni.replicator.isaac/omni/replicator/isaac/scripts`: errno=28/No space left on device
2026-05-23T22:43:59Z [2,727ms] [Error] [carb] Failed to create change watch for `/home/accelerator/miniforge3/envs/env_isaaclab/lib/python3.11/site-packages/isaacsim/extsDeprecated/omni.replicator.isaac/omni/replicator/isaac/scripts/writers`: errno=28/No space left on device
2026-05-23T22:43:59Z [2,727ms] [Error] [carb] Failed to create change watch for `/home/accelerator/miniforge3/envs/env_isaaclab/lib/python3.11/site-packages/isaacsim/extsDeprecated/omni.replicator.isaac/omni/replicator/isaac/tests`: errno=28/No space left on device
[2.737s] [ext: omni.replicator.replicator_yaml-2.0.11] startup
2026-05-23T22:43:59Z [2,736ms] [Error] [carb] Failed to create change watch for `/home/accelerator/miniforge3/envs/env_isaaclab/lib/python3.11/site-packages/isaacsim/extscache/omni.replicator.replicator_yaml-2.0.11+107.3.3.lx64`: errno=28/No space left on device
2026-05-23T22:43:59Z [2,736ms] [Error] [carb] Failed to create change watch for `/home/accelerator/miniforge3/envs/env_isaaclab/lib/python3.11/site-packages/isaacsim/extscache/omni.replicator.replicator_yaml-2.0.11+107.3.3.lx64/config`: errno=28/No space left on device
[2.745s] [ext: omni.rtx.settings.core-0.6.5] startup
2026-05-23T22:43:59Z [2,736ms] [Error] [carb] Failed to create change watch for `/home/accelerator/miniforge3/envs/env_isaaclab/lib/python3.11/site-packages/isaacsim/extscache/omni.replicator.replicator_yaml-2.0.11+107.3.3.lx64/omni`: errno=28/No space left on device
2026-05-23T22:43:59Z [2,736ms] [Error] [carb] Failed to create change watch for `/home/accelerator/miniforge3/envs/env_isaaclab/lib/python3.11/site-packages/isaacsim/extscache/omni.replicator.replicator_yaml-2.0.11+107.3.3.lx64/omni/replicator`: errno=28/No space left on device
2026-05-23T22:43:59Z [2,736ms] [Error] [carb] Failed to create change watch for `/home/accelerator/miniforge3/envs/env_isaaclab/lib/python3.11/site-packages/isaacsim/extscache/omni.replicator.replicator_yaml-2.0.11+107.3.3.lx64/omni/replicator/replicator_yaml`: errno=28/No space left on device
2026-05-23T22:43:59Z [2,736ms] [Error] [carb] Failed to create change watch for `/home/accelerator/miniforge3/envs/env_isaaclab/lib/python3.11/site-packages/isaacsim/extscache/omni.replicator.replicator_yaml-2.0.11+107.3.3.lx64/omni/replicator/replicator_yaml/bindings`: errno=28/No space left on device
2026-05-23T22:43:59Z [2,736ms] [Error] [carb] Failed to create change watch for `/home/accelerator/miniforge3/envs/env_isaaclab/lib/python3.11/site-packages/isaacsim/extscache/omni.replicator.replicator_yaml-2.0.11+107.3.3.lx64/omni/replicator/replicator_yaml/scripts`: errno=28/No space left on device
2026-05-23T22:43:59Z [2,736ms] [Error] [carb] Failed to create change watch for `/home/accelerator/miniforge3/envs/env_isaaclab/lib/python3.11/site-packages/isaacsim/extscache/omni.replicator.replicator_yaml-2.0.11+107.3.3.lx64/omni/replicator/replicator_yaml/scripts/data`: errno=28/No space left on device
2026-05-23T22:43:59Z [2,736ms] [Error] [carb] Failed to create change watch for `/home/accelerator/miniforge3/envs/env_isaaclab/lib/python3.11/site-packages/isaacsim/extscache/omni.replicator.replicator_yaml-2.0.11+107.3.3.lx64/omni/replicator/replicator_yaml/scripts/data/parameters`: errno=28/No space left on device
2026-05-23T22:43:59Z [2,737ms] [Error] [carb] Failed to create change watch for `/home/accelerator/miniforge3/envs/env_isaaclab/lib/python3.11/site-packages/isaacsim/extscache/omni.replicator.replicator_yaml-2.0.11+107.3.3.lx64/omni/replicator/replicator_yaml/scripts/data/parameters/profiles`: errno=28/No space left on device
2026-05-23T22:43:59Z [2,737ms] [Error] [carb] Failed to create change watch for `/home/accelerator/miniforge3/envs/env_isaaclab/lib/python3.11/site-packages/isaacsim/extscache/omni.replicator.replicator_yaml-2.0.11+107.3.3.lx64/omni/replicator/replicator_yaml/scripts/data/assets`: errno=28/No space left on device
2026-05-23T22:43:59Z [2,737ms] [Error] [carb] Failed to create change watch for `/home/accelerator/miniforge3/envs/env_isaaclab/lib/python3.11/site-packages/isaacsim/extscache/omni.replicator.replicator_yaml-2.0.11+107.3.3.lx64/omni/replicator/replicator_yaml/scripts/data/assets/models`: errno=28/No space left on device
2026-05-23T22:43:59Z [2,737ms] [Error] [carb] Failed to create change watch for `/home/accelerator/miniforge3/envs/env_isaaclab/lib/python3.11/site-packages/isaacsim/extscache/omni.replicator.replicator_yaml-2.0.11+107.3.3.lx64/omni/replicator/replicator_yaml/scripts/data/assets/textures`: errno=28/No space left on device
2026-05-23T22:43:59Z [2,737ms] [Error] [carb] Failed to create change watch for `/home/accelerator/miniforge3/envs/env_isaaclab/lib/python3.11/site-packages/isaacsim/extscache/omni.replicator.replicator_yaml-2.0.11+107.3.3.lx64/omni/replicator/replicator_yaml/impl`: errno=28/No space left on device
2026-05-23T22:43:59Z [2,737ms] [Error] [carb] Failed to create change watch for `/home/accelerator/miniforge3/envs/env_isaaclab/lib/python3.11/site-packages/isaacsim/extscache/omni.replicator.replicator_yaml-2.0.11+107.3.3.lx64/omni/replicator/replicator_yaml/impl/nodes`: errno=28/No space left on device
2026-05-23T22:43:59Z [2,737ms] [Error] [carb] Failed to create change watch for `/home/accelerator/miniforge3/envs/env_isaaclab/lib/python3.11/site-packages/isaacsim/extscache/omni.replicator.replicator_yaml-2.0.11+107.3.3.lx64/omni/replicator/replicator_yaml/ogn`: errno=28/No space left on device
2026-05-23T22:43:59Z [2,737ms] [Error] [carb] Failed to create change watch for `/home/accelerator/miniforge3/envs/env_isaaclab/lib/python3.11/site-packages/isaacsim/extscache/omni.replicator.replicator_yaml-2.0.11+107.3.3.lx64/omni/replicator/replicator_yaml/ogn/python`: errno=28/No space left on device
2026-05-23T22:43:59Z [2,737ms] [Error] [carb] Failed to create change watch for `/home/accelerator/miniforge3/envs/env_isaaclab/lib/python3.11/site-packages/isaacsim/extscache/omni.replicator.replicator_yaml-2.0.11+107.3.3.lx64/omni/replicator/replicator_yaml/ogn/python/impl`: errno=28/No space left on device
2026-05-23T22:43:59Z [2,737ms] [Error] [carb] Failed to create change watch for `/home/accelerator/miniforge3/envs/env_isaaclab/lib/python3.11/site-packages/isaacsim/extscache/omni.replicator.replicator_yaml-2.0.11+107.3.3.lx64/omni/replicator/replicator_yaml/ogn/python/impl/nodes`: errno=28/No space left on device
2026-05-23T22:43:59Z [2,737ms] [Error] [carb] Failed to create change watch for `/home/accelerator/miniforge3/envs/env_isaaclab/lib/python3.11/site-packages/isaacsim/extscache/omni.replicator.replicator_yaml-2.0.11+107.3.3.lx64/omni/replicator/replicator_yaml/ogn/tests`: errno=28/No space left on device
2026-05-23T22:43:59Z [2,737ms] [Error] [carb] Failed to create change watch for `/home/accelerator/miniforge3/envs/env_isaaclab/lib/python3.11/site-packages/isaacsim/extscache/omni.replicator.replicator_yaml-2.0.11+107.3.3.lx64/omni/replicator/replicator_yaml/ogn/tests/usd`: errno=28/No space left on device
2026-05-23T22:43:59Z [2,737ms] [Error] [carb] Failed to create change watch for `/home/accelerator/miniforge3/envs/env_isaaclab/lib/python3.11/site-packages/isaacsim/extscache/omni.replicator.replicator_yaml-2.0.11+107.3.3.lx64/omni/replicator/replicator_yaml/tests`: errno=28/No space left on device
2026-05-23T22:43:59Z [2,737ms] [Error] [carb] Failed to create change watch for `/home/accelerator/miniforge3/envs/env_isaaclab/lib/python3.11/site-packages/isaacsim/extscache/omni.replicator.replicator_yaml-2.0.11+107.3.3.lx64/omni/replicator/replicator_yaml/tests/data`: errno=28/No space left on device
2026-05-23T22:43:59Z [2,737ms] [Error] [carb] Failed to create change watch for `/home/accelerator/miniforge3/envs/env_isaaclab/lib/python3.11/site-packages/isaacsim/extscache/omni.replicator.replicator_yaml-2.0.11+107.3.3.lx64/omni/replicator/replicator_yaml/tests/data/textures`: errno=28/No space left on device
2026-05-23T22:43:59Z [2,737ms] [Error] [carb] Failed to create change watch for `/home/accelerator/miniforge3/envs/env_isaaclab/lib/python3.11/site-packages/isaacsim/extscache/omni.replicator.replicator_yaml-2.0.11+107.3.3.lx64/omni/replicator/replicator_yaml/tests/data/tutorials`: errno=28/No space left on device
2026-05-23T22:43:59Z [2,737ms] [Error] [carb] Failed to create change watch for `/home/accelerator/miniforge3/envs/env_isaaclab/lib/python3.11/site-packages/isaacsim/extscache/omni.replicator.replicator_yaml-2.0.11+107.3.3.lx64/omni/replicator/replicator_yaml/tests/data/tutorials/randomizerExamples`: errno=28/No space left on device
2026-05-23T22:43:59Z [2,737ms] [Error] [carb] Failed to create change watch for `/home/accelerator/miniforge3/envs/env_isaaclab/lib/python3.11/site-packages/isaacsim/extscache/omni.replicator.replicator_yaml-2.0.11+107.3.3.lx64/omni/replicator/replicator_yaml/tests/data/tutorials/writerExamples`: errno=28/No space left on device
2026-05-23T22:43:59Z [2,737ms] [Error] [carb] Failed to create change watch for `/home/accelerator/miniforge3/envs/env_isaaclab/lib/python3.11/site-packages/isaacsim/extscache/omni.replicator.replicator_yaml-2.0.11+107.3.3.lx64/omni/replicator/replicator_yaml/tests/data/objects`: errno=28/No space left on device
2026-05-23T22:43:59Z [2,739ms] [Error] [carb] Failed to create change watch for `/home/accelerator/miniforge3/envs/env_isaaclab/lib/python3.11/site-packages/isaacsim/extscache/omni.rtx.settings.core-0.6.5+69cbf6ad`: errno=28/No space left on device
2026-05-23T22:43:59Z [2,739ms] [Error] [carb] Failed to create change watch for `/home/accelerator/miniforge3/envs/env_isaaclab/lib/python3.11/site-packages/isaacsim/extscache/omni.rtx.settings.core-0.6.5+69cbf6ad/config`: errno=28/No space left on device
2026-05-23T22:43:59Z [2,740ms] [Error] [carb] Failed to create change watch for `/home/accelerator/miniforge3/envs/env_isaaclab/lib/python3.11/site-packages/isaacsim/extscache/omni.rtx.settings.core-0.6.5+69cbf6ad/omni`: errno=28/No space left on device
2026-05-23T22:43:59Z [2,740ms] [Error] [carb] Failed to create change watch for `/home/accelerator/miniforge3/envs/env_isaaclab/lib/python3.11/site-packages/isaacsim/extscache/omni.rtx.settings.core-0.6.5+69cbf6ad/omni/rtx`: errno=28/No space left on device
2026-05-23T22:43:59Z [2,740ms] [Error] [carb] Failed to create change watch for `/home/accelerator/miniforge3/envs/env_isaaclab/lib/python3.11/site-packages/isaacsim/extscache/omni.rtx.settings.core-0.6.5+69cbf6ad/omni/rtx/settings`: errno=28/No space left on device
2026-05-23T22:43:59Z [2,740ms] [Error] [carb] Failed to create change watch for `/home/accelerator/miniforge3/envs/env_isaaclab/lib/python3.11/site-packages/isaacsim/extscache/omni.rtx.settings.core-0.6.5+69cbf6ad/omni/rtx/settings/core`: errno=28/No space left on device
[2.749s] [ext: omni.usd.metrics.assembler.ui-107.3.1] startup
2026-05-23T22:43:59Z [2,740ms] [Error] [carb] Failed to create change watch for `/home/accelerator/miniforge3/envs/env_isaaclab/lib/python3.11/site-packages/isaacsim/extscache/omni.rtx.settings.core-0.6.5+69cbf6ad/omni/rtx/settings/core/widgets`: errno=28/No space left on device
2026-05-23T22:43:59Z [2,740ms] [Error] [carb] Failed to create change watch for `/home/accelerator/miniforge3/envs/env_isaaclab/lib/python3.11/site-packages/isaacsim/extscache/omni.rtx.settings.core-0.6.5+69cbf6ad/omni/rtx/settings/core/tests`: errno=28/No space left on device
2026-05-23T22:43:59Z [2,745ms] [Error] [carb] Failed to create change watch for `/home/accelerator/miniforge3/envs/env_isaaclab/lib/python3.11/site-packages/isaacsim/extscache/omni.usd.metrics.assembler.ui-107.3.1+107.3.0.cp311.u353`: errno=28/No space left on device
2026-05-23T22:43:59Z [2,745ms] [Error] [carb] Failed to create change watch for `/home/accelerator/miniforge3/envs/env_isaaclab/lib/python3.11/site-packages/isaacsim/extscache/omni.usd.metrics.assembler.ui-107.3.1+107.3.0.cp311.u353/config`: errno=28/No space left on device
[2.754s] [ext: omni.isaac.utils-2.0.6] startup
2026-05-23T22:43:59Z [2,745ms] [Error] [carb] Failed to create change watch for `/home/accelerator/miniforge3/envs/env_isaaclab/lib/python3.11/site-packages/isaacsim/extscache/omni.usd.metrics.assembler.ui-107.3.1+107.3.0.cp311.u353/omni`: errno=28/No space left on device
2026-05-23T22:43:59Z [2,746ms] [Error] [carb] Failed to create change watch for `/home/accelerator/miniforge3/envs/env_isaaclab/lib/python3.11/site-packages/isaacsim/extscache/omni.usd.metrics.assembler.ui-107.3.1+107.3.0.cp311.u353/omni/metrics`: errno=28/No space left on device
2026-05-23T22:43:59Z [2,746ms] [Error] [carb] Failed to create change watch for `/home/accelerator/miniforge3/envs/env_isaaclab/lib/python3.11/site-packages/isaacsim/extscache/omni.usd.metrics.assembler.ui-107.3.1+107.3.0.cp311.u353/omni/metrics/assembler`: errno=28/No space left on device
2026-05-23T22:43:59Z [2,746ms] [Error] [carb] Failed to create change watch for `/home/accelerator/miniforge3/envs/env_isaaclab/lib/python3.11/site-packages/isaacsim/extscache/omni.usd.metrics.assembler.ui-107.3.1+107.3.0.cp311.u353/omni/metrics/assembler/ui`: errno=28/No space left on device
2026-05-23T22:43:59Z [2,746ms] [Error] [carb] Failed to create change watch for `/home/accelerator/miniforge3/envs/env_isaaclab/lib/python3.11/site-packages/isaacsim/extscache/omni.usd.metrics.assembler.ui-107.3.1+107.3.0.cp311.u353/omni/metrics/assembler/ui/tests`: errno=28/No space left on device
2026-05-23T22:43:59Z [2,746ms] [Error] [carb] Failed to create change watch for `/home/accelerator/miniforge3/envs/env_isaaclab/lib/python3.11/site-packages/isaacsim/extsDeprecated/omni.isaac.utils`: errno=28/No space left on device
2026-05-23T22:43:59Z [2,746ms] [Error] [carb] Failed to create change watch for `/home/accelerator/miniforge3/envs/env_isaaclab/lib/python3.11/site-packages/isaacsim/extsDeprecated/omni.isaac.utils/config`: errno=28/No space left on device
[2.755s] [ext: semantics.schema.editor-2.0.2] startup
2026-05-23T22:43:59Z [2,746ms] [Error] [carb] Failed to create change watch for `/home/accelerator/miniforge3/envs/env_isaaclab/lib/python3.11/site-packages/isaacsim/extsDeprecated/omni.isaac.utils/omni`: errno=28/No space left on device
2026-05-23T22:43:59Z [2,746ms] [Error] [carb] Failed to create change watch for `/home/accelerator/miniforge3/envs/env_isaaclab/lib/python3.11/site-packages/isaacsim/extsDeprecated/omni.isaac.utils/omni/isaac`: errno=28/No space left on device
2026-05-23T22:43:59Z [2,746ms] [Error] [carb] Failed to create change watch for `/home/accelerator/miniforge3/envs/env_isaaclab/lib/python3.11/site-packages/isaacsim/extsDeprecated/omni.isaac.utils/omni/isaac/utils`: errno=28/No space left on device
2026-05-23T22:43:59Z [2,746ms] [Error] [carb] Failed to create change watch for `/home/accelerator/miniforge3/envs/env_isaaclab/lib/python3.11/site-packages/isaacsim/extsDeprecated/omni.isaac.utils/omni/isaac/utils/scripts`: errno=28/No space left on device
2026-05-23T22:43:59Z [2,746ms] [Error] [carb] Failed to create change watch for `/home/accelerator/miniforge3/envs/env_isaaclab/lib/python3.11/site-packages/isaacsim/extsDeprecated/omni.isaac.utils/omni/isaac/utils/tests`: errno=28/No space left on device
2026-05-23T22:43:59Z [2,749ms] [Error] [carb] Failed to create change watch for `/home/accelerator/miniforge3/envs/env_isaaclab/lib/python3.11/site-packages/isaacsim/extscache/semantics.schema.editor-2.0.2`: errno=28/No space left on device
2026-05-23T22:43:59Z [2,749ms] [Error] [carb] Failed to create change watch for `/home/accelerator/miniforge3/envs/env_isaaclab/lib/python3.11/site-packages/isaacsim/extscache/semantics.schema.editor-2.0.2/config`: errno=28/No space left on device
[2.758s] [ext: omni.kit.ui.actions-1.0.5] startup
2026-05-23T22:43:59Z [2,749ms] [Error] [carb] Failed to create change watch for `/home/accelerator/miniforge3/envs/env_isaaclab/lib/python3.11/site-packages/isaacsim/extscache/semantics.schema.editor-2.0.2/semantics`: errno=28/No space left on device
2026-05-23T22:43:59Z [2,749ms] [Error] [carb] Failed to create change watch for `/home/accelerator/miniforge3/envs/env_isaaclab/lib/python3.11/site-packages/isaacsim/extscache/semantics.schema.editor-2.0.2/semantics/schema`: errno=28/No space left on device
2026-05-23T22:43:59Z [2,749ms] [Error] [carb] Failed to create change watch for `/home/accelerator/miniforge3/envs/env_isaaclab/lib/python3.11/site-packages/isaacsim/extscache/semantics.schema.editor-2.0.2/semantics/schema/editor`: errno=28/No space left on device
2026-05-23T22:43:59Z [2,749ms] [Error] [carb] Failed to create change watch for `/home/accelerator/miniforge3/envs/env_isaaclab/lib/python3.11/site-packages/isaacsim/extscache/semantics.schema.editor-2.0.2/semantics/schema/editor/tests`: errno=28/No space left on device
2026-05-23T22:43:59Z [2,749ms] [Error] [carb] Failed to create change watch for `/home/accelerator/miniforge3/envs/env_isaaclab/lib/python3.11/site-packages/isaacsim/extscache/semantics.schema.editor-2.0.2/semantics/schema/editor/tests/data`: errno=28/No space left on device
2026-05-23T22:43:59Z [2,750ms] [Error] [carb] Failed to create change watch for `/home/accelerator/miniforge3/envs/env_isaaclab/lib/python3.11/site-packages/isaacsim/extscache/omni.kit.ui.actions-1.0.5+69cbf6ad`: errno=28/No space left on device
2026-05-23T22:43:59Z [2,750ms] [Error] [carb] Failed to create change watch for `/home/accelerator/miniforge3/envs/env_isaaclab/lib/python3.11/site-packages/isaacsim/extscache/omni.kit.ui.actions-1.0.5+69cbf6ad/config`: errno=28/No space left on device
2026-05-23T22:43:59Z [2,750ms] [Error] [carb] Failed to create change watch for `/home/accelerator/miniforge3/envs/env_isaaclab/lib/python3.11/site-packages/isaacsim/extscache/omni.kit.ui.actions-1.0.5+69cbf6ad/omni`: errno=28/No space left on device
[2.759s] [ext: semantics.schema.property-2.0.1] startup
2026-05-23T22:43:59Z [2,750ms] [Error] [carb] Failed to create change watch for `/home/accelerator/miniforge3/envs/env_isaaclab/lib/python3.11/site-packages/isaacsim/extscache/omni.kit.ui.actions-1.0.5+69cbf6ad/omni/kit`: errno=28/No space left on device
2026-05-23T22:43:59Z [2,750ms] [Error] [carb] Failed to create change watch for `/home/accelerator/miniforge3/envs/env_isaaclab/lib/python3.11/site-packages/isaacsim/extscache/omni.kit.ui.actions-1.0.5+69cbf6ad/omni/kit/ui`: errno=28/No space left on device
2026-05-23T22:43:59Z [2,750ms] [Error] [carb] Failed to create change watch for `/home/accelerator/miniforge3/envs/env_isaaclab/lib/python3.11/site-packages/isaacsim/extscache/omni.kit.ui.actions-1.0.5+69cbf6ad/omni/kit/ui/actions`: errno=28/No space left on device
2026-05-23T22:43:59Z [2,750ms] [Error] [carb] Failed to create change watch for `/home/accelerator/miniforge3/envs/env_isaaclab/lib/python3.11/site-packages/isaacsim/extscache/omni.kit.ui.actions-1.0.5+69cbf6ad/omni/kit/ui/actions/tests`: errno=28/No space left on device
2026-05-23T22:43:59Z [2,751ms] [Error] [carb] Failed to create change watch for `/home/accelerator/miniforge3/envs/env_isaaclab/lib/python3.11/site-packages/isaacsim/extscache/semantics.schema.property-2.0.1`: errno=28/No space left on device
[2.760s] [ext: omni.isaac.version-2.0.7] startup
2026-05-23T22:43:59Z [2,751ms] [Error] [carb] Failed to create change watch for `/home/accelerator/miniforge3/envs/env_isaaclab/lib/python3.11/site-packages/isaacsim/extscache/semantics.schema.property-2.0.1/config`: errno=28/No space left on device
2026-05-23T22:43:59Z [2,751ms] [Error] [carb] Failed to create change watch for `/home/accelerator/miniforge3/envs/env_isaaclab/lib/python3.11/site-packages/isaacsim/extscache/semantics.schema.property-2.0.1/semantics`: errno=28/No space left on device
2026-05-23T22:43:59Z [2,751ms] [Error] [carb] Failed to create change watch for `/home/accelerator/miniforge3/envs/env_isaaclab/lib/python3.11/site-packages/isaacsim/extscache/semantics.schema.property-2.0.1/semantics/schema`: errno=28/No space left on device
2026-05-23T22:43:59Z [2,751ms] [Error] [carb] Failed to create change watch for `/home/accelerator/miniforge3/envs/env_isaaclab/lib/python3.11/site-packages/isaacsim/extscache/semantics.schema.property-2.0.1/semantics/schema/property`: errno=28/No space left on device
2026-05-23T22:43:59Z [2,751ms] [Error] [carb] Failed to create change watch for `/home/accelerator/miniforge3/envs/env_isaaclab/lib/python3.11/site-packages/isaacsim/extscache/semantics.schema.property-2.0.1/semantics/schema/property/tests`: errno=28/No space left on device
2026-05-23T22:43:59Z [2,751ms] [Warning] [omni.isaac.version] omni.isaac.version has been deprecated in favor of isaacsim.core.version. Please update your code accordingly.
2026-05-23T22:43:59Z [2,751ms] [Error] [carb] Failed to create change watch for `/home/accelerator/miniforge3/envs/env_isaaclab/lib/python3.11/site-packages/isaacsim/extsDeprecated/omni.isaac.version`: errno=28/No space left on device
2026-05-23T22:43:59Z [2,751ms] [Error] [carb] Failed to create change watch for `/home/accelerator/miniforge3/envs/env_isaaclab/lib/python3.11/site-packages/isaacsim/extsDeprecated/omni.isaac.version/config`: errno=28/No space left on device
[2.761s] [ext: omni.isaac.cortex-1.0.5] startup
2026-05-23T22:43:59Z [2,752ms] [Error] [carb] Failed to create change watch for `/home/accelerator/miniforge3/envs/env_isaaclab/lib/python3.11/site-packages/isaacsim/extsDeprecated/omni.isaac.version/omni`: errno=28/No space left on device
2026-05-23T22:43:59Z [2,752ms] [Error] [carb] Failed to create change watch for `/home/accelerator/miniforge3/envs/env_isaaclab/lib/python3.11/site-packages/isaacsim/extsDeprecated/omni.isaac.version/omni/isaac`: errno=28/No space left on device
2026-05-23T22:43:59Z [2,752ms] [Error] [carb] Failed to create change watch for `/home/accelerator/miniforge3/envs/env_isaaclab/lib/python3.11/site-packages/isaacsim/extsDeprecated/omni.isaac.version/omni/isaac/version`: errno=28/No space left on device
2026-05-23T22:43:59Z [2,752ms] [Error] [carb] Failed to create change watch for `/home/accelerator/miniforge3/envs/env_isaaclab/lib/python3.11/site-packages/isaacsim/extsDeprecated/omni.isaac.version/omni/isaac/version/tests`: errno=28/No space left on device
2026-05-23T22:43:59Z [2,752ms] [Error] [carb] Failed to create change watch for `/home/accelerator/miniforge3/envs/env_isaaclab/lib/python3.11/site-packages/isaacsim/extsDeprecated/omni.isaac.cortex`: errno=28/No space left on device
2026-05-23T22:43:59Z [2,752ms] [Error] [carb] Failed to create change watch for `/home/accelerator/miniforge3/envs/env_isaaclab/lib/python3.11/site-packages/isaacsim/extsDeprecated/omni.isaac.cortex/config`: errno=28/No space left on device
[2.761s] [ext: omni.anim.curve.core-1.3.1] startup
2026-05-23T22:43:59Z [2,752ms] [Error] [carb] Failed to create change watch for `/home/accelerator/miniforge3/envs/env_isaaclab/lib/python3.11/site-packages/isaacsim/extsDeprecated/omni.isaac.cortex/omni`: errno=28/No space left on device
2026-05-23T22:43:59Z [2,752ms] [Error] [carb] Failed to create change watch for `/home/accelerator/miniforge3/envs/env_isaaclab/lib/python3.11/site-packages/isaacsim/extsDeprecated/omni.isaac.cortex/omni/isaac`: errno=28/No space left on device
2026-05-23T22:43:59Z [2,752ms] [Error] [carb] Failed to create change watch for `/home/accelerator/miniforge3/envs/env_isaaclab/lib/python3.11/site-packages/isaacsim/extsDeprecated/omni.isaac.cortex/omni/isaac/cortex`: errno=28/No space left on device
2026-05-23T22:43:59Z [2,757ms] [Error] [carb] Failed to create change watch for `/home/accelerator/miniforge3/envs/env_isaaclab/lib/python3.11/site-packages/isaacsim/extscache/omni.anim.curve.core-1.3.1+107.2.0.lx64.r.cp311.u353`: errno=28/No space left on device
2026-05-23T22:43:59Z [2,757ms] [Error] [carb] Failed to create change watch for `/home/accelerator/miniforge3/envs/env_isaaclab/lib/python3.11/site-packages/isaacsim/extscache/omni.anim.curve.core-1.3.1+107.2.0.lx64.r.cp311.u353/config`: errno=28/No space left on device
[2.766s] [ext: isaacsim.core.throttling-2.2.2] startup
2026-05-23T22:43:59Z [2,757ms] [Error] [carb] Failed to create change watch for `/home/accelerator/miniforge3/envs/env_isaaclab/lib/python3.11/site-packages/isaacsim/extscache/omni.anim.curve.core-1.3.1+107.2.0.lx64.r.cp311.u353/omni`: errno=28/No space left on device
2026-05-23T22:43:59Z [2,757ms] [Error] [carb] Failed to create change watch for `/home/accelerator/miniforge3/envs/env_isaaclab/lib/python3.11/site-packages/isaacsim/extscache/omni.anim.curve.core-1.3.1+107.2.0.lx64.r.cp311.u353/omni/anim`: errno=28/No space left on device
2026-05-23T22:43:59Z [2,757ms] [Error] [carb] Failed to create change watch for `/home/accelerator/miniforge3/envs/env_isaaclab/lib/python3.11/site-packages/isaacsim/extscache/omni.anim.curve.core-1.3.1+107.2.0.lx64.r.cp311.u353/omni/anim/curve`: errno=28/No space left on device
2026-05-23T22:43:59Z [2,757ms] [Error] [carb] Failed to create change watch for `/home/accelerator/miniforge3/envs/env_isaaclab/lib/python3.11/site-packages/isaacsim/extscache/omni.anim.curve.core-1.3.1+107.2.0.lx64.r.cp311.u353/omni/anim/curve/core`: errno=28/No space left on device
2026-05-23T22:43:59Z [2,757ms] [Error] [carb] Failed to create change watch for `/home/accelerator/miniforge3/envs/env_isaaclab/lib/python3.11/site-packages/isaacsim/extscache/omni.anim.curve.core-1.3.1+107.2.0.lx64.r.cp311.u353/omni/anim/curve/core/bindings`: errno=28/No space left on device
2026-05-23T22:43:59Z [2,757ms] [Error] [carb] Failed to create change watch for `/home/accelerator/miniforge3/envs/env_isaaclab/lib/python3.11/site-packages/isaacsim/extscache/omni.anim.curve.core-1.3.1+107.2.0.lx64.r.cp311.u353/omni/anim/curve/core/scripts`: errno=28/No space left on device
2026-05-23T22:43:59Z [2,757ms] [Error] [carb] Failed to create change watch for `/home/accelerator/miniforge3/envs/env_isaaclab/lib/python3.11/site-packages/isaacsim/extscache/omni.anim.curve.core-1.3.1+107.2.0.lx64.r.cp311.u353/omni/anim/curve/core/ogn`: errno=28/No space left on device
2026-05-23T22:43:59Z [2,757ms] [Error] [carb] Failed to create change watch for `/home/accelerator/miniforge3/envs/env_isaaclab/lib/python3.11/site-packages/isaacsim/extscache/omni.anim.curve.core-1.3.1+107.2.0.lx64.r.cp311.u353/omni/anim/curve/core/ogn/tests`: errno=28/No space left on device
2026-05-23T22:43:59Z [2,757ms] [Error] [carb] Failed to create change watch for `/home/accelerator/miniforge3/envs/env_isaaclab/lib/python3.11/site-packages/isaacsim/extscache/omni.anim.curve.core-1.3.1+107.2.0.lx64.r.cp311.u353/omni/anim/curve/core/ogn/tests/usd`: errno=28/No space left on device
2026-05-23T22:43:59Z [2,757ms] [Error] [carb] Failed to create change watch for `/home/accelerator/miniforge3/envs/env_isaaclab/lib/python3.11/site-packages/isaacsim/extscache/omni.anim.curve.core-1.3.1+107.2.0.lx64.r.cp311.u353/omni/anim/curve/core/tests`: errno=28/No space left on device
2026-05-23T22:43:59Z [2,758ms] [Error] [carb] Failed to create change watch for `/home/accelerator/miniforge3/envs/env_isaaclab/lib/python3.11/site-packages/isaacsim/exts/isaacsim.core.throttling`: errno=28/No space left on device
2026-05-23T22:43:59Z [2,758ms] [Error] [carb] Failed to create change watch for `/home/accelerator/miniforge3/envs/env_isaaclab/lib/python3.11/site-packages/isaacsim/exts/isaacsim.core.throttling/config`: errno=28/No space left on device
2026-05-23T22:43:59Z [2,758ms] [Error] [carb] Failed to create change watch for `/home/accelerator/miniforge3/envs/env_isaaclab/lib/python3.11/site-packages/isaacsim/exts/isaacsim.core.throttling/isaacsim`: errno=28/No space left on device
[2.767s] [ext: omni.kit.menu.common-2.0.1] startup
2026-05-23T22:43:59Z [2,758ms] [Error] [carb] Failed to create change watch for `/home/accelerator/miniforge3/envs/env_isaaclab/lib/python3.11/site-packages/isaacsim/exts/isaacsim.core.throttling/isaacsim/core`: errno=28/No space left on device
2026-05-23T22:43:59Z [2,758ms] [Error] [carb] Failed to create change watch for `/home/accelerator/miniforge3/envs/env_isaaclab/lib/python3.11/site-packages/isaacsim/exts/isaacsim.core.throttling/isaacsim/core/throttling`: errno=28/No space left on device
2026-05-23T22:43:59Z [2,758ms] [Error] [carb] Failed to create change watch for `/home/accelerator/miniforge3/envs/env_isaaclab/lib/python3.11/site-packages/isaacsim/exts/isaacsim.core.throttling/isaacsim/core/throttling/tests`: errno=28/No space left on device
2026-05-23T22:43:59Z [2,759ms] [Error] [carb] Failed to create change watch for `/home/accelerator/miniforge3/envs/env_isaaclab/lib/python3.11/site-packages/isaacsim/extscache/omni.kit.menu.common-2.0.1+69cbf6ad`: errno=28/No space left on device
2026-05-23T22:43:59Z [2,759ms] [Error] [carb] Failed to create change watch for `/home/accelerator/miniforge3/envs/env_isaaclab/lib/python3.11/site-packages/isaacsim/extscache/omni.kit.menu.common-2.0.1+69cbf6ad/config`: errno=28/No space left on device
2026-05-23T22:43:59Z [2,759ms] [Error] [carb] Failed to create change watch for `/home/accelerator/miniforge3/envs/env_isaaclab/lib/python3.11/site-packages/isaacsim/extscache/omni.kit.menu.common-2.0.1+69cbf6ad/omni`: errno=28/No space left on device
[2.769s] [ext: isaacsim.exp.base-5.1.0] startup
2026-05-23T22:43:59Z [2,759ms] [Error] [carb] Failed to create change watch for `/home/accelerator/miniforge3/envs/env_isaaclab/lib/python3.11/site-packages/isaacsim/extscache/omni.kit.menu.common-2.0.1+69cbf6ad/omni/kit`: errno=28/No space left on device
2026-05-23T22:43:59Z [2,760ms] [Error] [carb] Failed to create change watch for `/home/accelerator/miniforge3/envs/env_isaaclab/lib/python3.11/site-packages/isaacsim/extscache/omni.kit.menu.common-2.0.1+69cbf6ad/omni/kit/menu`: errno=28/No space left on device
2026-05-23T22:43:59Z [2,760ms] [Error] [carb] Failed to create change watch for `/home/accelerator/miniforge3/envs/env_isaaclab/lib/python3.11/site-packages/isaacsim/extscache/omni.kit.menu.common-2.0.1+69cbf6ad/omni/kit/menu/common`: errno=28/No space left on device
2026-05-23T22:43:59Z [2,760ms] [Error] [carb] Failed to create change watch for `/home/accelerator/miniforge3/envs/env_isaaclab/lib/python3.11/site-packages/isaacsim/extscache/omni.kit.menu.common-2.0.1+69cbf6ad/omni/kit/menu/common/tests`: errno=28/No space left on device
[2.769s] [ext: isaacsim.exp.base.python-5.1.0] startup
[2.770s] Simulation App Starting
2026-05-23T22:43:59Z [2,827ms] [Warning] [omni.fabric.plugin] Warning: attribute viewportHandle not found for bucket id 9

[2.855s] app ready
[4.321s] Simulation App Startup Complete
[20200709_143211] object=ycb_dex_05 (mustard_bottle)  loaded 34 steps, gripper onset @ 34
  state[0]:  pos=[ 0.27  -0.217  0.153] quat=[-0.651  0.135  0.733  0.145] grip=0  (axis-swap applied)
  config:    sim_origin_xy=(0.0, 0.3)  robot_pos=[0.543, -0.136, 0.8] robot_ori=[0.0, 0.0, 141.3]  ← auto (from state[0])
2026-05-23T22:44:01Z [4,686ms] [Warning] [isaacsim.core.simulation_manager.impl.simulation_manager] Disabling CCD for GPU dynamics as its not supported
📹 video recording on → tem_replay_video_and_frames/mustard_bottle_ycb_dex_05/iso/frames/  every 2 steps
2026-05-23T22:44:01Z [4,688ms] [Error] [omni.usd.commands.usd_commands] /Replicator/DomeLight_Xform does not exist
2026-05-23T22:44:01Z [4,704ms] [Error] [omni.usd.commands.usd_commands] /World/Table does not exist
2026-05-23T22:44:01Z [4,708ms] [Error] [omni.usd.commands.usd_commands] /World/Franka does not exist
[93m[Lula] Joint 'panda_finger_joint2' is specified as a mimic joint, but its control chain ['panda_finger_joint2' -> 'panda_finger_joint1'] terminates with a joint ['panda_finger_joint1'] that is not a c-space coordinate. Mimic attributes will be ignored.
[0m2026-05-23T22:44:02Z [5,287ms] [Warning] [omni.physx.plugin] Detected an articulation at /World/Franka with more than 4 velocity iterations being added to a TGS scene.The related behavior changed recently, please consult the changelog. This warning will only print once.
2026-05-23T22:44:02Z [5,523ms] [Warning] [omni.hydra] Mesh '/World/Franka/panda_hand/geometry/panda_hand' update topology/point without updating normal, fallback to smooth normal.
[93m[Lula] Joint 'panda_finger_joint2' is specified as a mimic joint, but its control chain ['panda_finger_joint2' -> 'panda_finger_joint1'] terminates with a joint ['panda_finger_joint1'] that is not a c-space coordinate. Mimic attributes will be ignored.
[0m✓ Lula KinematicsSolver ready  (base_W=[0.5433092285042557, -0.1358890147705004, 0.8], ori=[0.0, 0.0, 141.26043995742685]°, ee_frame=panda_hand)
2026-05-23T22:44:03Z [6,189ms] [Error] [omni.usd.commands.usd_commands] /World/Rigid/rigid_0 does not exist
2026-05-23T22:44:03Z [6,189ms] [Error] [omni.usd.commands.usd_commands] /World/Rigid/rigid_1 does not exist
2026-05-23T22:44:03Z [6,189ms] [Error] [omni.usd.commands.usd_commands] /World/Rigid/rigid_2 does not exist
2026-05-23T22:44:03Z [6,189ms] [Error] [omni.usd.commands.usd_commands] /World/Rigid/rigid_3 does not exist
2026-05-23T22:44:03Z [6,189ms] [Error] [omni.usd.commands.usd_commands] /World/Rigid/rigid_4 does not exist
2026-05-23T22:44:03Z [6,189ms] [Error] [omni.usd.commands.usd_commands] /World/Rigid/rigid_5 does not exist
2026-05-23T22:44:03Z [6,189ms] [Error] [omni.usd.commands.usd_commands] /World/Rigid/rigid_6 does not exist
2026-05-23T22:44:03Z [6,189ms] [Error] [omni.usd.commands.usd_commands] /World/Rigid/rigid_7 does not exist
2026-05-23T22:44:03Z [6,189ms] [Error] [omni.usd.commands.usd_commands] /World/Rigid/rigid_8 does not exist
2026-05-23T22:44:03Z [6,189ms] [Error] [omni.usd.commands.usd_commands] /World/Rigid/rigid_9 does not exist
2026-05-23T22:44:03Z [6,189ms] [Error] [omni.usd.commands.usd_commands] /World/Rigid/rigid does not exist
  ⚖️  object mass: 0.603 kg (real YCB mass)
2026-05-23T22:44:03Z [6,207ms] [Warning] [omni.physx.plugin] The rigid body at /World/Rigid/rigid has a possibly invalid inertia tensor of {1.0, 1.0, 1.0} and a negative mass, small sphere approximated inertia was used. Either specify correct values in the mass properties, or add collider(s) to any shape(s) that you wish to automatically compute mass properties for.
  obj placed at G-frame pose: pos=[-0.001  0.302  0.884]  quat_G(wxyz)=[ 0.976 -0.011  0.006  0.218]
Franka home: pos=[0.263 0.083 1.338] quat=[-0.433  0.27   0.845  0.16 ]

🧮 Offline IK — cuRobo GPU solver, out-of-process  (35 frames)
   cuRobo IK: tool=panda_hand num_seeds=1024 return_seeds=1024 self_collision=True tol=(pos 5mm, ori 0.05) seed=off
      solved 35/35 frames   IK pos-err: mean 0.0mm  final 0.0mm   chain max joint-step = 4°   (accuracy-DP)
   [curobo_ik --solve] 35/35 frames → /tmp/cik_1633093_out.npz
   IK success — Traj: 34/34 (100%)
   [trajectory] joint-step max: |Δ|_∞=0.08rad (4°) on joint4 at frame 3; per-joint max=[3, 4, 3, 4, 0, 1, 4]°

⚡ Re-spawn Franka at IK(state[0]) via set_joints_default_state + world.reset()
   after re-spawn: ee=[0.27  0.083 0.953] dist=0.00cm  quat_err=0.0°
   ✅ Physics material: friction=1.0/0.8
   ✅ Finger friction on panda_leftfinger
   ✅ Finger friction on panda_rightfinger
   object DYNAMIC + collision-ON (1 mesh collider(s)) — settled at pos=[-0.001  0.298  0.884] (placed [-0.001  0.302  0.884])
📹 video recording enabled (frame 0 = Franka in state[0] pose)
2026-05-23T22:44:07Z [10,824ms] [Warning] [carb] Client gpu.foundation.plugin has acquired [gpu::unstable::IMemoryBudgetManagerFactory v0.1] 100 times. Consider accessing this interface with carb::getCachedInterface() (Performance warning)
   object reference at [-0.001  0.298  0.884]

🎬 Replay 34 cached qpos targets (phys_per_action=5)
  t=  0 target=[0.253 0.104 0.956] ee=[0.265 0.1   0.958] track=  12mm
  t= 10 target=[0.121 0.253 0.934] ee=[0.123 0.248 0.959] track=  26mm
  t= 20 target=[0.095 0.278 0.911] ee=[0.095 0.279 0.915] track=   4mm
  t= 30 target=[0.088 0.271 0.923] ee=[0.088 0.272 0.92 ] track=   3mm

🤏 grasp+lift — close gripper, raise EE +15cm over 12 steps
2026-05-23T22:44:12Z [15,893ms] [Warning] [carb] Client omni.renderercapture.plugin has acquired [carb::filesystem::IFileSystem v1.3] 100 times. Consider accessing this interface with carb::getCachedInterface() (Performance warning)
   grasp+lift done — EE [0.086 0.268 0.934] → [0.089 0.274 1.078]  object dz = +11.9cm (GRASPED + LIFTED)

============================================================
=== Gate 3 RESULT (session 20200709_143211, object mustard_bottle) ===
  Offline IK — Traj: 34/34 (100%)
  Initial qpos jump — pos_err=0.00cm  quat_err=0.0°
  Replay unreachable frames (skipped): 0/34
  Replay EE tracking: avg 13mm  max 27mm  p50 12mm
  Final EE vs human grasp pose: track_err=5mm  (replay end, pre-lift)  ← fidelity metric
  Final fingertip-center → object centroid: 2.6cm  (info only; large for tall objects since the human grasps the body, not the centroid)
  Grasp-lift: object dz = +11.9cm  →  GRASPED + LIFTED  (grasp success, separate from fidelity)
  ✅ GATE 3 PASS: sim Franka faithfully replays the retargeted human EE trajectory
[23.853s] Simulation App Shutting Down
